iTOW,velN,velE,velD,speed,gSpeed,heading,sAcc,cAcc
94487000,0,0,0,0,0,0.0,1,57.29578
94487100,0,0,0,0,0,0.0,1,57.29578
94487200,0,0,0,0,0,0.0,1,57.29578
94487300,0,0,0,0,0,0.0,1,57.29578
94487400,0,0,0,0,0,0.0,1,57.29578
94487500,0,0,0,0,0,0.0,1,57.29578
94487600,0,0,0,0,0,0.0,1,57.29578
94487700,0,0,0,0,0,0.0,1,57.29578
94487800,0,0,0,0,0,0.0,1,57.29578
94487900,0,0,0,0,0,0.0,1,57.29578
94488100,0,0,0,0,0,0.0,1,57.29578
94488200,0,0,0,0,0,0.0,1,57.29578
94488300,0,0,0,0,0,0.0,1,57.29578
94488400,0,0,0,0,0,0.0,1,57.29578
94488500,0,0,0,0,0,0.0,1,57.29578
94488600,0,0,0,0,0,0.0,1,57.29578
94488700,0,0,0,0,0,0.0,1,57.29578
94488800,0,0,0,0,0,0.0,1,57.29578
94488900,0,0,0,0,0,0.0,1,57.29578
94489000,0,0,0,0,0,0.0,1,57.29578
94489100,0,0,0,0,0,0.0,1,57.29578
94489200,0,0,0,0,0,0.0,1,57.29578
94489300,0,0,0,0,0,0.0,1,57.29578
94489400,0,0,0,0,0,0.0,1,57.29578
94489500,0,0,0,0,0,0.0,1,57.29578
94489600,0,0,0,0,0,0.0,1,57.29578
94489700,0,0,0,0,0,0.0,1,57.29578
94489800,0,0,0,0,0,0.0,1,57.29578
94489900,0,0,0,0,0,0.0,1,57.29578
94490000,0,0,0,0,0,0.0,1,57.29578
94490100,0,0,0,0,0,0.0,1,57.29578
94490200,0,0,0,0,0,0.0,1,57.29578
94490300,0,0,0,0,0,0.0,1,57.29578
94490400,0,0,0,0,0,0.0,1,57.29578
94490500,0,0,0,0,0,0.0,1,57.29578
94490600,0,0,0,0,0,0.0,1,57.29578
94490700,0,0,0,0,0,0.0,1,57.29578
94490800,0,0,0,0,0,0.0,1,57.29578
94490900,0,0,0,0,0,0.0,1,57.29578
94491000,0,0,0,0,0,0.0,1,57.29578
94491100,0,0,0,0,0,0.0,1,57.29578
94491200,0,0,0,0,0,0.0,1,57.29578
94491300,0,0,0,0,0,0.0,1,57.29578
94491400,0,0,0,0,0,0.0,1,57.29578
94491500,0,0,0,0,0,0.0,1,57.29578
94491600,0,0,0,0,0,0.0,1,57.29578
94491700,0,0,0,0,0,0.0,1,57.29578
94491800,0,0,0,0,0,0.0,1,57.29578
94491900,0,0,0,0,0,0.0,1,57.29578
94492000,0,0,0,0,0,0.0,1,57.29578
94492100,0,0,0,0,0,0.0,1,57.29578
94492200,0,0,0,0,0,0.0,1,57.29578
94492300,0,0,0,0,0,0.0,1,57.29578
94492400,0,0,0,0,0,0.0,1,57.29578
94492500,0,0,0,0,0,0.0,1,57.29578
94492600,0,0,0,0,0,0.0,1,57.29578
94492700,0,0,0,0,0,0.0,1,57.29578
94492800,0,0,0,0,0,0.0,1,57.29578
94492900,0,0,0,0,0,0.0,1,57.29578
94493000,0,0,0,0,0,0.0,1,57.29578
94493100,0,0,0,0,0,0.0,1,57.29578
94493200,0,0,0,0,0,0.0,1,57.29578
94493300,0,0,0,0,0,0.0,1,57.29578
94493400,0,0,0,0,0,0.0,1,57.29578
94493500,0,0,0,0,0,0.0,1,57.29578
94493600,0,0,0,0,0,0.0,1,57.29578
94493700,0,0,0,0,0,0.0,1,57.29578
94493800,0,0,0,0,0,0.0,1,57.29578
94493900,0,0,0,0,0,0.0,1,57.29578
94494000,0,0,0,0,0,0.0,1,57.29578
94494100,0,0,0,0,0,0.0,1,57.29578
94494200,0,0,0,0,0,0.0,1,57.29578
94494300,0,0,0,0,0,0.0,1,57.29578
94494400,0,0,0,0,0,0.0,1,57.29578
94494500,0,0,0,0,0,0.0,1,57.29578
94494600,0,0,0,0,0,0.0,1,57.29578
94494700,0,0,0,0,0,0.0,1,57.29578
94494800,0,0,0,0,0,0.0,1,57.29578
94494900,0,0,0,0,0,0.0,1,57.29578
94495000,0,0,0,0,0,0.0,1,57.29578
94495100,0,0,0,0,0,0.0,1,57.29578
94495200,0,0,0,0,0,0.0,1,57.29578
94495300,0,0,0,0,0,0.0,1,57.29578
94495400,0,0,0,0,0,0.0,1,57.29578
94495500,0,0,0,0,0,0.0,1,57.29578
94495600,0,0,0,0,0,0.0,1,57.29578
94495700,0,0,0,0,0,0.0,1,57.29578
94495800,0,0,0,0,0,0.0,1,57.29578
94495900,0,0,0,0,0,0.0,1,57.29578
94496000,0,0,0,0,0,0.0,1,57.29578
94496100,0,0,0,0,0,0.0,1,57.29578
94496200,0,0,0,0,0,0.0,1,57.29578
94496300,0,0,0,0,0,0.0,1,57.29578
94496400,0,0,0,0,0,0.0,1,57.29578
94496500,0,0,0,0,0,0.0,1,57.29578
94496600,0,0,0,0,0,0.0,1,57.29578
94496700,0,0,0,0,0,0.0,1,57.29578
94496800,0,0,0,0,0,0.0,1,57.29578
94496900,0,0,0,0,0,0.0,1,57.29578
94497000,0,0,0,0,0,0.0,1,57.29578
94497100,0,0,0,0,0,0.0,1,57.29578
94497200,0,0,0,0,0,0.0,1,57.29578
94497300,0,0,0,0,0,0.0,1,57.29578
94497400,0,0,0,0,0,0.0,1,57.29578
94497500,0,0,0,0,0,0.0,1,57.29578
94497600,0,0,0,0,0,0.0,1,57.29578
94497700,0,0,0,0,0,0.0,1,57.29578
94497800,0,0,0,0,0,0.0,1,57.29578
94497900,0,0,0,0,0,0.0,1,57.29578
94498000,0,0,0,0,0,0.0,1,57.29578
94498100,0,0,0,0,0,0.0,1,57.29578
94498200,0,0,0,0,0,0.0,1,57.29578
94498300,0,0,0,0,0,0.0,1,57.29578
94498400,0,0,0,0,0,0.0,1,57.29578
94498500,0,0,0,0,0,0.0,1,57.29578
94498600,0,0,0,0,0,0.0,1,57.29578
94498700,0,0,0,0,0,0.0,1,57.29578
94498800,0,0,0,0,0,0.0,1,57.29578
94498900,0,0,0,0,0,0.0,1,57.29578
94499000,0,0,0,0,0,0.0,1,57.29578
94499100,0,0,0,0,0,0.0,1,57.29578
94499200,0,0,0,0,0,0.0,1,57.29578
94499300,0,0,0,0,0,0.0,1,57.29578
94499400,0,0,0,0,0,0.0,1,57.29578
94499500,0,0,0,0,0,0.0,1,57.29578
94499600,0,0,0,0,0,0.0,1,57.29578
94499700,0,0,0,0,0,0.0,1,57.29578
94499800,0,0,0,0,0,0.0,1,57.29578
94499900,0,0,0,0,0,0.0,1,57.29578
94500000,0,0,0,0,0,0.0,1,57.29578
94500100,0,0,0,0,0,0.0,1,57.29578
94500200,0,0,0,0,0,0.0,1,57.29578
94500300,0,0,0,0,0,0.0,1,57.29578
94500400,0,0,0,0,0,0.0,1,57.29578
94500500,0,0,0,0,0,0.0,1,57.29578
94500600,0,0,0,0,0,0.0,1,57.29578
94500700,0,0,0,0,0,0.0,1,57.29578
94500800,0,0,0,0,0,0.0,1,57.29578
94500900,0,0,0,0,0,0.0,1,57.29578
94501000,0,0,0,0,0,0.0,1,57.29578
94501100,0,0,0,0,0,0.0,1,57.29578
94501200,0,0,0,0,0,0.0,1,57.29578
94501300,0,0,0,0,0,0.0,1,57.29578
94501400,0,0,0,0,0,0.0,1,57.29578
94501500,0,0,0,0,0,0.0,1,57.29578
94501600,0,0,0,0,0,0.0,1,57.29578
94501700,0,0,0,0,0,0.0,1,57.29578
94501800,0,0,0,0,0,0.0,1,57.29578
94501900,0,0,0,0,0,0.0,1,57.29578
94502000,0,0,0,0,0,0.0,1,57.29578
94502100,0,0,0,0,0,0.0,1,57.29578
94502200,0,0,0,0,0,0.0,1,57.29578
94502300,0,0,0,0,0,0.0,1,57.29578
94502400,0,0,0,0,0,0.0,1,57.29578
94502500,0,0,0,0,0,0.0,1,57.29578
94502600,0,0,0,0,0,0.0,1,57.29578
94502700,0,0,0,0,0,0.0,1,57.29578
94502800,0,0,0,0,0,0.0,1,57.29578
94502900,0,0,0,0,0,0.0,1,57.29578
94503000,0,0,0,0,0,0.0,1,57.29578
94503100,0,0,0,0,0,0.0,1,57.29578
94503200,0,0,0,0,0,0.0,1,57.29578
94503300,0,0,0,0,0,0.0,1,57.29578
94503400,0,0,0,0,0,0.0,1,57.29578
94503500,0,0,0,0,0,0.0,1,57.29578
94503600,0,0,0,0,0,0.0,1,57.29578
94503700,0,0,0,0,0,0.0,1,57.29578
94503800,0,0,0,0,0,0.0,1,57.29578
94503900,0,0,0,0,0,0.0,1,57.29578
94504000,0,0,0,0,0,0.0,1,57.29578
94504100,0,0,0,0,0,0.0,1,57.29578
94504200,0,0,0,0,0,0.0,1,57.29578
94504300,0,0,0,0,0,0.0,1,57.29578
94504400,0,0,0,0,0,0.0,1,57.29578
94504500,0,0,0,0,0,0.0,1,57.29578
94504600,0,0,0,0,0,0.0,1,57.29578
94504700,0,0,0,0,0,0.0,1,57.29578
94504800,0,0,0,0,0,0.0,1,57.29578
94504900,0,0,0,0,0,0.0,1,57.29578
94505000,0,0,0,0,0,0.0,1,57.29578
94505100,0,0,0,0,0,0.0,1,57.29578
94505200,0,0,0,0,0,0.0,1,57.29578
94505300,0,0,0,0,0,0.0,1,57.29578
94505400,0,0,0,0,0,0.0,1,57.29578
94505500,0,0,0,0,0,0.0,1,57.29578
94505600,0,0,0,0,0,0.0,1,57.29578
94505700,0,0,0,0,0,0.0,1,57.29578
94505800,0,0,0,0,0,0.0,1,57.29578
94505900,0,0,0,0,0,0.0,1,57.29578
94506000,0,0,0,0,0,0.0,1,57.29578
94506200,0,0,0,0,0,0.0,1,57.29578
94506400,0,0,0,0,0,0.0,1,57.29578
94506500,0,0,0,0,0,0.0,1,57.29578
94506600,0,0,0,0,0,0.0,1,57.29578
94506700,0,0,0,0,0,0.0,1,57.29578
94506800,0,0,0,0,0,0.0,1,57.29578
94506900,0,0,0,0,0,0.0,1,57.29578
94507000,0,0,0,0,0,0.0,1,57.29578
94507100,0,0,0,0,0,0.0,1,57.29578
94507200,0,0,0,0,0,0.0,1,57.29578
94507400,0,0,0,0,0,0.0,1,57.29578
94507600,0,0,0,0,0,0.0,1,57.29578
94507700,0,0,0,0,0,0.0,1,57.29578
94507800,0,0,0,0,0,0.0,1,57.29578
94507900,0,0,0,0,0,0.0,1,57.29578
94508000,0,0,0,0,0,0.0,1,57.29578
94508100,0,0,0,0,0,0.0,1,57.29578
94508200,0,0,0,0,0,0.0,1,57.29578
94508300,0,0,0,0,0,0.0,1,57.29578
94508400,0,0,0,0,0,0.0,1,57.29578
94508500,0,0,0,0,0,0.0,1,57.29578
94508600,0,0,0,0,0,0.0,1,57.29578
94508700,0,0,0,0,0,0.0,1,57.29578
94508800,0,0,0,0,0,0.0,1,57.29578
94508900,0,0,0,0,0,0.0,1,57.29578
94509000,0,0,0,0,0,0.0,1,57.29578
94509200,0,0,0,0,0,0.0,1,57.29578
94509400,0,0,0,0,0,0.0,1,57.29578
94509600,0,0,0,0,0,0.0,1,57.29578
94509700,0,0,0,0,0,0.0,1,57.29578
94509900,0,0,0,0,0,0.0,1,57.29578
94510100,0,0,0,0,0,0.0,1,57.29578
94510300,0,0,0,0,0,0.0,1,57.29578
94510400,0,0,0,0,0,0.0,1,57.29578
94510500,0,0,0,0,0,0.0,1,57.29578
94510600,0,0,0,0,0,0.0,1,57.29578
94510700,0,0,0,0,0,0.0,1,57.29578
94510800,0,0,0,0,0,0.0,1,57.29578
94510900,0,0,0,0,0,0.0,1,57.29578
94511000,0,0,0,0,0,0.0,1,57.29578
94511100,0,0,0,0,0,0.0,1,57.29578
94511200,0,0,0,0,0,0.0,1,57.29578
94511300,0,0,0,0,0,0.0,1,57.29578
94511400,0,0,0,0,0,0.0,1,57.29578
94511500,0,0,0,0,0,0.0,1,57.29578
94511600,0,0,0,0,0,0.0,1,57.29578
94511700,0,0,0,0,0,0.0,1,57.29578
94511900,0,0,0,0,0,0.0,1,57.29578
94512000,0,0,0,0,0,0.0,1,57.29578
94512200,0,0,0,0,0,0.0,1,57.29578
94512300,0,0,0,0,0,0.0,1,57.29578
94512400,0,0,0,0,0,0.0,1,57.29578
94512600,0,0,0,0,0,0.0,1,57.29578
94512700,0,0,0,0,0,0.0,1,57.29578
94512900,0,0,0,0,0,0.0,1,57.29578
94513000,0,0,0,0,0,0.0,1,57.29578
94513200,0,0,0,0,0,0.0,1,57.29578
94513300,0,0,0,0,0,0.0,1,57.29578
94513400,0,0,0,0,0,0.0,1,57.29578
94513500,0,0,0,0,0,0.0,1,57.29578
94513600,0,0,0,0,0,0.0,1,57.29578
94513700,0,0,0,0,0,0.0,1,57.29578
94513900,0,0,0,0,0,0.0,1,57.29578
94514000,0,0,0,0,0,0.0,1,57.29578
94514200,0,0,0,0,0,0.0,1,57.29578
94514400,0,0,0,0,0,0.0,1,57.29578
94514500,0,0,0,0,0,0.0,1,57.29578
94514700,0,0,0,0,0,0.0,1,57.29578
94514900,0,0,0,0,0,0.0,1,57.29578
94515000,0,0,0,0,0,0.0,1,57.29578
94515200,0,0,0,0,0,0.0,1,57.29578
94515300,0,0,0,0,0,0.0,1,57.29578
94515400,0,0,0,0,0,0.0,1,57.29578
94515500,0,0,0,0,0,0.0,1,57.29578
94515700,0,0,0,0,0,0.0,1,57.29578
94515900,0,0,0,0,0,0.0,1,57.29578
94516000,0,0,0,0,0,0.0,1,57.29578
94516200,0,0,0,0,0,0.0,1,57.29578
94516400,0,0,0,0,0,0.0,1,57.29578
94516500,0,0,0,0,0,0.0,1,57.29578
94516600,0,0,0,0,0,0.0,1,57.29578
94516700,0,0,0,0,0,0.0,1,57.29578
94516800,0,0,0,0,0,0.0,1,57.29578
94516900,0,0,0,0,0,0.0,1,57.29578
94517100,0,0,0,0,0,0.0,1,57.29578
94517300,0,0,0,0,0,0.0,1,57.29578
94517400,0,0,0,0,0,0.0,1,57.29578
94517500,0,0,0,0,0,0.0,1,57.29578
94517600,0,0,0,0,0,0.0,1,57.29578
94517700,0,0,0,0,0,0.0,1,57.29578
94517800,0,0,0,0,0,0.0,1,57.29578
94518000,0,0,0,0,0,0.0,1,57.29578
94518200,0,0,0,0,0,0.0,1,57.29578
94518300,0,0,0,0,0,0.0,1,57.29578
94518400,0,0,0,0,0,0.0,1,57.29578
94518500,0,0,0,0,0,0.0,1,57.29578
94518600,0,0,0,0,0,0.0,1,57.29578
94518700,0,0,0,0,0,0.0,1,57.29578
94518800,0,0,0,0,0,0.0,1,57.29578
94518900,0,0,0,0,0,0.0,1,57.29578
94519000,0,0,0,0,0,0.0,1,57.29578
94519100,0,0,0,0,0,0.0,1,57.29578
94519200,0,0,0,0,0,0.0,1,57.29578
94519300,0,0,0,0,0,0.0,1,57.29578
94519400,0,0,0,0,0,0.0,1,57.29578
94519500,0,0,0,0,0,0.0,1,57.29578
94519600,0,0,0,0,0,0.0,1,57.29578
94519700,0,0,0,0,0,0.0,1,57.29578
94519800,0,0,0,0,0,0.0,1,57.29578
94519900,0,0,0,0,0,0.0,1,57.29578
94520000,0,0,0,0,0,0.0,1,57.29578
94520100,0,0,0,0,0,0.0,1,57.29578
94520200,0,0,0,0,0,0.0,1,57.29578
94520300,0,0,0,0,0,0.0,1,57.29578
94520400,0,0,0,0,0,0.0,1,57.29578
94520500,0,0,0,0,0,0.0,1,57.29578
94520600,0,0,0,0,0,0.0,1,57.29578
94520700,0,0,0,0,0,0.0,1,57.29578
94520800,0,0,0,0,0,0.0,1,57.29578
94520900,0,0,0,0,0,0.0,1,57.29578
94521000,0,0,0,0,0,0.0,1,57.29578
94521100,0,0,0,0,0,0.0,1,57.29578
94521200,0,0,0,0,0,0.0,1,57.29578
94521300,0,0,0,0,0,0.0,1,57.29578
94521400,0,0,0,0,0,0.0,1,57.29578
94521500,0,0,0,0,0,0.0,1,57.29578
94521600,0,0,0,0,0,0.0,1,57.29578
94521700,0,0,0,0,0,0.0,1,57.29578
94521800,0,0,0,0,0,0.0,1,57.29578
94521900,0,0,0,0,0,0.0,1,57.29578
94522000,0,0,0,0,0,0.0,1,57.29578
94522100,0,0,0,0,0,0.0,1,57.29578
94522200,0,0,0,0,0,0.0,1,57.29578
94522300,0,0,0,0,0,0.0,1,57.29578
94522400,0,0,0,0,0,0.0,1,57.29578
94522500,0,0,0,0,0,0.0,1,57.29578
94522600,0,0,0,0,0,0.0,1,57.29578
94522700,0,0,0,0,0,0.0,1,57.29578
94522800,0,0,0,0,0,0.0,1,57.29578
94522900,0,0,0,0,0,0.0,1,57.29578
94523000,0,0,0,0,0,0.0,1,57.29578
94523100,0,0,0,0,0,0.0,1,57.29578
94523200,0,0,0,0,0,0.0,1,57.29578
94523300,0,0,0,0,0,0.0,1,57.29578
94523400,0,0,0,0,0,0.0,1,57.29578
94523500,0,0,0,0,0,0.0,1,57.29578
94523600,0,0,0,0,0,0.0,1,57.29578
94523700,0,0,0,0,0,0.0,1,57.29578
94523800,0,0,0,0,0,0.0,1,57.29578
94523900,0,0,0,0,0,0.0,1,57.29578
94524000,0,0,0,0,0,0.0,1,57.29578
94524100,0,0,0,0,0,0.0,1,57.29578
94524200,0,0,0,0,0,0.0,1,57.29578
94524300,0,0,0,0,0,0.0,1,57.29578
94524400,0,0,0,0,0,0.0,1,57.29578
94524500,0,0,0,0,0,0.0,1,57.29578
94524600,0,0,0,0,0,0.0,1,57.29578
94524700,0,0,0,0,0,0.0,1,57.29578
94524800,0,0,0,0,0,0.0,1,57.29578
94524900,0,0,0,0,0,0.0,1,57.29578
94525000,0,0,0,0,0,0.0,1,57.29578
94525100,0,0,0,0,0,0.0,1,57.29578
94525200,0,0,0,0,0,0.0,1,57.29578
94525300,0,0,0,0,0,0.0,1,57.29578
94525400,0,0,0,0,0,0.0,1,57.29578
94525500,0,0,0,0,0,0.0,1,57.29578
94525600,0,0,0,0,0,0.0,1,57.29578
94525700,0,0,0,0,0,0.0,1,57.29578
94525800,0,0,0,0,0,0.0,1,57.29578
94525900,0,0,0,0,0,0.0,1,57.29578
94526000,0,0,0,0,0,0.0,1,57.29578
94526100,0,0,0,0,0,0.0,1,57.29578
94526200,0,0,0,0,0,0.0,1,57.29578
94526300,0,0,0,0,0,0.0,1,57.29578
94526400,0,0,0,0,0,0.0,1,57.29578
94526500,0,0,0,0,0,0.0,1,57.29578
94526600,0,0,0,0,0,0.0,1,57.29578
94526700,0,0,0,0,0,0.0,1,57.29578
94526800,0,0,0,0,0,0.0,1,57.29578
94526900,0,0,0,0,0,0.0,1,57.29578
94527000,0,0,0,0,0,0.0,1,57.29578
94527100,0,0,0,0,0,0.0,1,57.29578
94527200,0,0,0,0,0,0.0,1,57.29578
94527300,0,0,0,0,0,0.0,1,57.29578
94527400,0,0,0,0,0,0.0,1,57.29578
94527500,0,0,0,0,0,0.0,1,57.29578
94527600,0,0,0,0,0,0.0,1,57.29578
94527700,0,0,0,0,0,0.0,1,57.29578
94527800,0,0,0,0,0,0.0,1,57.29578
94527900,0,0,0,0,0,0.0,1,57.29578
94528000,0,0,0,0,0,0.0,1,57.29578
94528100,0,0,0,0,0,0.0,1,57.29578
94528200,0,0,0,0,0,0.0,1,57.29578
94528300,0,0,0,0,0,0.0,1,57.29578
94528400,0,0,0,0,0,0.0,1,57.29578
94528500,0,0,0,0,0,0.0,1,57.29578
94528600,0,0,0,0,0,0.0,1,57.29578
94528700,0,0,0,0,0,0.0,1,57.29578
94528800,0,0,0,0,0,0.0,1,57.29578
94528900,0,0,0,0,0,0.0,1,57.29578
94529000,0,0,0,0,0,0.0,1,57.29578
94529100,0,0,0,0,0,0.0,1,57.29578
94529200,0,0,0,0,0,0.0,1,57.29578
94529300,0,0,0,0,0,0.0,1,57.29578
94529400,0,0,0,0,0,0.0,1,57.29578
94529500,0,0,0,0,0,0.0,1,57.29578
94529600,0,0,0,0,0,0.0,1,57.29578
94529700,0,0,0,0,0,0.0,1,57.29578
94529800,0,0,0,0,0,0.0,1,57.29578
94529900,0,0,0,0,0,0.0,1,57.29578
94530000,0,0,0,0,0,0.0,1,57.29578
94530200,0,0,0,0,0,0.0,1,57.29578
94530300,0,0,0,0,0,0.0,1,57.29578
94530400,0,0,0,0,0,0.0,1,57.29578
94530500,0,0,0,0,0,0.0,1,57.29578
94530600,0,0,0,0,0,0.0,1,57.29578
94530700,0,0,0,0,0,0.0,1,57.29578
94530800,0,0,0,0,0,0.0,1,57.29578
94530900,0,0,0,0,0,0.0,1,57.29578
94531000,0,0,0,0,0,0.0,1,57.29578
94531100,0,0,0,0,0,0.0,1,57.29578
94531200,0,0,0,0,0,0.0,1,57.29578
94531300,0,0,0,0,0,0.0,1,57.29578
94531400,0,0,0,0,0,0.0,1,57.29578
94531500,0,0,0,0,0,0.0,1,57.29578
94531600,0,0,0,0,0,0.0,1,57.29578
94531700,0,0,0,0,0,0.0,1,57.29578
94531800,0,0,0,0,0,0.0,1,57.29578
94531900,0,0,0,0,0,0.0,1,57.29578
94532000,0,0,0,0,0,0.0,1,57.29578
94532200,0,0,0,0,0,0.0,1,57.29578
94532300,0,0,0,0,0,0.0,1,57.29578
94532400,0,0,0,0,0,0.0,1,57.29578
94532500,0,0,0,0,0,0.0,1,57.29578
94532600,0,0,0,0,0,0.0,1,57.29578
94532700,0,0,0,0,0,0.0,1,57.29578
94532800,0,0,0,0,0,0.0,1,57.29578
94532900,0,0,0,0,0,0.0,1,57.29578
94533000,0,0,0,0,0,0.0,1,57.29578
94533100,0,0,0,0,0,0.0,1,57.29578
94533200,0,0,0,0,0,0.0,1,57.29578
94533300,0,0,0,0,0,0.0,1,57.29578
94533400,0,0,0,0,0,0.0,1,57.29578
94533500,0,0,0,0,0,0.0,1,57.29578
94533600,0,0,0,0,0,0.0,1,57.29578
94533700,0,0,0,0,0,0.0,1,57.29578
94533800,0,0,0,0,0,0.0,1,57.29578
94533900,0,0,0,0,0,0.0,1,57.29578
94534000,0,0,0,0,0,0.0,1,57.29578
94534100,0,0,0,0,0,0.0,1,57.29578
94534200,0,0,0,0,0,0.0,1,57.29578
94534300,0,0,0,0,0,0.0,1,57.29578
94534400,0,0,0,0,0,0.0,1,57.29578
94534500,0,0,0,0,0,0.0,1,57.29578
94534600,0,0,0,0,0,0.0,1,57.29578
94534700,0,0,0,0,0,0.0,1,57.29578
94534800,0,0,0,0,0,0.0,1,57.29578
94534900,0,0,0,0,0,0.0,1,57.29578
94535000,0,0,0,0,0,0.0,1,57.29578
94535100,0,0,0,0,0,0.0,1,57.29578
94535200,0,0,0,0,0,0.0,1,57.29578
94535300,0,0,0,0,0,0.0,1,57.29578
94535400,0,0,0,0,0,0.0,1,57.29578
94535500,0,0,0,0,0,0.0,1,57.29578
94535600,0,0,0,0,0,0.0,1,57.29578
94535700,0,0,0,0,0,0.0,1,57.29578
94535800,0,0,0,0,0,0.0,1,57.29578
94535900,0,0,0,0,0,0.0,1,57.29578
94536000,0,0,0,0,0,0.0,1,57.29578
94536200,0,0,0,0,0,0.0,1,57.29578
94536300,0,0,0,0,0,0.0,1,57.29578
94536400,0,0,0,0,0,0.0,1,57.29578
94536500,0,0,0,0,0,0.0,1,57.29578
94536600,0,0,0,0,0,0.0,1,57.29578
94536700,0,0,0,0,0,0.0,1,57.29578
94536800,0,0,0,0,0,0.0,1,57.29578
94536900,0,0,0,0,0,0.0,1,57.29578
94537000,0,0,0,0,0,0.0,1,57.29578
94537100,0,0,0,0,0,0.0,1,57.29578
94537200,0,0,0,0,0,0.0,1,57.29578
94537300,0,0,0,0,0,0.0,1,57.29578
94537400,0,0,0,0,0,0.0,1,57.29578
94537500,0,0,0,0,0,0.0,1,57.29578
94537600,0,0,0,0,0,0.0,1,57.29578
94537700,0,0,0,0,0,0.0,1,57.29578
94537800,0,0,0,0,0,0.0,1,57.29578
94537900,0,0,0,0,0,0.0,1,57.29578
94538000,0,0,0,0,0,0.0,1,57.29578
94538200,0,0,0,0,0,0.0,1,57.29578
94538300,0,0,0,0,0,0.0,1,57.29578
94538400,0,0,0,0,0,0.0,1,57.29578
94538500,0,0,0,0,0,0.0,1,57.29578
94538600,0,0,0,0,0,0.0,1,57.29578
94538700,0,0,0,0,0,0.0,1,57.29578
94538800,0,0,0,0,0,0.0,1,57.29578
94538900,0,0,0,0,0,0.0,1,57.29578
94539000,0,0,0,0,0,0.0,1,57.29578
94539100,0,0,0,0,0,0.0,1,57.29578
94539200,0,0,0,0,0,0.0,1,57.29578
94539300,0,0,0,0,0,0.0,1,57.29578
94539400,0,0,0,0,0,0.0,1,57.29578
94539500,0,0,0,0,0,0.0,1,57.29578
94539600,0,0,0,0,0,0.0,1,57.29578
94539700,0,0,0,0,0,0.0,1,57.29578
94539800,0,0,0,0,0,0.0,1,57.29578
94539900,0,0,0,0,0,0.0,1,57.29578
94540000,0,0,0,0,0,0.0,1,57.29578
94540200,0,0,0,0,0,0.0,1,57.29578
94540300,0,0,0,0,0,0.0,1,57.29578
94540400,0,0,0,0,0,0.0,1,57.29578
94540500,0,0,0,0,0,0.0,1,57.29578
94540600,0,0,0,0,0,0.0,1,57.29578
94540700,0,0,0,0,0,0.0,1,57.29578
94540800,0,0,0,0,0,0.0,1,57.29578
94540900,0,0,0,0,0,0.0,1,57.29578
94541000,0,0,0,0,0,0.0,1,57.29578
94541100,0,0,0,0,0,0.0,1,57.29578
94541200,0,0,0,0,0,0.0,1,57.29578
94541300,0,0,0,0,0,0.0,1,57.29578
94541400,0,0,0,0,0,0.0,1,57.29578
94541600,0,0,0,0,0,0.0,1,57.29578
94541700,0,0,0,0,0,0.0,1,57.29578
94541800,0,0,0,0,0,0.0,1,57.29578
94541900,0,0,0,0,0,0.0,1,57.29578
94542000,0,0,0,0,0,0.0,1,57.29578
94542100,0,0,0,0,0,0.0,1,57.29578
94542200,0,0,0,0,0,0.0,1,57.29578
94542300,0,0,0,0,0,0.0,1,57.29578
94542400,0,0,0,0,0,0.0,1,57.29578
94542500,0,0,0,0,0,0.0,1,57.29578
94542600,0,0,0,0,0,0.0,1,57.29578
94542700,0,0,0,0,0,0.0,1,57.29578
94542800,0,0,0,0,0,0.0,1,57.29578
94542900,0,0,0,0,0,0.0,1,57.29578
94543000,0,0,0,0,0,0.0,1,57.29578
94543200,0,0,0,0,0,0.0,1,57.29578
94543300,0,0,0,0,0,0.0,1,57.29578
94543400,0,0,0,0,0,0.0,1,57.29578
94543500,0,0,0,0,0,0.0,1,57.29578
94543600,0,0,0,0,0,0.0,1,57.29578
94543700,0,0,0,0,0,0.0,1,57.29578
94543800,0,0,0,0,0,0.0,1,57.29578
94543900,0,0,0,0,0,0.0,1,57.29578
94544000,0,0,0,0,0,0.0,1,57.29578
94544200,0,0,0,0,0,0.0,1,57.29578
94544300,0,0,0,0,0,0.0,1,57.29578
94544400,0,0,0,0,0,0.0,1,57.29578
94544500,0,0,0,0,0,0.0,1,57.29578
94544600,0,0,0,0,0,0.0,1,57.29578
94544700,0,0,0,0,0,0.0,1,57.29578
94544800,0,0,0,0,0,0.0,1,57.29578
94544900,0,0,0,0,0,0.0,1,57.29578
94545000,0,0,0,0,0,0.0,1,57.29578
94545100,0,0,0,0,0,0.0,1,57.29578
94545200,0,0,0,0,0,0.0,1,57.29578
94545400,0,0,0,0,0,0.0,1,57.29578
94545500,0,0,0,0,0,0.0,1,57.29578
94545600,0,0,0,0,0,0.0,1,57.29578
94545700,0,0,0,0,0,0.0,1,57.29578
94545800,0,0,0,0,0,0.0,1,57.29578
94545900,0,0,0,0,0,0.0,1,57.29578
94546000,0,0,0,0,0,0.0,1,57.29578
94546200,0,0,0,0,0,0.0,1,57.29578
94546300,0,0,0,0,0,0.0,1,57.29578
94546400,0,0,0,0,0,0.0,1,57.29578
94546500,0,0,0,0,0,0.0,1,57.29578
94546600,0,0,0,0,0,0.0,1,57.29578
94546700,0,0,0,0,0,0.0,1,57.29578
94546800,0,0,0,0,0,0.0,1,57.29578
94546900,0,0,0,0,0,0.0,1,57.29578
94547000,0,0,0,0,0,0.0,1,57.29578
94547200,0,0,0,0,0,0.0,1,57.29578
94547300,0,0,0,0,0,0.0,1,57.29578
94547400,0,0,0,0,0,0.0,1,57.29578
94547500,0,0,0,0,0,0.0,1,57.29578
94547600,0,0,0,0,0,0.0,1,57.29578
94547700,0,0,0,0,0,0.0,1,57.29578
94547800,0,0,0,0,0,0.0,1,57.29578
94547900,0,0,0,0,0,0.0,1,57.29578
94548000,0,0,0,0,0,0.0,1,57.29578
94548200,0,0,0,0,0,0.0,1,57.29578
94548300,0,0,0,0,0,0.0,1,57.29578
94548400,0,0,0,0,0,0.0,1,57.29578
94548500,0,0,0,0,0,0.0,1,57.29578
94548600,0,0,0,0,0,0.0,1,57.29578
94548700,0,0,0,0,0,0.0,1,57.29578
94548800,0,0,0,0,0,0.0,1,57.29578
94548900,0,0,0,0,0,0.0,1,57.29578
94549000,0,0,0,0,0,0.0,1,57.29578
94549200,0,0,0,0,0,0.0,1,57.29578
94549300,0,0,0,0,0,0.0,1,57.29578
94549400,0,0,0,0,0,0.0,1,57.29578
94549500,0,0,0,0,0,0.0,1,57.29578
94549600,0,0,0,0,0,0.0,1,57.29578
94549700,0,0,0,0,0,0.0,1,57.29578
94549800,0,0,0,0,0,0.0,1,57.29578
94549900,0,0,0,0,0,0.0,1,57.29578
94550000,0,0,0,0,0,0.0,1,57.29578
94550200,0,0,0,0,0,0.0,1,57.29578
94550300,0,0,0,0,0,0.0,1,57.29578
94550400,0,0,0,0,0,0.0,1,57.29578
94550500,0,0,0,0,0,0.0,1,57.29578
94550600,0,0,0,0,0,0.0,1,57.29578
94550700,0,0,0,0,0,0.0,1,57.29578
94550800,0,0,0,0,0,0.0,1,57.29578
94550900,0,0,0,0,0,0.0,1,57.29578
94551000,0,0,0,0,0,0.0,1,57.29578
94551100,0,0,0,0,0,0.0,1,57.29578
94551200,0,0,0,0,0,0.0,1,57.29578
94551300,0,0,0,0,0,0.0,1,57.29578
94551400,0,0,0,0,0,0.0,1,57.29578
94551500,0,0,0,0,0,0.0,1,57.29578
94551600,0,0,0,0,0,0.0,1,57.29578
94551700,0,0,0,0,0,0.0,1,57.29578
94551800,0,0,0,0,0,0.0,1,57.29578
94551900,0,0,0,0,0,0.0,1,57.29578
94552000,0,0,0,0,0,0.0,1,57.29578
94552200,0,0,0,0,0,0.0,1,57.29578
94552300,0,0,0,0,0,0.0,1,57.29578
94552400,0,0,0,0,0,0.0,1,57.29578
94552500,0,0,0,0,0,0.0,1,57.29578
94552600,0,0,0,0,0,0.0,1,57.29578
94552700,0,0,0,0,0,0.0,1,57.29578
94552800,0,0,0,0,0,0.0,1,57.29578
94552900,0,0,0,0,0,0.0,1,57.29578
94553000,0,0,0,0,0,0.0,1,57.29578
94553100,0,0,0,0,0,0.0,1,57.29578
94553200,0,0,0,0,0,0.0,1,57.29578
94553300,0,0,0,0,0,0.0,1,57.29578
94553400,0,0,0,0,0,0.0,1,57.29578
94553500,0,0,0,0,0,0.0,1,57.29578
94553600,0,0,0,0,0,0.0,1,57.29578
94553700,0,0,0,0,0,0.0,1,57.29578
94553800,0,0,0,0,0,0.0,1,57.29578
94553900,0,0,0,0,0,0.0,1,57.29578
94554000,0,0,0,0,0,0.0,1,57.29578
94554200,0,0,0,0,0,0.0,1,57.29578
94554300,0,0,0,0,0,0.0,1,57.29578
94554400,0,0,0,0,0,0.0,1,57.29578
94554500,0,0,0,0,0,0.0,1,57.29578
94554600,0,0,0,0,0,0.0,1,57.29578
94554700,0,0,0,0,0,0.0,1,57.29578
94554800,0,0,0,0,0,0.0,1,57.29578
94554900,0,0,0,0,0,0.0,1,57.29578
94555000,0,0,0,0,0,0.0,1,57.29578
94555100,0,0,0,0,0,0.0,1,57.29578
94555200,0,0,0,0,0,0.0,1,57.29578
94555300,0,0,0,0,0,0.0,1,57.29578
94555400,0,0,0,0,0,0.0,1,57.29578
94555500,0,0,0,0,0,0.0,1,57.29578
94555600,0,0,0,0,0,0.0,1,57.29578
94555700,0,0,0,0,0,0.0,1,57.29578
94555800,0,0,0,0,0,0.0,1,57.29578
94555900,0,0,0,0,0,0.0,1,57.29578
94556000,0,0,0,0,0,0.0,1,57.29578
94556200,0,0,0,0,0,0.0,1,57.29578
94556300,0,0,0,0,0,0.0,1,57.29578
94556400,0,0,0,0,0,0.0,1,57.29578
94556500,0,0,0,0,0,0.0,1,57.29578
94556600,0,0,0,0,0,0.0,1,57.29578
94556700,0,0,0,0,0,0.0,1,57.29578
94556800,0,0,0,0,0,0.0,1,57.29578
94556900,0,0,0,0,0,0.0,1,57.29578
94557000,0,0,0,0,0,0.0,1,57.29578
94557200,0,0,0,0,0,0.0,1,57.29578
94557300,0,0,0,0,0,0.0,1,57.29578
94557400,0,0,0,0,0,0.0,1,57.29578
94557500,0,0,0,0,0,0.0,1,57.29578
94557600,0,0,0,0,0,0.0,1,57.29578
94557700,0,0,0,0,0,0.0,1,57.29578
94557800,0,0,0,0,0,0.0,1,57.29578
94557900,0,0,0,0,0,0.0,1,57.29578
94558000,0,0,0,0,0,0.0,1,57.29578
94558100,0,0,0,0,0,0.0,1,57.29578
94558200,0,0,0,0,0,0.0,1,57.29578
94558300,0,0,0,0,0,0.0,1,57.29578
94558400,0,0,0,0,0,0.0,1,57.29578
94558500,0,0,0,0,0,0.0,1,57.29578
94558600,0,0,0,0,0,0.0,1,57.29578
94558700,0,0,0,0,0,0.0,1,57.29578
94558800,0,0,0,0,0,0.0,1,57.29578
94558900,0,0,0,0,0,0.0,1,57.29578
94559000,0,0,0,0,0,0.0,1,57.29578
94559100,0,0,0,0,0,0.0,1,57.29578
94559200,0,0,0,0,0,0.0,1,57.29578
94559300,0,0,0,0,0,0.0,1,57.29578
94559400,0,0,0,0,0,0.0,1,57.29578
94559500,0,0,0,0,0,0.0,1,57.29578
94559600,0,0,0,0,0,0.0,1,57.29578
94559700,0,0,0,0,0,0.0,1,57.29578
94559800,0,0,0,0,0,0.0,1,57.29578
94559900,0,0,0,0,0,0.0,1,57.29578
94560000,0,0,0,0,0,0.0,1,57.29578
94560200,0,0,0,0,0,0.0,1,57.29578
94560300,0,0,0,0,0,0.0,1,57.29578
94560400,0,0,0,0,0,0.0,1,57.29578
94560500,0,0,0,0,0,0.0,1,57.29578
94560600,0,0,0,0,0,0.0,1,57.29578
94560700,0,0,0,0,0,0.0,1,57.29578
94560800,0,0,0,0,0,0.0,1,57.29578
94560900,0,0,0,0,0,0.0,1,57.29578
94561000,0,0,0,0,0,0.0,1,57.29578
94561100,0,0,0,0,0,0.0,1,57.29578
94561200,0,0,0,0,0,0.0,1,57.29578
94561300,0,0,0,0,0,0.0,1,57.29578
94561400,0,0,0,0,0,0.0,1,57.29578
94561500,0,0,0,0,0,0.0,1,57.29578
94561600,0,0,0,0,0,0.0,1,57.29578
94561700,0,0,0,0,0,0.0,1,57.29578
94561800,0,0,0,0,0,0.0,1,57.29578
94561900,0,0,0,0,0,0.0,1,57.29578
94562000,0,0,0,0,0,0.0,1,57.29578
94562100,0,0,0,0,0,0.0,1,57.29578
94562200,0,0,0,0,0,0.0,1,57.29578
94562300,0,0,0,0,0,0.0,1,57.29578
94562400,0,0,0,0,0,0.0,1,57.29578
94562500,0,0,0,0,0,0.0,1,57.29578
94562600,0,0,0,0,0,0.0,1,57.29578
94562700,0,0,0,0,0,0.0,1,57.29578
94562800,0,0,0,0,0,0.0,1,57.29578
94562900,0,0,0,0,0,0.0,1,57.29578
94563000,0,0,0,0,0,0.0,1,57.29578
94563100,0,0,0,0,0,0.0,1,57.29578
94563200,0,0,0,0,0,0.0,1,57.29578
94563300,0,0,0,0,0,0.0,1,57.29578
94563400,0,0,0,0,0,0.0,1,57.29578
94563500,0,0,0,0,0,0.0,1,57.29578
94563600,0,0,0,0,0,0.0,1,57.29578
94563700,0,0,0,0,0,0.0,1,57.29578
94563800,0,0,0,0,0,0.0,1,57.29578
94563900,0,0,0,0,0,0.0,1,57.29578
94564000,0,0,0,0,0,0.0,1,57.29578
94564100,0,0,0,0,0,0.0,1,57.29578
94564200,0,0,0,0,0,0.0,1,57.29578
94564300,0,0,0,0,0,0.0,1,57.29578
94564400,0,0,0,0,0,0.0,1,57.29578
94564500,0,0,0,0,0,0.0,1,57.29578
94564600,0,0,0,0,0,0.0,1,57.29578
94564700,0,0,0,0,0,0.0,1,57.29578
94564800,0,0,0,0,0,0.0,1,57.29578
94564900,0,0,0,0,0,0.0,1,57.29578
94565000,0,0,0,0,0,0.0,1,57.29578
94565100,0,0,0,0,0,0.0,1,57.29578
94565200,0,0,0,0,0,0.0,1,57.29578
94565300,0,0,0,0,0,0.0,1,57.29578
94565400,0,0,0,0,0,0.0,1,57.29578
94565500,0,0,0,0,0,0.0,1,57.29578
94565600,0,0,0,0,0,0.0,1,57.29578
94565700,0,0,0,0,0,0.0,1,57.29578
94565800,0,0,0,0,0,0.0,1,57.29578
94565900,0,0,0,0,0,0.0,1,57.29578
94566000,0,0,0,0,0,0.0,1,57.29578
94566100,0,0,0,0,0,0.0,1,57.29578
94566200,0,0,0,0,0,0.0,1,57.29578
94566300,0,0,0,0,0,0.0,1,57.29578
94566400,0,0,0,0,0,0.0,1,57.29578
94566500,0,0,0,0,0,0.0,1,57.29578
94566600,0,0,0,0,0,0.0,1,57.29578
94566700,0,0,0,0,0,0.0,1,57.29578
94566800,0,0,0,0,0,0.0,1,57.29578
94566900,0,0,0,0,0,0.0,1,57.29578
94567000,0,0,0,0,0,0.0,1,57.29578
94567100,0,0,0,0,0,0.0,1,57.29578
94567200,0,0,0,0,0,0.0,1,57.29578
94567300,0,0,0,0,0,0.0,1,57.29578
94567400,0,0,0,0,0,0.0,1,57.29578
94567500,0,0,0,0,0,0.0,1,57.29578
94567600,0,0,0,0,0,0.0,1,57.29578
94567700,0,0,0,0,0,0.0,1,57.29578
94567800,0,0,0,0,0,0.0,1,57.29578
94567900,0,0,0,0,0,0.0,1,57.29578
94568000,0,0,0,0,0,0.0,1,57.29578
94568100,0,0,0,0,0,0.0,1,57.29578
94568200,0,0,0,0,0,0.0,1,57.29578
94568300,0,0,0,0,0,0.0,1,57.29578
94568400,0,0,0,0,0,0.0,1,57.29578
94568500,0,0,0,0,0,0.0,1,57.29578
94568600,0,0,0,0,0,0.0,1,57.29578
94568700,0,0,0,0,0,0.0,1,57.29578
94568800,0,0,0,0,0,0.0,1,57.29578
94568900,0,0,0,0,0,0.0,1,57.29578
94569000,0,0,0,0,0,0.0,1,57.29578
94569100,0,0,0,0,0,0.0,1,57.29578
94569200,0,0,0,0,0,0.0,1,57.29578
94569300,0,0,0,0,0,0.0,1,57.29578
94569400,0,0,0,0,0,0.0,1,57.29578
94569500,0,0,0,0,0,0.0,1,57.29578
94569600,0,0,0,0,0,0.0,1,57.29578
94569700,0,0,0,0,0,0.0,1,57.29578
94569800,0,0,0,0,0,0.0,1,57.29578
94569900,0,0,0,0,0,0.0,1,57.29578
94570000,0,0,0,0,0,0.0,1,57.29578
94570100,0,0,0,0,0,0.0,1,57.29578
94570200,0,0,0,0,0,0.0,1,57.29578
94570300,0,0,0,0,0,0.0,1,57.29578
94570400,0,0,0,0,0,0.0,1,57.29578
94570500,0,0,0,0,0,0.0,1,57.29578
94570600,0,0,0,0,0,0.0,1,57.29578
94570700,0,0,0,0,0,0.0,1,57.29578
94570800,0,0,0,0,0,0.0,1,57.29578
94570900,0,0,0,0,0,0.0,1,57.29578
94571000,0,0,0,0,0,0.0,1,57.29578
94571100,0,0,0,0,0,0.0,1,57.29578
94571200,0,0,0,0,0,0.0,1,57.29578
94571300,0,0,0,0,0,0.0,1,57.29578
94571400,0,0,0,0,0,0.0,1,57.29578
94571500,0,0,0,0,0,0.0,1,57.29578
94571600,0,0,0,0,0,0.0,1,57.29578
94571700,0,0,0,0,0,0.0,1,57.29578
94571800,0,0,0,0,0,0.0,1,57.29578
94571900,0,0,0,0,0,0.0,1,57.29578
94572000,0,0,0,0,0,0.0,1,57.29578
94572100,0,0,0,0,0,0.0,1,57.29578
94572200,0,0,0,0,0,0.0,1,57.29578
94572300,0,0,0,0,0,0.0,1,57.29578
94572400,0,0,0,0,0,0.0,1,57.29578
94572500,0,0,0,0,0,0.0,1,57.29578
94572600,0,0,0,0,0,0.0,1,57.29578
94572700,0,0,0,0,0,0.0,1,57.29578
94572800,0,0,0,0,0,0.0,1,57.29578
94572900,0,0,0,0,0,0.0,1,57.29578
94573000,0,0,0,0,0,0.0,1,57.29578
94573100,0,0,0,0,0,0.0,1,57.29578
94573200,0,0,0,0,0,0.0,1,57.29578
94573300,0,0,0,0,0,0.0,1,57.29578
94573400,0,0,0,0,0,0.0,1,57.29578
94573500,0,0,0,0,0,0.0,1,57.29578
94573600,0,0,0,0,0,0.0,1,57.29578
94573700,0,0,0,0,0,0.0,1,57.29578
94573800,0,0,0,0,0,0.0,1,57.29578
94573900,0,0,0,0,0,0.0,1,57.29578
94574000,0,0,0,0,0,0.0,1,57.29578
94574100,0,0,0,0,0,0.0,1,57.29578
94574200,0,0,0,0,0,0.0,1,57.29578
94574300,0,0,0,0,0,0.0,1,57.29578
94574400,0,0,0,0,0,0.0,1,57.29578
94574500,0,0,0,0,0,0.0,1,57.29578
94574600,0,0,0,0,0,0.0,1,57.29578
94574700,0,0,0,0,0,0.0,1,57.29578
94574800,0,0,0,0,0,0.0,1,57.29578
94574900,0,0,0,0,0,0.0,1,57.29578
94575000,0,0,0,0,0,0.0,1,57.29578
94575100,0,0,0,0,0,0.0,1,57.29578
94575200,0,0,0,0,0,0.0,1,57.29578
94575300,0,0,0,0,0,0.0,1,57.29578
94575400,0,0,0,0,0,0.0,1,57.29578
94575500,0,0,0,0,0,0.0,1,57.29578
94575600,0,0,0,0,0,0.0,1,57.29578
94575700,0,0,0,0,0,0.0,1,57.29578
94575800,0,0,0,0,0,0.0,1,57.29578
94575900,0,0,0,0,0,0.0,1,57.29578
94576000,0,0,0,0,0,0.0,1,57.29578
94576100,0,0,0,0,0,0.0,1,57.29578
94576200,0,0,0,0,0,0.0,1,57.29578
94576300,0,0,0,0,0,0.0,1,57.29578
94576400,0,0,0,0,0,0.0,1,57.29578
94576500,0,0,0,0,0,0.0,1,57.29578
94576600,0,0,0,0,0,0.0,1,57.29578
94576700,0,0,0,0,0,0.0,1,57.29578
94576800,0,0,0,0,0,0.0,1,57.29578
94576900,0,0,0,0,0,0.0,1,57.29578
94577000,0,0,0,0,0,0.0,1,57.29578
94577100,0,0,0,0,0,0.0,1,57.29578
94577200,0,0,0,0,0,0.0,1,57.29578
94577300,0,0,0,0,0,0.0,1,57.29578
94577400,0,0,0,0,0,0.0,1,57.29578
94577500,0,0,0,0,0,0.0,1,57.29578
94577600,0,0,0,0,0,0.0,1,57.29578
94577700,0,0,0,0,0,0.0,1,57.29578
94577800,0,0,0,0,0,0.0,1,57.29578
94577900,0,0,0,0,0,0.0,1,57.29578
94578000,0,0,0,0,0,0.0,1,57.29578
94578100,0,0,0,0,0,0.0,1,57.29578
94578200,0,0,0,0,0,0.0,1,57.29578
94578300,0,0,0,0,0,0.0,1,57.29578
94578400,0,0,0,0,0,0.0,1,57.29578
94578500,0,0,0,0,0,0.0,1,57.29578
94578600,0,0,0,0,0,0.0,1,57.29578
94578700,0,0,0,0,0,0.0,1,57.29578
94578800,0,0,0,0,0,0.0,1,57.29578
94578900,0,0,0,0,0,0.0,1,57.29578
94579000,0,0,0,0,0,0.0,1,57.29578
94579100,0,0,0,0,0,0.0,1,57.29578
94579200,0,0,0,0,0,0.0,1,57.29578
94579300,0,0,0,0,0,0.0,1,57.29578
94579400,0,0,0,0,0,0.0,1,57.29578
94579500,0,0,0,0,0,0.0,1,57.29578
94579600,0,0,0,0,0,0.0,1,57.29578
94579700,0,0,0,0,0,0.0,1,57.29578
94579800,0,0,0,0,0,0.0,1,57.29578
94579900,0,0,0,0,0,0.0,1,57.29578
94580000,0,0,0,0,0,0.0,1,57.29578
94580100,0,0,0,0,0,0.0,1,57.29578
94580200,0,0,0,0,0,0.0,1,57.29578
94580300,0,0,0,0,0,0.0,1,57.29578
94580400,0,0,0,0,0,0.0,1,57.29578
94580500,0,0,0,0,0,0.0,1,57.29578
94580600,0,0,0,0,0,0.0,1,57.29578
94580700,0,0,0,0,0,0.0,1,57.29578
94580800,0,0,0,0,0,0.0,1,57.29578
94580900,0,0,0,0,0,0.0,1,57.29578
94581000,0,0,0,0,0,0.0,1,57.29578
94581100,0,0,0,0,0,0.0,1,57.29578
94581200,0,0,0,0,0,0.0,1,57.29578
94581300,0,0,0,0,0,0.0,1,57.29578
94581400,0,0,0,0,0,0.0,1,57.29578
94581500,0,0,0,0,0,0.0,1,57.29578
94581600,0,0,0,0,0,0.0,1,57.29578
94581700,0,0,0,0,0,0.0,1,57.29578
94581800,0,0,0,0,0,0.0,1,57.29578
94581900,0,0,0,0,0,0.0,1,57.29578
94582000,0,0,0,0,0,0.0,1,57.29578
94582100,0,0,0,0,0,0.0,1,57.29578
94582200,0,0,0,0,0,0.0,1,57.29578
94582300,0,0,0,0,0,0.0,1,57.29578
94582400,0,0,0,0,0,0.0,1,57.29578
94582500,0,0,0,0,0,0.0,1,57.29578
94582600,0,0,0,0,0,0.0,1,57.29578
94582700,0,0,0,0,0,0.0,1,57.29578
94582800,0,0,0,0,0,0.0,1,57.29578
94582900,0,0,0,0,0,0.0,1,57.29578
94583000,0,0,0,0,0,0.0,1,57.29578
94583100,0,0,0,0,0,0.0,1,57.29578
94583200,0,0,0,0,0,0.0,1,57.29578
94583300,0,0,0,0,0,0.0,1,57.29578
94583400,0,0,0,0,0,0.0,1,57.29578
94583500,0,0,0,0,0,0.0,1,57.29578
94583600,0,0,0,0,0,0.0,1,57.29578
94583700,0,0,0,0,0,0.0,1,57.29578
94583800,0,0,0,0,0,0.0,1,57.29578
94583900,0,0,0,0,0,0.0,1,57.29578
94584000,0,0,0,0,0,0.0,1,57.29578
94584100,0,0,0,0,0,0.0,1,57.29578
94584200,0,0,0,0,0,0.0,1,57.29578
94584300,0,0,0,0,0,0.0,1,57.29578
94584400,0,0,0,0,0,0.0,1,57.29578
94584500,0,0,0,0,0,0.0,1,57.29578
94584600,0,0,0,0,0,0.0,1,57.29578
94584700,0,0,0,0,0,0.0,1,57.29578
94584800,0,0,0,0,0,0.0,1,57.29578
94584900,0,0,0,0,0,0.0,1,57.29578
94585000,0,0,0,0,0,0.0,1,57.29578
94585100,0,0,0,0,0,0.0,1,57.29578
94585200,0,0,0,0,0,0.0,1,57.29578
94585300,0,0,0,0,0,0.0,1,57.29578
94585400,0,0,0,0,0,0.0,1,57.29578
94585500,0,0,0,0,0,0.0,1,57.29578
94585600,0,0,0,0,0,0.0,1,57.29578
94585700,0,0,0,0,0,0.0,1,57.29578
94585800,0,0,0,0,0,0.0,1,57.29578
94585900,0,0,0,0,0,0.0,1,57.29578
94586000,0,0,0,0,0,0.0,1,57.29578
94586100,0,0,0,0,0,0.0,1,57.29578
94586200,0,0,0,0,0,0.0,1,57.29578
94586300,0,0,0,0,0,0.0,1,57.29578
94586400,0,0,0,0,0,0.0,1,57.29578
94586500,0,0,0,0,0,0.0,1,57.29578
94586600,0,0,0,0,0,0.0,1,57.29578
94586700,0,0,0,0,0,0.0,1,57.29578
94586800,0,0,0,0,0,0.0,1,57.29578
94586900,0,0,0,0,0,0.0,1,57.29578
94587000,0,0,0,0,0,0.0,1,57.29578
94587100,0,0,0,0,0,0.0,1,57.29578
94587200,0,0,0,0,0,0.0,1,57.29578
94587300,0,0,0,0,0,0.0,1,57.29578
94587400,0,0,0,0,0,0.0,1,57.29578
94587500,0,0,0,0,0,0.0,1,57.29578
94587600,0,0,0,0,0,0.0,1,57.29578
94587700,0,0,0,0,0,0.0,1,57.29578
94587800,0,0,0,0,0,0.0,1,57.29578
94587900,0,0,0,0,0,0.0,1,57.29578
94588000,0,0,0,0,0,0.0,1,57.29578
94588200,0,0,0,0,0,0.0,1,57.29578
94588300,0,0,0,0,0,0.0,1,57.29578
94588400,0,0,0,0,0,0.0,1,57.29578
94588500,0,0,0,0,0,0.0,1,57.29578
94588600,0,0,0,0,0,0.0,1,57.29578
94588700,0,0,0,0,0,0.0,1,57.29578
94588800,0,0,0,0,0,0.0,1,57.29578
94588900,0,0,0,0,0,0.0,1,57.29578
94589000,0,0,0,0,0,0.0,1,57.29578
94589100,0,0,0,0,0,0.0,1,57.29578
94589200,0,0,0,0,0,0.0,1,57.29578
94589300,0,0,0,0,0,0.0,1,57.29578
94589400,0,0,0,0,0,0.0,1,57.29578
94589500,0,0,0,0,0,0.0,1,57.29578
94589600,0,0,0,0,0,0.0,1,57.29578
94589700,0,0,0,0,0,0.0,1,57.29578
94589800,0,0,0,0,0,0.0,1,57.29578
94589900,0,0,0,0,0,0.0,1,57.29578
94590000,0,0,0,0,0,0.0,1,57.29578
94590200,0,0,0,0,0,0.0,1,57.29578
94590300,0,0,0,0,0,0.0,1,57.29578
94590400,0,0,0,0,0,0.0,1,57.29578
94590500,0,0,0,0,0,0.0,1,57.29578
94590600,0,0,0,0,0,0.0,1,57.29578
94590700,0,0,0,0,0,0.0,1,57.29578
94590800,0,0,0,0,0,0.0,1,57.29578
94590900,0,0,0,0,0,0.0,1,57.29578
94591000,0,0,0,0,0,0.0,1,57.29578
94591100,0,0,0,0,0,0.0,1,57.29578
94591200,0,0,0,0,0,0.0,1,57.29578
94591300,0,0,0,0,0,0.0,1,57.29578
94591400,0,0,0,0,0,0.0,1,57.29578
94591500,0,0,0,0,0,0.0,1,57.29578
94591600,0,0,0,0,0,0.0,1,57.29578
94591700,0,0,0,0,0,0.0,1,57.29578
94591800,0,0,0,0,0,0.0,1,57.29578
94591900,0,0,0,0,0,0.0,1,57.29578
94592000,0,0,0,0,0,0.0,1,57.29578
94592100,0,0,0,0,0,0.0,1,57.29578
94592200,0,0,0,0,0,0.0,1,57.29578
94592300,0,0,0,0,0,0.0,1,57.29578
94592400,0,0,0,0,0,0.0,1,57.29578
94592500,0,0,0,0,0,0.0,1,57.29578
94592600,0,0,0,0,0,0.0,1,57.29578
94592700,0,0,0,0,0,0.0,1,57.29578
94592800,0,0,0,0,0,0.0,1,57.29578
94592900,0,0,0,0,0,0.0,1,57.29578
94593000,0,0,0,0,0,0.0,1,57.29578
94593100,0,0,0,0,0,0.0,1,57.29578
94593200,0,0,0,0,0,0.0,1,57.29578
94593300,0,0,0,0,0,0.0,1,57.29578
94593400,0,0,0,0,0,0.0,1,57.29578
94593500,0,0,0,0,0,0.0,1,57.29578
94593600,0,0,0,0,0,0.0,1,57.29578
94593700,0,0,0,0,0,0.0,1,57.29578
94593800,0,0,0,0,0,0.0,1,57.29578
94593900,0,0,0,0,0,0.0,1,57.29578
94594000,0,0,0,0,0,0.0,1,57.29578
94594100,0,0,0,0,0,0.0,1,57.29578
94594200,0,0,0,0,0,0.0,1,57.29578
94594300,0,0,0,0,0,0.0,1,57.29578
94594400,0,0,0,0,0,0.0,1,57.29578
94594500,0,0,0,0,0,0.0,1,57.29578
94594600,0,0,0,0,0,0.0,1,57.29578
94594700,0,0,0,0,0,0.0,1,57.29578
94594800,0,0,0,0,0,0.0,1,57.29578
94594900,0,0,0,0,0,0.0,1,57.29578
94595000,0,0,0,0,0,0.0,1,57.29578
94595100,0,0,0,0,0,0.0,1,57.29578
94595200,0,0,0,0,0,0.0,1,57.29578
94595300,0,0,0,0,0,0.0,1,57.29578
94595400,0,0,0,0,0,0.0,1,57.29578
94595500,0,0,0,0,0,0.0,1,57.29578
94595600,0,0,0,0,0,0.0,1,57.29578
94595700,0,0,0,0,0,0.0,1,57.29578
94595800,0,0,0,0,0,0.0,1,57.29578
94595900,0,0,0,0,0,0.0,1,57.29578
94596000,0,0,0,0,0,0.0,1,57.29578
94596100,0,0,0,0,0,0.0,1,57.29578
94596200,0,0,0,0,0,0.0,1,57.29578
94596300,0,0,0,0,0,0.0,1,57.29578
94596400,0,0,0,0,0,0.0,1,57.29578
94596500,0,0,0,0,0,0.0,1,57.29578
94596600,0,0,0,0,0,0.0,1,57.29578
94596700,0,0,0,0,0,0.0,1,57.29578
94596800,0,0,0,0,0,0.0,1,57.29578
94596900,0,0,0,0,0,0.0,1,57.29578
94597000,0,0,0,0,0,0.0,1,57.29578
94597100,0,0,0,0,0,0.0,1,57.29578
94597200,0,0,0,0,0,0.0,1,57.29578
94597300,0,0,0,0,0,0.0,1,57.29578
94597400,0,0,0,0,0,0.0,1,57.29578
94597500,0,0,0,0,0,0.0,1,57.29578
94597600,0,0,0,0,0,0.0,1,57.29578
94597700,0,0,0,0,0,0.0,1,57.29578
94597800,0,0,0,0,0,0.0,1,57.29578
94597900,0,0,0,0,0,0.0,1,57.29578
94598000,0,0,0,0,0,0.0,1,57.29578
94598100,0,0,0,0,0,0.0,1,57.29578
94598200,0,0,0,0,0,0.0,1,57.29578
94598300,0,0,0,0,0,0.0,1,57.29578
94598400,0,0,0,0,0,0.0,1,57.29578
94598500,0,0,0,0,0,0.0,1,57.29578
94598600,0,0,0,0,0,0.0,1,57.29578
94598700,0,0,0,0,0,0.0,1,57.29578
94598800,0,0,0,0,0,0.0,1,57.29578
94598900,0,0,0,0,0,0.0,1,57.29578
94599000,0,0,0,0,0,0.0,1,57.29578
94599100,0,0,0,0,0,0.0,1,57.29578
94599200,0,0,0,0,0,0.0,1,57.29578
94599300,0,0,0,0,0,0.0,1,57.29578
94599400,0,0,0,0,0,0.0,1,57.29578
94599500,0,0,0,0,0,0.0,1,57.29578
94599600,0,0,0,0,0,0.0,1,57.29578
94599700,0,0,0,0,0,0.0,1,57.29578
94599800,0,0,0,0,0,0.0,1,57.29578
94599900,0,0,0,0,0,0.0,1,57.29578
94600000,0,0,0,0,0,0.0,1,57.29578
94600100,0,0,0,0,0,0.0,1,57.29578
94600200,0,0,0,0,0,0.0,1,57.29578
94600300,0,0,0,0,0,0.0,1,57.29578
94600400,0,0,0,0,0,0.0,1,57.29578
94600500,0,0,0,0,0,0.0,1,57.29578
94600600,0,0,0,0,0,0.0,1,57.29578
94600700,0,0,0,0,0,0.0,1,57.29578
94600800,0,0,0,0,0,0.0,1,57.29578
94600900,0,0,0,0,0,0.0,1,57.29578
94601000,0,0,0,0,0,0.0,1,57.29578
94601100,0,0,0,0,0,0.0,1,57.29578
94601200,0,0,0,0,0,0.0,1,57.29578
94601300,0,0,0,0,0,0.0,1,57.29578
94601400,0,0,0,0,0,0.0,1,57.29578
94601500,0,0,0,0,0,0.0,1,57.29578
94601600,0,0,0,0,0,0.0,1,57.29578
94601700,0,0,0,0,0,0.0,1,57.29578
94601800,0,0,0,0,0,0.0,1,57.29578
94601900,0,0,0,0,0,0.0,1,57.29578
94602000,0,0,0,0,0,0.0,1,57.29578
94602100,0,0,0,0,0,0.0,1,57.29578
94602200,0,0,0,0,0,0.0,1,57.29578
94602300,0,0,0,0,0,0.0,1,57.29578
94602400,0,0,0,0,0,0.0,1,57.29578
94602500,0,0,0,0,0,0.0,1,57.29578
94602600,0,0,0,0,0,0.0,1,57.29578
94602700,0,0,0,0,0,0.0,1,57.29578
94602800,0,0,0,0,0,0.0,1,57.29578
94602900,0,0,0,0,0,0.0,1,57.29578
94603000,0,0,0,0,0,0.0,1,57.29578
94603100,0,0,0,0,0,0.0,1,57.29578
94603200,0,0,0,0,0,0.0,1,57.29578
94603300,0,0,0,0,0,0.0,1,57.29578
94603400,0,0,0,0,0,0.0,1,57.29578
94603500,0,0,0,0,0,0.0,1,57.29578
94603600,0,0,0,0,0,0.0,1,57.29578
94603700,0,0,0,0,0,0.0,1,57.29578
94603800,0,0,0,0,0,0.0,1,57.29578
94603900,0,0,0,0,0,0.0,1,57.29578
94604000,0,0,0,0,0,0.0,1,57.29578
94604100,0,0,0,0,0,0.0,1,57.29578
94604200,0,0,0,0,0,0.0,1,57.29578
94604300,0,0,0,0,0,0.0,1,57.29578
94604400,0,0,0,0,0,0.0,1,57.29578
94604500,0,0,0,0,0,0.0,1,57.29578
94604600,0,0,0,0,0,0.0,1,57.29578
94604800,0,0,0,0,0,0.0,1,57.29578
94604900,0,0,0,0,0,0.0,1,57.29578
94605000,0,0,0,0,0,0.0,1,57.29578
94605100,0,0,0,0,0,0.0,1,57.29578
94606000,0,0,0,0,0,0.0,1,57.29578
94606100,0,0,0,0,0,0.0,1,57.29578
94606200,0,0,0,0,0,0.0,1,57.29578
94606300,0,0,0,0,0,0.0,1,57.29578
94606400,0,0,0,0,0,0.0,1,57.29578
94607000,0,0,0,0,0,0.0,1,57.29578
94607100,0,0,0,0,0,0.0,1,57.29578
94607200,0,0,0,0,0,0.0,1,57.29578
94607300,0,0,0,0,0,0.0,1,57.29578
94608000,0,0,0,0,0,0.0,1,57.29578
94608100,0,0,0,0,0,0.0,1,57.29578
94608200,0,0,0,0,0,0.0,1,57.29578
94608300,0,0,0,0,0,0.0,1,57.29578
94608400,0,0,0,0,0,0.0,1,57.29578
94609100,0,0,0,0,0,0.0,1,57.29578
94609200,0,0,0,0,0,0.0,1,57.29578
94609300,0,0,0,0,0,0.0,1,57.29578
94609400,0,0,0,0,0,0.0,1,57.29578
94609500,0,0,0,0,0,0.0,1,57.29578
94610200,0,0,0,0,0,0.0,1,57.29578
94610300,0,0,0,0,0,0.0,1,57.29578
94610400,0,0,0,0,0,0.0,1,57.29578
94610500,0,0,0,0,0,0.0,1,57.29578
94610600,0,0,0,0,0,0.0,1,57.29578
94611700,0,0,0,0,0,0.0,1,57.29578
94612400,0,0,0,0,0,0.0,1,57.29578
94612500,0,0,0,0,0,0.0,1,57.29578
94612600,0,0,0,0,0,0.0,1,57.29578
94612700,0,0,0,0,0,0.0,1,57.29578
94613500,0,0,0,0,0,0.0,1,57.29578
94613600,0,0,0,0,0,0.0,1,57.29578
94613700,0,0,0,0,0,0.0,1,57.29578
94613800,0,0,0,0,0,0.0,1,57.29578
94614600,0,0,0,0,0,0.0,1,57.29578
94614700,0,0,0,0,0,0.0,1,57.29578
94614800,0,0,0,0,0,0.0,1,57.29578
94614900,0,0,0,0,0,0.0,1,57.29578
94615000,0,0,0,0,0,0.0,1,57.29578
94615800,0,0,0,0,0,0.0,1,57.29578
94615900,0,0,0,0,0,0.0,1,57.29578
94616000,0,0,0,0,0,0.0,1,57.29578
94616100,0,0,0,0,0,0.0,1,57.29578
94617000,0,0,0,0,0,0.0,1,57.29578
94617100,0,0,0,0,0,0.0,1,57.29578
94617200,0,0,0,0,0,0.0,1,57.29578
94617300,0,0,0,0,0,0.0,1,57.29578
94618100,0,0,0,0,0,0.0,1,57.29578
94618200,0,0,0,0,0,0.0,1,57.29578
94618300,0,0,0,0,0,0.0,1,57.29578
94618400,0,0,0,0,0,0.0,1,57.29578
94618500,0,0,0,0,0,0.0,1,57.29578
94619200,0,0,0,0,0,0.0,1,57.29578
94619300,0,0,0,0,0,0.0,1,57.29578
94619400,0,0,0,0,0,0.0,1,57.29578
94619500,0,0,0,0,0,0.0,1,57.29578
94619700,0,0,0,0,0,0.0,1,57.29578
94619800,0,0,0,0,0,0.0,1,57.29578
94619900,0,0,0,0,0,0.0,1,57.29578
94620000,0,0,0,0,0,0.0,1,57.29578
94620200,0,0,0,0,0,0.0,1,57.29578
94620300,0,0,0,0,0,0.0,1,57.29578
94620400,0,0,0,0,0,0.0,1,57.29578
94620500,0,0,0,0,0,0.0,1,57.29578
94620600,0,0,0,0,0,0.0,1,57.29578
94620700,0,0,0,0,0,0.0,1,57.29578
94620800,0,0,0,0,0,0.0,1,57.29578
94620900,0,0,0,0,0,0.0,1,57.29578
94621000,0,0,0,0,0,0.0,1,57.29578
94621100,0,0,0,0,0,0.0,1,57.29578
94621200,0,0,0,0,0,0.0,1,57.29578
94621300,0,0,0,0,0,0.0,1,57.29578
94621400,0,0,0,0,0,0.0,1,57.29578
94621500,0,0,0,0,0,0.0,1,57.29578
94621600,0,0,0,0,0,0.0,1,57.29578
94621700,0,0,0,0,0,0.0,1,57.29578
94621800,0,0,0,0,0,0.0,1,57.29578
94621900,0,0,0,0,0,0.0,1,57.29578
94622000,0,0,0,0,0,0.0,1,57.29578
94622100,0,0,0,0,0,0.0,1,57.29578
94622200,0,0,0,0,0,0.0,1,57.29578
94622300,0,0,0,0,0,0.0,1,57.29578
94622400,0,0,0,0,0,0.0,1,57.29578
94622500,0,0,0,0,0,0.0,1,57.29578
94622600,0,0,0,0,0,0.0,1,57.29578
94622700,0,0,0,0,0,0.0,1,57.29578
94622800,0,0,0,0,0,0.0,1,57.29578
94622900,0,0,0,0,0,0.0,1,57.29578
94623000,0,0,0,0,0,0.0,1,57.29578
94623100,0,0,0,0,0,0.0,1,57.29578
94623200,0,0,0,0,0,0.0,1,57.29578
94623300,0,0,0,0,0,0.0,1,57.29578
94623400,0,0,0,0,0,0.0,1,57.29578
94623500,0,0,0,0,0,0.0,1,57.29578
94623600,0,0,0,0,0,0.0,1,57.29578
94623700,0,0,0,0,0,0.0,1,57.29578
94623800,0,0,0,0,0,0.0,1,57.29578
94623900,0,0,0,0,0,0.0,1,57.29578
94624000,0,0,0,0,0,0.0,1,57.29578
94624100,0,0,0,0,0,0.0,1,57.29578
94624200,0,0,0,0,0,0.0,1,57.29578
94624300,0,0,0,0,0,0.0,1,57.29578
94624400,0,0,0,0,0,0.0,1,57.29578
94624500,0,0,0,0,0,0.0,1,57.29578
94624600,0,0,0,0,0,0.0,1,57.29578
94624700,0,0,0,0,0,0.0,1,57.29578
94624800,0,0,0,0,0,0.0,1,57.29578
94624900,0,0,0,0,0,0.0,1,57.29578
94625000,0,0,0,0,0,0.0,1,57.29578
94625100,0,0,0,0,0,0.0,1,57.29578
94625200,0,0,0,0,0,0.0,1,57.29578
94625300,0,0,0,0,0,0.0,1,57.29578
94625400,0,0,0,0,0,0.0,1,57.29578
94625500,0,0,0,0,0,0.0,1,57.29578
94625600,0,0,0,0,0,0.0,1,57.29578
94625700,0,0,0,0,0,0.0,1,57.29578
94625800,0,0,0,0,0,0.0,1,57.29578
94625900,0,0,0,0,0,0.0,1,57.29578
94626000,0,0,0,0,0,0.0,1,57.29578
94626100,0,0,0,0,0,0.0,1,57.29578
94626200,0,0,0,0,0,0.0,1,57.29578
94626300,0,0,0,0,0,0.0,1,57.29578
94626400,0,0,0,0,0,0.0,1,57.29578
94626500,0,0,0,0,0,0.0,1,57.29578
94626600,0,0,0,0,0,0.0,1,57.29578
94626700,0,0,0,0,0,0.0,1,57.29578
94626800,0,0,0,0,0,0.0,1,57.29578
94626900,0,0,0,0,0,0.0,1,57.29578
94627000,0,0,0,0,0,0.0,1,57.29578
94627100,0,0,0,0,0,0.0,1,57.29578
94627200,0,0,0,0,0,0.0,1,57.29578
94627300,0,0,0,0,0,0.0,1,57.29578
94627400,0,0,0,0,0,0.0,1,57.29578
94627500,0,0,0,0,0,0.0,1,57.29578
94627600,0,0,0,0,0,0.0,1,57.29578
94627700,0,0,0,0,0,0.0,1,57.29578
94627800,0,0,0,0,0,0.0,1,57.29578
94627900,0,0,0,0,0,0.0,1,57.29578
94628000,0,0,0,0,0,0.0,1,57.29578
94628100,0,0,0,0,0,0.0,1,57.29578
94628200,0,0,0,0,0,0.0,1,57.29578
94628400,0,0,0,0,0,0.0,1,57.29578
94628500,0,0,0,0,0,0.0,1,57.29578
94628600,0,0,0,0,0,0.0,1,57.29578
94628700,0,0,0,0,0,0.0,1,57.29578
94628800,0,0,0,0,0,0.0,1,57.29578
94628900,0,0,0,0,0,0.0,1,57.29578
94629000,0,0,0,0,0,0.0,1,57.29578
94629100,0,0,0,0,0,0.0,1,57.29578
94629200,0,0,0,0,0,0.0,1,57.29578
94629300,0,0,0,0,0,0.0,1,57.29578
94629400,0,0,0,0,0,0.0,1,57.29578
94629500,0,0,0,0,0,0.0,1,57.29578
94629600,0,0,0,0,0,0.0,1,57.29578
94629700,0,0,0,0,0,0.0,1,57.29578
94629900,0,0,0,0,0,0.0,1,57.29578
94630000,0,0,0,0,0,0.0,1,57.29578
94630200,0,0,0,0,0,0.0,1,57.29578
94630300,0,0,0,0,0,0.0,1,57.29578
94630400,0,0,0,0,0,0.0,1,57.29578
94630500,0,0,0,0,0,0.0,1,57.29578
94630600,0,0,0,0,0,0.0,1,57.29578
94630700,0,0,0,0,0,0.0,1,57.29578
94630800,0,0,0,0,0,0.0,1,57.29578
94630900,0,0,0,0,0,0.0,1,57.29578
94631000,0,0,0,0,0,0.0,1,57.29578
94631100,0,0,0,0,0,0.0,1,57.29578
94631200,0,0,0,0,0,0.0,1,57.29578
94631300,0,0,0,0,0,0.0,1,57.29578
94631400,0,0,0,0,0,0.0,1,57.29578
94631500,0,0,0,0,0,0.0,1,57.29578
94631600,0,0,0,0,0,0.0,1,57.29578
94631700,0,0,0,0,0,0.0,1,57.29578
94631800,0,0,0,0,0,0.0,1,57.29578
94631900,0,0,0,0,0,0.0,1,57.29578
94632000,0,0,0,0,0,0.0,1,57.29578
94632100,0,0,0,0,0,0.0,1,57.29578
94632200,0,0,0,0,0,0.0,1,57.29578
94632300,0,0,0,0,0,0.0,1,57.29578
94632400,0,0,0,0,0,0.0,1,57.29578
94632500,0,0,0,0,0,0.0,1,57.29578
94632600,0,0,0,0,0,0.0,1,57.29578
94632700,0,0,0,0,0,0.0,1,57.29578
94632800,0,0,0,0,0,0.0,1,57.29578
94632900,0,0,0,0,0,0.0,1,57.29578
94633000,0,0,0,0,0,0.0,1,57.29578
94633200,0,0,0,0,0,0.0,1,57.29578
94633300,0,0,0,0,0,0.0,1,57.29578
94633400,0,0,0,0,0,0.0,1,57.29578
94633500,0,0,0,0,0,0.0,1,57.29578
94633600,0,0,0,0,0,0.0,1,57.29578
94633700,0,0,0,0,0,0.0,1,57.29578
94633800,0,0,0,0,0,0.0,1,57.29578
94633900,0,0,0,0,0,0.0,1,57.29578
94634000,0,0,0,0,0,0.0,1,57.29578
94634100,0,0,0,0,0,0.0,1,57.29578
94634200,0,0,0,0,0,0.0,1,57.29578
94634300,0,0,0,0,0,0.0,1,57.29578
94634400,0,0,0,0,0,0.0,1,57.29578
94634500,0,0,0,0,0,0.0,1,57.29578
94634600,0,0,0,0,0,0.0,1,57.29578
94634700,0,0,0,0,0,0.0,1,57.29578
94634800,0,0,0,0,0,0.0,1,57.29578
94634900,0,0,0,0,0,0.0,1,57.29578
94635000,0,0,0,0,0,0.0,1,57.29578
94635100,0,0,0,0,0,0.0,1,57.29578
94635200,0,0,0,0,0,0.0,1,57.29578
94635300,0,0,0,0,0,0.0,1,57.29578
94635400,0,0,0,0,0,0.0,1,57.29578
94635500,0,0,0,0,0,0.0,1,57.29578
94635600,0,0,0,0,0,0.0,1,57.29578
94635700,0,0,0,0,0,0.0,1,57.29578
94635800,0,0,0,0,0,0.0,1,57.29578
94635900,0,0,0,0,0,0.0,1,57.29578
94636000,0,0,0,0,0,0.0,1,57.29578
94636100,0,0,0,0,0,0.0,1,57.29578
94636200,0,0,0,0,0,0.0,1,57.29578
94636300,0,0,0,0,0,0.0,1,57.29578
94636400,0,0,0,0,0,0.0,1,57.29578
94636500,0,0,0,0,0,0.0,1,57.29578
94636600,0,0,0,0,0,0.0,1,57.29578
94636700,0,0,0,0,0,0.0,1,57.29578
94636800,0,0,0,0,0,0.0,1,57.29578
94636900,0,0,0,0,0,0.0,1,57.29578
94637000,0,0,0,0,0,0.0,1,57.29578
94637100,0,0,0,0,0,0.0,1,57.29578
94637200,0,0,0,0,0,0.0,1,57.29578
94637300,0,0,0,0,0,0.0,1,57.29578
94637400,0,0,0,0,0,0.0,1,57.29578
94637500,0,0,0,0,0,0.0,1,57.29578
94637600,0,0,0,0,0,0.0,1,57.29578
94637700,0,0,0,0,0,0.0,1,57.29578
94637800,0,0,0,0,0,0.0,1,57.29578
94637900,0,0,0,0,0,0.0,1,57.29578
94638000,0,0,0,0,0,0.0,1,57.29578
94638100,0,0,0,0,0,0.0,1,57.29578
94638200,0,0,0,0,0,0.0,1,57.29578
94638300,0,0,0,0,0,0.0,1,57.29578
94638400,0,0,0,0,0,0.0,1,57.29578
94638500,0,0,0,0,0,0.0,1,57.29578
94638600,0,0,0,0,0,0.0,1,57.29578
94638700,0,0,0,0,0,0.0,1,57.29578
94638800,0,0,0,0,0,0.0,1,57.29578
94638900,0,0,0,0,0,0.0,1,57.29578
94639000,0,0,0,0,0,0.0,1,57.29578
94639100,0,0,0,0,0,0.0,1,57.29578
94639200,0,0,0,0,0,0.0,1,57.29578
94639300,0,0,0,0,0,0.0,1,57.29578
94639400,0,0,0,0,0,0.0,1,57.29578
94639500,0,0,0,0,0,0.0,1,57.29578
94639600,0,0,0,0,0,0.0,1,57.29578
94639700,0,0,0,0,0,0.0,1,57.29578
94639800,0,0,0,0,0,0.0,1,57.29578
94639900,0,0,0,0,0,0.0,1,57.29578
94640000,0,0,0,0,0,0.0,1,57.29578
94640100,0,0,0,0,0,0.0,1,57.29578
94640200,0,0,0,0,0,0.0,1,57.29578
94640300,0,0,0,0,0,0.0,1,57.29578
94640400,0,0,0,0,0,0.0,1,57.29578
94640500,0,0,0,0,0,0.0,1,57.29578
94640600,0,0,0,0,0,0.0,1,57.29578
94640700,0,0,0,0,0,0.0,1,57.29578
94640800,0,0,0,0,0,0.0,1,57.29578
94640900,0,0,0,0,0,0.0,1,57.29578
94641000,0,0,0,0,0,0.0,1,57.29578
94641100,0,0,0,0,0,0.0,1,57.29578
94641200,0,0,0,0,0,0.0,1,57.29578
94641300,0,0,0,0,0,0.0,1,57.29578
94641400,0,0,0,0,0,0.0,1,57.29578
94641500,0,0,0,0,0,0.0,1,57.29578
94641600,0,0,0,0,0,0.0,1,57.29578
94641700,0,0,0,0,0,0.0,1,57.29578
94641800,0,0,0,0,0,0.0,1,57.29578
94641900,0,0,0,0,0,0.0,1,57.29578
94642000,0,0,0,0,0,0.0,1,57.29578
94642100,0,0,0,0,0,0.0,1,57.29578
94642200,0,0,0,0,0,0.0,1,57.29578
94642300,0,0,0,0,0,0.0,1,57.29578
94642400,0,0,0,0,0,0.0,1,57.29578
94642500,0,0,0,0,0,0.0,1,57.29578
94642600,0,0,0,0,0,0.0,1,57.29578
94642700,0,0,0,0,0,0.0,1,57.29578
94642800,0,0,0,0,0,0.0,1,57.29578
94642900,0,0,0,0,0,0.0,1,57.29578
94643000,0,0,0,0,0,0.0,1,57.29578
94643100,0,0,0,0,0,0.0,1,57.29578
94643200,0,0,0,0,0,0.0,1,57.29578
94643300,0,0,0,0,0,0.0,1,57.29578
94643400,0,0,0,0,0,0.0,1,57.29578
94643500,0,0,0,0,0,0.0,1,57.29578
94643600,0,0,0,0,0,0.0,1,57.29578
94643700,0,0,0,0,0,0.0,1,57.29578
94643800,0,0,0,0,0,0.0,1,57.29578
94643900,0,0,0,0,0,0.0,1,57.29578
94644000,0,0,0,0,0,0.0,1,57.29578
94644100,0,0,0,0,0,0.0,1,57.29578
94644200,0,0,0,0,0,0.0,1,57.29578
94644300,0,0,0,0,0,0.0,1,57.29578
94644400,0,0,0,0,0,0.0,1,57.29578
94644500,0,0,0,0,0,0.0,1,57.29578
94644600,0,0,0,0,0,0.0,1,57.29578
94644700,0,0,0,0,0,0.0,1,57.29578
94644800,0,0,0,0,0,0.0,1,57.29578
94644900,0,0,0,0,0,0.0,1,57.29578
94645000,0,0,0,0,0,0.0,1,57.29578
94645100,0,0,0,0,0,0.0,1,57.29578
94645200,0,0,0,0,0,0.0,1,57.29578
94645300,0,0,0,0,0,0.0,1,57.29578
94645400,0,0,0,0,0,0.0,1,57.29578
94645500,0,0,0,0,0,0.0,1,57.29578
94645600,0,0,0,0,0,0.0,1,57.29578
94645700,0,0,0,0,0,0.0,1,57.29578
94645800,0,0,0,0,0,0.0,1,57.29578
94645900,0,0,0,0,0,0.0,1,57.29578
94646000,0,0,0,0,0,0.0,1,57.29578
94646100,0,0,0,0,0,0.0,1,57.29578
94646200,0,0,0,0,0,0.0,1,57.29578
94646300,0,0,0,0,0,0.0,1,57.29578
94646400,0,0,0,0,0,0.0,1,57.29578
94646500,0,0,0,0,0,0.0,1,57.29578
94646600,0,0,0,0,0,0.0,1,57.29578
94646700,0,0,0,0,0,0.0,1,57.29578
94646800,0,0,0,0,0,0.0,1,57.29578
94646900,0,0,0,0,0,0.0,1,57.29578
94647000,0,0,0,0,0,0.0,1,57.29578
94647100,0,0,0,0,0,0.0,1,57.29578
94647200,0,0,0,0,0,0.0,1,57.29578
94647300,0,0,0,0,0,0.0,1,57.29578
94647400,0,0,0,0,0,0.0,1,57.29578
94647500,0,0,0,0,0,0.0,1,57.29578
94647600,0,0,0,0,0,0.0,1,57.29578
94647700,0,0,0,0,0,0.0,1,57.29578
94647800,0,0,0,0,0,0.0,1,57.29578
94647900,0,0,0,0,0,0.0,1,57.29578
94648000,0,0,0,0,0,0.0,1,57.29578
94648100,0,0,0,0,0,0.0,1,57.29578
94648200,0,0,0,0,0,0.0,1,57.29578
94648300,0,0,0,0,0,0.0,1,57.29578
94648400,0,0,0,0,0,0.0,1,57.29578
94648500,0,0,0,0,0,0.0,1,57.29578
94648600,0,0,0,0,0,0.0,1,57.29578
94648700,0,0,0,0,0,0.0,1,57.29578
94648800,0,0,0,0,0,0.0,1,57.29578
94648900,0,0,0,0,0,0.0,1,57.29578
94649000,0,0,0,0,0,0.0,1,57.29578
94649100,0,0,0,0,0,0.0,1,57.29578
94649200,0,0,0,0,0,0.0,1,57.29578
94649300,0,0,0,0,0,0.0,1,57.29578
94649400,0,0,0,0,0,0.0,1,57.29578
94649500,0,0,0,0,0,0.0,1,57.29578
94649600,0,0,0,0,0,0.0,1,57.29578
94649700,0,0,0,0,0,0.0,1,57.29578
94649800,0,0,0,0,0,0.0,1,57.29578
94649900,0,0,0,0,0,0.0,1,57.29578
94650000,0,0,0,0,0,0.0,1,57.29578
94650100,0,0,0,0,0,0.0,1,57.29578
94650200,0,0,0,0,0,0.0,1,57.29578
94650300,0,0,0,0,0,0.0,1,57.29578
94650400,0,0,0,0,0,0.0,1,57.29578
94650500,0,0,0,0,0,0.0,1,57.29578
94650600,0,0,0,0,0,0.0,1,57.29578
94650700,0,0,0,0,0,0.0,1,57.29578
94650800,0,0,0,0,0,0.0,1,57.29578
94650900,0,0,0,0,0,0.0,1,57.29578
94651000,0,0,0,0,0,0.0,1,57.29578
94651100,0,0,0,0,0,0.0,1,57.29578
94651200,0,0,0,0,0,0.0,1,57.29578
94651300,0,0,0,0,0,0.0,1,57.29578
94651400,0,0,0,0,0,0.0,1,57.29578
94651500,0,0,0,0,0,0.0,1,57.29578
94651600,0,0,0,0,0,0.0,1,57.29578
94651700,0,0,0,0,0,0.0,1,57.29578
94651800,0,0,0,0,0,0.0,1,57.29578
94651900,0,0,0,0,0,0.0,1,57.29578
94652000,0,0,0,0,0,0.0,1,57.29578
94652200,0,0,0,0,0,0.0,1,57.29578
94652300,0,0,0,0,0,0.0,1,57.29578
94652400,0,0,0,0,0,0.0,1,57.29578
94652500,0,0,0,0,0,0.0,1,57.29578
94652600,0,0,0,0,0,0.0,1,57.29578
94652700,0,0,0,0,0,0.0,1,57.29578
94652800,0,0,0,0,0,0.0,1,57.29578
94652900,0,0,0,0,0,0.0,1,57.29578
94653000,0,0,0,0,0,0.0,1,57.29578
94653100,0,0,0,0,0,0.0,1,57.29578
94653200,0,0,0,0,0,0.0,1,57.29578
94653300,0,0,0,0,0,0.0,1,57.29578
94653400,0,0,0,0,0,0.0,1,57.29578
94653500,0,0,0,0,0,0.0,1,57.29578
94653600,0,0,0,0,0,0.0,1,57.29578
94653700,0,0,0,0,0,0.0,1,57.29578
94653800,0,0,0,0,0,0.0,1,57.29578
94653900,0,0,0,0,0,0.0,1,57.29578
94654000,0,0,0,0,0,0.0,1,57.29578
94654100,0,0,0,0,0,0.0,1,57.29578
94654200,0,0,0,0,0,0.0,1,57.29578
94654300,0,0,0,0,0,0.0,1,57.29578
94654400,0,0,0,0,0,0.0,1,57.29578
94654500,0,0,0,0,0,0.0,1,57.29578
94654600,0,0,0,0,0,0.0,1,57.29578
94654700,0,0,0,0,0,0.0,1,57.29578
94654800,0,0,0,0,0,0.0,1,57.29578
94654900,0,0,0,0,0,0.0,1,57.29578
94655000,0,0,0,0,0,0.0,1,57.29578
94655200,0,0,0,0,0,0.0,1,57.29578
94655300,0,0,0,0,0,0.0,1,57.29578
94655400,0,0,0,0,0,0.0,1,57.29578
94655500,0,0,0,0,0,0.0,1,57.29578
94655600,0,0,0,0,0,0.0,1,57.29578
94655700,0,0,0,0,0,0.0,1,57.29578
94655800,0,0,0,0,0,0.0,1,57.29578
94655900,0,0,0,0,0,0.0,1,57.29578
94656000,0,0,0,0,0,0.0,1,57.29578
94656200,0,0,0,0,0,0.0,1,57.29578
94656300,0,0,0,0,0,0.0,1,57.29578
94656400,0,0,0,0,0,0.0,1,57.29578
94656500,0,0,0,0,0,0.0,1,57.29578
94656600,0,0,0,0,0,0.0,1,57.29578
94656700,0,0,0,0,0,0.0,1,57.29578
94656800,0,0,0,0,0,0.0,1,57.29578
94656900,0,0,0,0,0,0.0,1,57.29578
94657000,0,0,0,0,0,0.0,1,57.29578
94657100,0,0,0,0,0,0.0,1,57.29578
94657200,0,0,0,0,0,0.0,1,57.29578
94657300,0,0,0,0,0,0.0,1,57.29578
94657400,0,0,0,0,0,0.0,1,57.29578
94657500,0,0,0,0,0,0.0,1,57.29578
94657600,0,0,0,0,0,0.0,1,57.29578
94657700,0,0,0,0,0,0.0,1,57.29578
94657800,0,0,0,0,0,0.0,1,57.29578
94657900,0,0,0,0,0,0.0,1,57.29578
94658000,0,0,0,0,0,0.0,1,57.29578
94658100,0,0,0,0,0,0.0,1,57.29578
94658200,0,0,0,0,0,0.0,1,57.29578
94658300,0,0,0,0,0,0.0,1,57.29578
94658400,0,0,0,0,0,0.0,1,57.29578
94658500,0,0,0,0,0,0.0,1,57.29578
94658600,0,0,0,0,0,0.0,1,57.29578
94658700,0,0,0,0,0,0.0,1,57.29578
94658800,0,0,0,0,0,0.0,1,57.29578
94658900,0,0,0,0,0,0.0,1,57.29578
94659000,0,0,0,0,0,0.0,1,57.29578
94659100,0,0,0,0,0,0.0,1,57.29578
94659200,0,0,0,0,0,0.0,1,57.29578
94659300,0,0,0,0,0,0.0,1,57.29578
94659400,0,0,0,0,0,0.0,1,57.29578
94659500,0,0,0,0,0,0.0,1,57.29578
94659600,0,0,0,0,0,0.0,1,57.29578
94659700,0,0,0,0,0,0.0,1,57.29578
94659800,0,0,0,0,0,0.0,1,57.29578
94659900,0,0,0,0,0,0.0,1,57.29578
94660000,0,0,0,0,0,0.0,1,57.29578
94660100,0,0,0,0,0,0.0,1,57.29578
94660200,0,0,0,0,0,0.0,1,57.29578
94660300,0,0,0,0,0,0.0,1,57.29578
94660400,0,0,0,0,0,0.0,1,57.29578
94660500,0,0,0,0,0,0.0,1,57.29578
94660600,0,0,0,0,0,0.0,1,57.29578
94660700,0,0,0,0,0,0.0,1,57.29578
94660800,0,0,0,0,0,0.0,1,57.29578
94660900,0,0,0,0,0,0.0,1,57.29578
94661000,0,0,0,0,0,0.0,1,57.29578
94661100,0,0,0,0,0,0.0,1,57.29578
94661200,0,0,0,0,0,0.0,1,57.29578
94661300,0,0,0,0,0,0.0,1,57.29578
94661400,0,0,0,0,0,0.0,1,57.29578
94661500,0,0,0,0,0,0.0,1,57.29578
94661600,0,0,0,0,0,0.0,1,57.29578
94661700,0,0,0,0,0,0.0,1,57.29578
94661800,0,0,0,0,0,0.0,1,57.29578
94661900,0,0,0,0,0,0.0,1,57.29578
94662000,0,0,0,0,0,0.0,1,57.29578
94662100,0,0,0,0,0,0.0,1,57.29578
94662200,0,0,0,0,0,0.0,1,57.29578
94662300,0,0,0,0,0,0.0,1,57.29578
94662400,0,0,0,0,0,0.0,1,57.29578
94662500,0,0,0,0,0,0.0,1,57.29578
94662600,0,0,0,0,0,0.0,1,57.29578
94662700,0,0,0,0,0,0.0,1,57.29578
94662800,0,0,0,0,0,0.0,1,57.29578
94662900,0,0,0,0,0,0.0,1,57.29578
94663000,0,0,0,0,0,0.0,1,57.29578
94663100,0,0,0,0,0,0.0,1,57.29578
94663200,0,0,0,0,0,0.0,1,57.29578
94663300,0,0,0,0,0,0.0,1,57.29578
94663400,0,0,0,0,0,0.0,1,57.29578
94663500,0,0,0,0,0,0.0,1,57.29578
94663600,0,0,0,0,0,0.0,1,57.29578
94663700,0,0,0,0,0,0.0,1,57.29578
94663800,0,0,0,0,0,0.0,1,57.29578
94663900,0,0,0,0,0,0.0,1,57.29578
94664000,0,0,0,0,0,0.0,1,57.29578
94664100,0,0,0,0,0,0.0,1,57.29578
94664200,0,0,0,0,0,0.0,1,57.29578
94664300,0,0,0,0,0,0.0,1,57.29578
94664400,0,0,0,0,0,0.0,1,57.29578
94664500,0,0,0,0,0,0.0,1,57.29578
94664600,0,0,0,0,0,0.0,1,57.29578
94664700,0,0,0,0,0,0.0,1,57.29578
94664800,0,0,0,0,0,0.0,1,57.29578
94664900,0,0,0,0,0,0.0,1,57.29578
94665000,0,0,0,0,0,0.0,1,57.29578
94665100,0,0,0,0,0,0.0,1,57.29578
94665200,0,0,0,0,0,0.0,1,57.29578
94665300,0,0,0,0,0,0.0,1,57.29578
94665400,0,0,0,0,0,0.0,1,57.29578
94665500,0,0,0,0,0,0.0,1,57.29578
94665600,0,0,0,0,0,0.0,1,57.29578
94665700,0,0,0,0,0,0.0,1,57.29578
94665800,0,0,0,0,0,0.0,1,57.29578
94665900,0,0,0,0,0,0.0,1,57.29578
94666000,0,0,0,0,0,0.0,1,57.29578
94666100,0,0,0,0,0,0.0,1,57.29578
94666200,0,0,0,0,0,0.0,1,57.29578
94666300,0,0,0,0,0,0.0,1,57.29578
94666400,0,0,0,0,0,0.0,1,57.29578
94666500,0,0,0,0,0,0.0,1,57.29578
94666600,0,0,0,0,0,0.0,1,57.29578
94666700,0,0,0,0,0,0.0,1,57.29578
94666800,0,0,0,0,0,0.0,1,57.29578
94666900,0,0,0,0,0,0.0,1,57.29578
94667000,0,0,0,0,0,0.0,1,57.29578
94667100,0,0,0,0,0,0.0,1,57.29578
94667200,0,0,0,0,0,0.0,1,57.29578
94667300,0,0,0,0,0,0.0,1,57.29578
94667400,0,0,0,0,0,0.0,1,57.29578
94667500,0,0,0,0,0,0.0,1,57.29578
94667600,0,0,0,0,0,0.0,1,57.29578
94667700,0,0,0,0,0,0.0,1,57.29578
94667800,0,0,0,0,0,0.0,1,57.29578
94667900,0,0,0,0,0,0.0,1,57.29578
94668000,0,0,0,0,0,0.0,1,57.29578
94668100,0,0,0,0,0,0.0,1,57.29578
94668200,0,0,0,0,0,0.0,1,57.29578
94668300,0,0,0,0,0,0.0,1,57.29578
94668400,0,0,0,0,0,0.0,1,57.29578
94668500,0,0,0,0,0,0.0,1,57.29578
94668600,0,0,0,0,0,0.0,1,57.29578
94668700,0,0,0,0,0,0.0,1,57.29578
94668800,0,0,0,0,0,0.0,1,57.29578
94668900,0,0,0,0,0,0.0,1,57.29578
94669000,0,0,0,0,0,0.0,1,57.29578
94669100,0,0,0,0,0,0.0,1,57.29578
94669200,0,0,0,0,0,0.0,1,57.29578
94669300,0,0,0,0,0,0.0,1,57.29578
94669400,0,0,0,0,0,0.0,1,57.29578
94669500,0,0,0,0,0,0.0,1,57.29578
94669600,0,0,0,0,0,0.0,1,57.29578
94669700,0,0,0,0,0,0.0,1,57.29578
94669800,0,0,0,0,0,0.0,1,57.29578
94669900,0,0,0,0,0,0.0,1,57.29578
94670000,0,0,0,0,0,0.0,1,57.29578
94670100,0,0,0,0,0,0.0,1,57.29578
94670200,0,0,0,0,0,0.0,1,57.29578
94670300,0,0,0,0,0,0.0,1,57.29578
94670400,0,0,0,0,0,0.0,1,57.29578
94670500,0,0,0,0,0,0.0,1,57.29578
94670600,0,0,0,0,0,0.0,1,57.29578
94670700,0,0,0,0,0,0.0,1,57.29578
94670800,0,0,0,0,0,0.0,1,57.29578
94670900,0,0,0,0,0,0.0,1,57.29578
94671000,0,0,0,0,0,0.0,1,57.29578
94671100,0,0,0,0,0,0.0,1,57.29578
94671200,0,0,0,0,0,0.0,1,57.29578
94671300,0,0,0,0,0,0.0,1,57.29578
94671400,0,0,0,0,0,0.0,1,57.29578
94671500,0,0,0,0,0,0.0,1,57.29578
94671600,0,0,0,0,0,0.0,1,57.29578
94671700,0,0,0,0,0,0.0,1,57.29578
94671800,0,0,0,0,0,0.0,1,57.29578
94671900,0,0,0,0,0,0.0,1,57.29578
94672000,0,0,0,0,0,0.0,1,57.29578
94672100,0,0,0,0,0,0.0,1,57.29578
94672200,0,0,0,0,0,0.0,1,57.29578
94672300,0,0,0,0,0,0.0,1,57.29578
94672400,0,0,0,0,0,0.0,1,57.29578
94672500,0,0,0,0,0,0.0,1,57.29578
94672600,0,0,0,0,0,0.0,1,57.29578
94672700,0,0,0,0,0,0.0,1,57.29578
94672800,0,0,0,0,0,0.0,1,57.29578
94672900,0,0,0,0,0,0.0,1,57.29578
94673000,0,0,0,0,0,0.0,1,57.29578
94673100,0,0,0,0,0,0.0,1,57.29578
94673200,0,0,0,0,0,0.0,1,57.29578
94673300,0,0,0,0,0,0.0,1,57.29578
94673400,0,0,0,0,0,0.0,1,57.29578
94673500,0,0,0,0,0,0.0,1,57.29578
94673600,0,0,0,0,0,0.0,1,57.29578
94673700,0,0,0,0,0,0.0,1,57.29578
94673800,0,0,0,0,0,0.0,1,57.29578
94673900,0,0,0,0,0,0.0,1,57.29578
94674000,0,0,0,0,0,0.0,1,57.29578
94674100,0,0,0,0,0,0.0,1,57.29578
94674200,0,0,0,0,0,0.0,1,57.29578
94674300,0,0,0,0,0,0.0,1,57.29578
94674400,0,0,0,0,0,0.0,1,57.29578
94674500,0,0,0,0,0,0.0,1,57.29578
94674600,0,0,0,0,0,0.0,1,57.29578
94674700,0,0,0,0,0,0.0,1,57.29578
94674800,0,0,0,0,0,0.0,1,57.29578
94674900,0,0,0,0,0,0.0,1,57.29578
94675100,0,0,0,0,0,0.0,1,57.29578
94675200,0,0,0,0,0,0.0,1,57.29578
94675300,0,0,0,0,0,0.0,1,57.29578
94675400,0,0,0,0,0,0.0,1,57.29578
94675500,0,0,0,0,0,0.0,1,57.29578
94676000,0,0,0,0,0,0.0,1,57.29578
94676200,0,0,0,0,0,0.0,1,57.29578
94676300,0,0,0,0,0,0.0,1,57.29578
94676400,0,0,0,0,0,0.0,1,57.29578
94676500,0,0,0,0,0,0.0,1,57.29578
94676600,0,0,0,0,0,0.0,1,57.29578
94676700,0,0,0,0,0,0.0,1,57.29578
94676800,0,0,0,0,0,0.0,1,57.29578
94676900,0,0,0,0,0,0.0,1,57.29578
94677000,0,0,0,0,0,0.0,1,57.29578
94677100,0,0,0,0,0,0.0,1,57.29578
94677300,0,0,0,0,0,0.0,1,57.29578
94677400,0,0,0,0,0,0.0,1,57.29578
94677500,0,0,0,0,0,0.0,1,57.29578
94677600,0,0,0,0,0,0.0,1,57.29578
94677700,0,0,0,0,0,0.0,1,57.29578
94677800,0,0,0,0,0,0.0,1,57.29578
94677900,0,0,0,0,0,0.0,1,57.29578
94678000,0,0,0,0,0,0.0,1,57.29578
94678100,0,0,0,0,0,0.0,1,57.29578
94678300,0,0,0,0,0,0.0,1,57.29578
94678400,0,0,0,0,0,0.0,1,57.29578
94678500,0,0,0,0,0,0.0,1,57.29578
94678600,0,0,0,0,0,0.0,1,57.29578
94678800,0,0,0,0,0,0.0,1,57.29578
94678900,0,0,0,0,0,0.0,1,57.29578
94679000,0,0,0,0,0,0.0,1,57.29578
94679100,0,0,0,0,0,0.0,1,57.29578
94679200,0,0,0,0,0,0.0,1,57.29578
94679400,0,0,0,0,0,0.0,1,57.29578
94679500,0,0,0,0,0,0.0,1,57.29578
94679600,0,0,0,0,0,0.0,1,57.29578
94679700,0,0,0,0,0,0.0,1,57.29578
94679800,0,0,0,0,0,0.0,1,57.29578
94679900,0,0,0,0,0,0.0,1,57.29578
94680000,0,0,0,0,0,0.0,1,57.29578
94680100,0,0,0,0,0,0.0,1,57.29578
94680200,0,0,0,0,0,0.0,1,57.29578
94680300,0,0,0,0,0,0.0,1,57.29578
94680400,0,0,0,0,0,0.0,1,57.29578
94680500,0,0,0,0,0,0.0,1,57.29578
94680600,0,0,0,0,0,0.0,1,57.29578
94680700,0,0,0,0,0,0.0,1,57.29578
94680800,0,0,0,0,0,0.0,1,57.29578
94680900,0,0,0,0,0,0.0,1,57.29578
94681000,0,0,0,0,0,0.0,1,57.29578
94681100,0,0,0,0,0,0.0,1,57.29578
94681200,0,0,0,0,0,0.0,1,57.29578
94681300,0,0,0,0,0,0.0,1,57.29578
94681400,0,0,0,0,0,0.0,1,57.29578
94681500,0,0,0,0,0,0.0,1,57.29578
94681600,0,0,0,0,0,0.0,1,57.29578
94681700,0,0,0,0,0,0.0,1,57.29578
94681900,0,0,0,0,0,0.0,1,57.29578
94682000,0,0,0,0,0,0.0,1,57.29578
94682100,0,0,0,0,0,0.0,1,57.29578
94682200,0,0,0,0,0,0.0,1,57.29578
94682300,0,0,0,0,0,0.0,1,57.29578
94682400,0,0,0,0,0,0.0,1,57.29578
94682500,0,0,0,0,0,0.0,1,57.29578
94682600,0,0,0,0,0,0.0,1,57.29578
94682700,0,0,0,0,0,0.0,1,57.29578
94682800,0,0,0,0,0,0.0,1,57.29578
94682900,0,0,0,0,0,0.0,1,57.29578
94683000,0,0,0,0,0,0.0,1,57.29578
94683100,0,0,0,0,0,0.0,1,57.29578
94683200,0,0,0,0,0,0.0,1,57.29578
94683300,0,0,0,0,0,0.0,1,57.29578
94683400,0,0,0,0,0,0.0,1,57.29578
94683500,0,0,0,0,0,0.0,1,57.29578
94683600,0,0,0,0,0,0.0,1,57.29578
94683700,0,0,0,0,0,0.0,1,57.29578
94683800,0,0,0,0,0,0.0,1,57.29578
94683900,0,0,0,0,0,0.0,1,57.29578
94684000,0,0,0,0,0,0.0,1,57.29578
94684100,0,0,0,0,0,0.0,1,57.29578
94684200,0,0,0,0,0,0.0,1,57.29578
94684300,0,0,0,0,0,0.0,1,57.29578
94684400,0,0,0,0,0,0.0,1,57.29578
94684500,0,0,0,0,0,0.0,1,57.29578
94684600,0,0,0,0,0,0.0,1,57.29578
94684700,0,0,0,0,0,0.0,1,57.29578
94684800,0,0,0,0,0,0.0,1,57.29578
94684900,0,0,0,0,0,0.0,1,57.29578
94685000,0,0,0,0,0,0.0,1,57.29578
94685100,0,0,0,0,0,0.0,1,57.29578
94685200,0,0,0,0,0,0.0,1,57.29578
94685300,0,0,0,0,0,0.0,1,57.29578
94685400,0,0,0,0,0,0.0,1,57.29578
94685500,0,0,0,0,0,0.0,1,57.29578
94685600,0,0,0,0,0,0.0,1,57.29578
94685700,0,0,0,0,0,0.0,1,57.29578
94685800,0,0,0,0,0,0.0,1,57.29578
94685900,0,0,0,0,0,0.0,1,57.29578
94686000,0,0,0,0,0,0.0,1,57.29578
94686100,0,0,0,0,0,0.0,1,57.29578
94686200,0,0,0,0,0,0.0,1,57.29578
94686300,0,0,0,0,0,0.0,1,57.29578
94686400,0,0,0,0,0,0.0,1,57.29578
94686500,0,0,0,0,0,0.0,1,57.29578
94686600,0,0,0,0,0,0.0,1,57.29578
94686700,0,0,0,0,0,0.0,1,57.29578
94686900,0,0,0,0,0,0.0,1,57.29578
94687000,0,0,0,0,0,0.0,1,57.29578
94687100,0,0,0,0,0,0.0,1,57.29578
94687200,0,0,0,0,0,0.0,1,57.29578
94687300,0,0,0,0,0,0.0,1,57.29578
94687400,0,0,0,0,0,0.0,1,57.29578
94687500,0,0,0,0,0,0.0,1,57.29578
94687600,0,0,0,0,0,0.0,1,57.29578
94687700,0,0,0,0,0,0.0,1,57.29578
94687800,0,0,0,0,0,0.0,1,57.29578
94688000,0,0,0,0,0,0.0,1,57.29578
94688100,0,0,0,0,0,0.0,1,57.29578
94688200,0,0,0,0,0,0.0,1,57.29578
94688300,0,0,0,0,0,0.0,1,57.29578
94688500,0,0,0,0,0,0.0,1,57.29578
94688600,0,0,0,0,0,0.0,1,57.29578
94688700,0,0,0,0,0,0.0,1,57.29578
94688800,0,0,0,0,0,0.0,1,57.29578
94688900,0,0,0,0,0,0.0,1,57.29578
94689000,0,0,0,0,0,0.0,1,57.29578
94689100,0,0,0,0,0,0.0,1,57.29578
94689200,0,0,0,0,0,0.0,1,57.29578
94689300,0,0,0,0,0,0.0,1,57.29578
94689400,0,0,0,0,0,0.0,1,57.29578
94689500,0,0,0,0,0,0.0,1,57.29578
94689600,0,0,0,0,0,0.0,1,57.29578
94689700,0,0,0,0,0,0.0,1,57.29578
94689800,0,0,0,0,0,0.0,1,57.29578
94689900,0,0,0,0,0,0.0,1,57.29578
94690000,0,0,0,0,0,0.0,1,57.29578
94690100,0,0,0,0,0,0.0,1,57.29578
94690200,0,0,0,0,0,0.0,1,57.29578
94690300,0,0,0,0,0,0.0,1,57.29578
94690500,0,0,0,0,0,0.0,1,57.29578
94690600,0,0,0,0,0,0.0,1,57.29578
94690700,0,0,0,0,0,0.0,1,57.29578
94690800,0,0,0,0,0,0.0,1,57.29578
94691000,0,0,0,0,0,0.0,1,57.29578
94691100,0,0,0,0,0,0.0,1,57.29578
94691200,0,0,0,0,0,0.0,1,57.29578
94691300,0,0,0,0,0,0.0,1,57.29578
94691600,0,0,0,0,0,0.0,1,57.29578
94691700,0,0,0,0,0,0.0,1,57.29578
94691800,0,0,0,0,0,0.0,1,57.29578
94691900,0,0,0,0,0,0.0,1,57.29578
94692000,0,0,0,0,0,0.0,1,57.29578
94692100,0,0,0,0,0,0.0,1,57.29578
94692200,0,0,0,0,0,0.0,1,57.29578
94692300,0,0,0,0,0,0.0,1,57.29578
94692400,0,0,0,0,0,0.0,1,57.29578
94692600,0,0,0,0,0,0.0,1,57.29578
94692700,0,0,0,0,0,0.0,1,57.29578
94692800,0,0,0,0,0,0.0,1,57.29578
94692900,0,0,0,0,0,0.0,1,57.29578
94693100,0,0,0,0,0,0.0,1,57.29578
94693200,0,0,0,0,0,0.0,1,57.29578
94693300,0,0,0,0,0,0.0,1,57.29578
94693400,0,0,0,0,0,0.0,1,57.29578
94693600,0,0,0,0,0,0.0,1,57.29578
94693700,0,0,0,0,0,0.0,1,57.29578
94693800,0,0,0,0,0,0.0,1,57.29578
94693900,0,0,0,0,0,0.0,1,57.29578
94694000,0,0,0,0,0,0.0,1,57.29578
94694100,0,0,0,0,0,0.0,1,57.29578
94694200,0,0,0,0,0,0.0,1,57.29578
94694300,0,0,0,0,0,0.0,1,57.29578
94694400,0,0,0,0,0,0.0,1,57.29578
94694600,0,0,0,0,0,0.0,1,57.29578
94694700,0,0,0,0,0,0.0,1,57.29578
94694800,0,0,0,0,0,0.0,1,57.29578
94694900,0,0,0,0,0,0.0,1,57.29578
94695000,0,0,0,0,0,0.0,1,57.29578
94695100,0,0,0,0,0,0.0,1,57.29578
94695200,0,0,0,0,0,0.0,1,57.29578
94695300,0,0,0,0,0,0.0,1,57.29578
94695400,0,0,0,0,0,0.0,1,57.29578
94695500,0,0,0,0,0,0.0,1,57.29578
94695600,0,0,0,0,0,0.0,1,57.29578
94695700,0,0,0,0,0,0.0,1,57.29578
94695800,0,0,0,0,0,0.0,1,57.29578
94695900,0,0,0,0,0,0.0,1,57.29578
94696000,0,0,0,0,0,0.0,1,57.29578
94696100,0,0,0,0,0,0.0,1,57.29578
94696200,0,0,0,0,0,0.0,1,57.29578
94696300,0,0,0,0,0,0.0,1,57.29578
94696400,0,0,0,0,0,0.0,1,57.29578
94696500,0,0,0,0,0,0.0,1,57.29578
94696600,0,0,0,0,0,0.0,1,57.29578
94696700,0,0,0,0,0,0.0,1,57.29578
94696800,0,0,0,0,0,0.0,1,57.29578
94696900,0,0,0,0,0,0.0,1,57.29578
94697000,0,0,0,0,0,0.0,1,57.29578
94697100,0,0,0,0,0,0.0,1,57.29578
94697300,0,0,0,0,0,0.0,1,57.29578
94697400,0,0,0,0,0,0.0,1,57.29578
94697500,0,0,0,0,0,0.0,1,57.29578
94697600,0,0,0,0,0,0.0,1,57.29578
94697700,0,0,0,0,0,0.0,1,57.29578
94697800,0,0,0,0,0,0.0,1,57.29578
94697900,0,0,0,0,0,0.0,1,57.29578
94698000,0,0,0,0,0,0.0,1,57.29578
94698100,0,0,0,0,0,0.0,1,57.29578
94698300,0,0,0,0,0,0.0,1,57.29578
94698400,0,0,0,0,0,0.0,1,57.29578
94698500,0,0,0,0,0,0.0,1,57.29578
94698600,0,0,0,0,0,0.0,1,57.29578
94698800,0,0,0,0,0,0.0,1,57.29578
94698900,0,0,0,0,0,0.0,1,57.29578
94699000,0,0,0,0,0,0.0,1,57.29578
94699100,0,0,0,0,0,0.0,1,57.29578
94699200,0,0,0,0,0,0.0,1,57.29578
94699400,0,0,0,0,0,0.0,1,57.29578
94699500,0,0,0,0,0,0.0,1,57.29578
94699600,0,0,0,0,0,0.0,1,57.29578
94699700,0,0,0,0,0,0.0,1,57.29578
94699800,0,0,0,0,0,0.0,1,57.29578
94699900,0,0,0,0,0,0.0,1,57.29578
94700000,0,0,0,0,0,0.0,1,57.29578
94700100,0,0,0,0,0,0.0,1,57.29578
94700200,0,0,0,0,0,0.0,1,57.29578
94700400,0,0,0,0,0,0.0,1,57.29578
94700500,0,0,0,0,0,0.0,1,57.29578
94700600,0,0,0,0,0,0.0,1,57.29578
94700700,0,0,0,0,0,0.0,1,57.29578
94700800,0,0,0,0,0,0.0,1,57.29578
94700900,0,0,0,0,0,0.0,1,57.29578
94701000,0,0,0,0,0,0.0,1,57.29578
94701100,0,0,0,0,0,0.0,1,57.29578
94701200,0,0,0,0,0,0.0,1,57.29578
94701300,0,0,0,0,0,0.0,1,57.29578
94701500,0,0,0,0,0,0.0,1,57.29578
94701600,0,0,0,0,0,0.0,1,57.29578
94701700,0,0,0,0,0,0.0,1,57.29578
94701800,0,0,0,0,0,0.0,1,57.29578
94701900,0,0,0,0,0,0.0,1,57.29578
94702000,0,0,0,0,0,0.0,1,57.29578
94702100,0,0,0,0,0,0.0,1,57.29578
94702200,0,0,0,0,0,0.0,1,57.29578
94702300,0,0,0,0,0,0.0,1,57.29578
94702500,0,0,0,0,0,0.0,1,57.29578
94702600,0,0,0,0,0,0.0,1,57.29578
94702700,0,0,0,0,0,0.0,1,57.29578
94702800,0,0,0,0,0,0.0,1,57.29578
94702900,0,0,0,0,0,0.0,1,57.29578
94703100,0,0,0,0,0,0.0,1,57.29578
94703200,0,0,0,0,0,0.0,1,57.29578
94703300,0,0,0,0,0,0.0,1,57.29578
94703400,0,0,0,0,0,0.0,1,57.29578
94703500,0,0,0,0,0,0.0,1,57.29578
94703700,0,0,0,0,0,0.0,1,57.29578
94703800,0,0,0,0,0,0.0,1,57.29578
94703900,0,0,0,0,0,0.0,1,57.29578
94704000,0,0,0,0,0,0.0,1,57.29578
94704200,0,0,0,0,0,0.0,1,57.29578
94704300,0,0,0,0,0,0.0,1,57.29578
94704400,0,0,0,0,0,0.0,1,57.29578
94704500,0,0,0,0,0,0.0,1,57.29578
94704700,0,0,0,0,0,0.0,1,57.29578
94704800,0,0,0,0,0,0.0,1,57.29578
94704900,0,0,0,0,0,0.0,1,57.29578
94705000,0,0,0,0,0,0.0,1,57.29578
94705100,0,0,0,0,0,0.0,1,57.29578
94705200,0,0,0,0,0,0.0,1,57.29578
94705300,0,0,0,0,0,0.0,1,57.29578
94705400,0,0,0,0,0,0.0,1,57.29578
94705500,0,0,0,0,0,0.0,1,57.29578
94705600,0,0,0,0,0,0.0,1,57.29578
94705800,0,0,0,0,0,0.0,1,57.29578
94705900,0,0,0,0,0,0.0,1,57.29578
94706000,0,0,0,0,0,0.0,1,57.29578
94706100,0,0,0,0,0,0.0,1,57.29578
94706300,0,0,0,0,0,0.0,1,57.29578
94706400,0,0,0,0,0,0.0,1,57.29578
94706500,0,0,0,0,0,0.0,1,57.29578
94706600,0,0,0,0,0,0.0,1,57.29578
94706700,0,0,0,0,0,0.0,1,57.29578
94706900,0,0,0,0,0,0.0,1,57.29578
94707000,0,0,0,0,0,0.0,1,57.29578
94707100,0,0,0,0,0,0.0,1,57.29578
94707200,0,0,0,0,0,0.0,1,57.29578
94707400,0,0,0,0,0,0.0,1,57.29578
94707500,0,0,0,0,0,0.0,1,57.29578
94707600,0,0,0,0,0,0.0,1,57.29578
94707700,0,0,0,0,0,0.0,1,57.29578
94707800,0,0,0,0,0,0.0,1,57.29578
94707900,0,0,0,0,0,0.0,1,57.29578
94708000,0,0,0,0,0,0.0,1,57.29578
94708100,0,0,0,0,0,0.0,1,57.29578
94708200,0,0,0,0,0,0.0,1,57.29578
94708300,0,0,0,0,0,0.0,1,57.29578
94708400,0,0,0,0,0,0.0,1,57.29578
94708500,0,0,0,0,0,0.0,1,57.29578
94708600,0,0,0,0,0,0.0,1,57.29578
94708700,0,0,0,0,0,0.0,1,57.29578
94708800,0,0,0,0,0,0.0,1,57.29578
94709100,0,0,0,0,0,0.0,1,57.29578
94709200,0,0,0,0,0,0.0,1,57.29578
94709300,0,0,0,0,0,0.0,1,57.29578
94709400,0,0,0,0,0,0.0,1,57.29578
94709500,0,0,0,0,0,0.0,1,57.29578
94709800,0,0,0,0,0,0.0,1,57.29578
94709900,0,0,0,0,0,0.0,1,57.29578
94710000,0,0,0,0,0,0.0,1,57.29578
94710100,0,0,0,0,0,0.0,1,57.29578
94710200,0,0,0,0,0,0.0,1,57.29578
94710400,0,0,0,0,0,0.0,1,57.29578
94710500,0,0,0,0,0,0.0,1,57.29578
94710600,0,0,0,0,0,0.0,1,57.29578
94710700,0,0,0,0,0,0.0,1,57.29578
94710800,0,0,0,0,0,0.0,1,57.29578
94711000,0,0,0,0,0,0.0,1,57.29578
94711100,0,0,0,0,0,0.0,1,57.29578
94711200,0,0,0,0,0,0.0,1,57.29578
94711300,0,0,0,0,0,0.0,1,57.29578
94711500,0,0,0,0,0,0.0,1,57.29578
94711600,0,0,0,0,0,0.0,1,57.29578
94711700,0,0,0,0,0,0.0,1,57.29578
94711800,0,0,0,0,0,0.0,1,57.29578
94711900,0,0,0,0,0,0.0,1,57.29578
94712100,0,0,0,0,0,0.0,1,57.29578
94712200,0,0,0,0,0,0.0,1,57.29578
94712300,0,0,0,0,0,0.0,1,57.29578
94712400,0,0,0,0,0,0.0,1,57.29578
94712500,0,0,0,0,0,0.0,1,57.29578
94712600,0,0,0,0,0,0.0,1,57.29578
94712700,0,0,0,0,0,0.0,1,57.29578
94712800,0,0,0,0,0,0.0,1,57.29578
94712900,0,0,0,0,0,0.0,1,57.29578
94713000,0,0,0,0,0,0.0,1,57.29578
94713200,0,0,0,0,0,0.0,1,57.29578
94713300,0,0,0,0,0,0.0,1,57.29578
94713400,0,0,0,0,0,0.0,1,57.29578
94713500,0,0,0,0,0,0.0,1,57.29578
94713600,0,0,0,0,0,0.0,1,57.29578
94713800,0,0,0,0,0,0.0,1,57.29578
94713900,0,0,0,0,0,0.0,1,57.29578
94714000,0,0,0,0,0,0.0,1,57.29578
94714100,0,0,0,0,0,0.0,1,57.29578
94714200,0,0,0,0,0,0.0,1,57.29578
94714300,0,0,0,0,0,0.0,1,57.29578
94714400,0,0,0,0,0,0.0,1,57.29578
94714500,0,0,0,0,0,0.0,1,57.29578
94714600,0,0,0,0,0,0.0,1,57.29578
94714700,0,0,0,0,0,0.0,1,57.29578
94714900,0,0,0,0,0,0.0,1,57.29578
94715000,0,0,0,0,0,0.0,1,57.29578
94715100,0,0,0,0,0,0.0,1,57.29578
94715200,0,0,0,0,0,0.0,1,57.29578
94715400,0,0,0,0,0,0.0,1,57.29578
94715500,0,0,0,0,0,0.0,1,57.29578
94715600,0,0,0,0,0,0.0,1,57.29578
94715700,0,0,0,0,0,0.0,1,57.29578
94715900,0,0,0,0,0,0.0,1,57.29578
94716000,0,0,0,0,0,0.0,1,57.29578
94716100,0,0,0,0,0,0.0,1,57.29578
94716200,0,0,0,0,0,0.0,1,57.29578
94716300,0,0,0,0,0,0.0,1,57.29578
94716400,0,0,0,0,0,0.0,1,57.29578
94716500,0,0,0,0,0,0.0,1,57.29578
94716600,0,0,0,0,0,0.0,1,57.29578
