iTOW,version,reserved0,gmsLon,gmsLat,gmsCode,qzssSvId,gmsAvailable,qzssSvAvailable,testMode,cnt
94486900,0,0,0.0,0.0,0,0,0,0,0,0
94487000,0,0,0.0,0.0,0,0,0,0,0,0
94487100,0,0,0.0,0.0,0,0,0,0,0,0
94487200,0,0,0.0,0.0,0,0,0,0,0,0
94487300,0,0,0.0,0.0,0,0,0,0,0,0
94487500,0,0,0.0,0.0,0,0,0,0,0,0
94487600,0,0,0.0,0.0,0,0,0,0,0,0
94487700,0,0,0.0,0.0,0,0,0,0,0,0
94487800,0,0,0.0,0.0,0,0,0,0,0,0
94488100,0,0,0.0,0.0,0,0,0,0,0,0
94488200,0,0,0.0,0.0,0,0,0,0,0,0
94488300,0,0,0.0,0.0,0,0,0,0,0,0
94488400,0,0,0.0,0.0,0,0,0,0,0,0
94488500,0,0,0.0,0.0,0,0,0,0,0,0
94488600,0,0,0.0,0.0,0,0,0,0,0,0
94488700,0,0,0.0,0.0,0,0,0,0,0,0
94488800,0,0,0.0,0.0,0,0,0,0,0,0
94488900,0,0,0.0,0.0,0,0,0,0,0,0
94489000,0,0,0.0,0.0,0,0,0,0,0,0
94489100,0,0,0.0,0.0,0,0,0,0,0,0
94489200,0,0,0.0,0.0,0,0,0,0,0,0
94489300,0,0,0.0,0.0,0,0,0,0,0,0
94489400,0,0,0.0,0.0,0,0,0,0,0,0
94489500,0,0,0.0,0.0,0,0,0,0,0,0
94489600,0,0,0.0,0.0,0,0,0,0,0,0
94489700,0,0,0.0,0.0,0,0,0,0,0,0
94489800,0,0,0.0,0.0,0,0,0,0,0,0
94489900,0,0,0.0,0.0,0,0,0,0,0,0
94490000,0,0,0.0,0.0,0,0,0,0,0,0
94490100,0,0,0.0,0.0,0,0,0,0,0,0
94490200,0,0,0.0,0.0,0,0,0,0,0,0
94490300,0,0,0.0,0.0,0,0,0,0,0,0
94490400,0,0,0.0,0.0,0,0,0,0,0,0
94490500,0,0,0.0,0.0,0,0,0,0,0,0
94490600,0,0,0.0,0.0,0,0,0,0,0,0
94490700,0,0,0.0,0.0,0,0,0,0,0,0
94490800,0,0,0.0,0.0,0,0,0,0,0,0
94490900,0,0,0.0,0.0,0,0,0,0,0,0
94491000,0,0,0.0,0.0,0,0,0,0,0,0
94491100,0,0,0.0,0.0,0,0,0,0,0,0
94491200,0,0,0.0,0.0,0,0,0,0,0,0
94491300,0,0,0.0,0.0,0,0,0,0,0,0
94491400,0,0,0.0,0.0,0,0,0,0,0,0
94491500,0,0,0.0,0.0,0,0,0,0,0,0
94491600,0,0,0.0,0.0,0,0,0,0,0,0
94491700,0,0,0.0,0.0,0,0,0,0,0,0
94491800,0,0,0.0,0.0,0,0,0,0,0,0
94491900,0,0,0.0,0.0,0,0,0,0,0,0
94492000,0,0,0.0,0.0,0,0,0,0,0,0
94492100,0,0,0.0,0.0,0,0,0,0,0,0
94492200,0,0,0.0,0.0,0,0,0,0,0,0
94492300,0,0,0.0,0.0,0,0,0,0,0,0
94492400,0,0,0.0,0.0,0,0,0,0,0,0
94492500,0,0,0.0,0.0,0,0,0,0,0,0
94492600,0,0,0.0,0.0,0,0,0,0,0,0
94492700,0,0,0.0,0.0,0,0,0,0,0,0
94492800,0,0,0.0,0.0,0,0,0,0,0,0
94492900,0,0,0.0,0.0,0,0,0,0,0,0
94493000,0,0,0.0,0.0,0,0,0,0,0,0
94493100,0,0,0.0,0.0,0,0,0,0,0,0
94493200,0,0,0.0,0.0,0,0,0,0,0,0
94493300,0,0,0.0,0.0,0,0,0,0,0,0
94493400,0,0,0.0,0.0,0,0,0,0,0,0
94493500,0,0,0.0,0.0,0,0,0,0,0,0
94493600,0,0,0.0,0.0,0,0,0,0,0,0
94493700,0,0,0.0,0.0,0,0,0,0,0,0
94493800,0,0,0.0,0.0,0,0,0,0,0,0
94493900,0,0,0.0,0.0,0,0,0,0,0,0
94494000,0,0,0.0,0.0,0,0,0,0,0,0
94494100,0,0,0.0,0.0,0,0,0,0,0,0
94494200,0,0,0.0,0.0,0,0,0,0,0,0
94494300,0,0,0.0,0.0,0,0,0,0,0,0
94494400,0,0,0.0,0.0,0,0,0,0,0,0
94494500,0,0,0.0,0.0,0,0,0,0,0,0
94494600,0,0,0.0,0.0,0,0,0,0,0,0
94494700,0,0,0.0,0.0,0,0,0,0,0,0
94494800,0,0,0.0,0.0,0,0,0,0,0,0
94494900,0,0,0.0,0.0,0,0,0,0,0,0
94495000,0,0,0.0,0.0,0,0,0,0,0,0
94495100,0,0,0.0,0.0,0,0,0,0,0,0
94495200,0,0,0.0,0.0,0,0,0,0,0,0
94495300,0,0,0.0,0.0,0,0,0,0,0,0
94495400,0,0,0.0,0.0,0,0,0,0,0,0
94495500,0,0,0.0,0.0,0,0,0,0,0,0
94495600,0,0,0.0,0.0,0,0,0,0,0,0
94495700,0,0,0.0,0.0,0,0,0,0,0,0
94495800,0,0,0.0,0.0,0,0,0,0,0,0
94495900,0,0,0.0,0.0,0,0,0,0,0,0
94496000,0,0,0.0,0.0,0,0,0,0,0,0
94496100,0,0,0.0,0.0,0,0,0,0,0,0
94496200,0,0,0.0,0.0,0,0,0,0,0,0
94496300,0,0,0.0,0.0,0,0,0,0,0,0
94496400,0,0,0.0,0.0,0,0,0,0,0,0
94496500,0,0,0.0,0.0,0,0,0,0,0,0
94496600,0,0,0.0,0.0,0,0,0,0,0,0
94496700,0,0,0.0,0.0,0,0,0,0,0,0
94496800,0,0,0.0,0.0,0,0,0,0,0,0
94496900,0,0,0.0,0.0,0,0,0,0,0,0
94497000,0,0,0.0,0.0,0,0,0,0,0,0
94497100,0,0,0.0,0.0,0,0,0,0,0,0
94497200,0,0,0.0,0.0,0,0,0,0,0,0
94497300,0,0,0.0,0.0,0,0,0,0,0,0
94497400,0,0,0.0,0.0,0,0,0,0,0,0
94497500,0,0,0.0,0.0,0,0,0,0,0,0
94497600,0,0,0.0,0.0,0,0,0,0,0,0
94497700,0,0,0.0,0.0,0,0,0,0,0,0
94497800,0,0,0.0,0.0,0,0,0,0,0,0
94497900,0,0,0.0,0.0,0,0,0,0,0,0
94498000,0,0,0.0,0.0,0,0,0,0,0,0
94498100,0,0,0.0,0.0,0,0,0,0,0,0
94498200,0,0,0.0,0.0,0,0,0,0,0,0
94498300,0,0,0.0,0.0,0,0,0,0,0,0
94498400,0,0,0.0,0.0,0,0,0,0,0,0
94498500,0,0,0.0,0.0,0,0,0,0,0,0
94498600,0,0,0.0,0.0,0,0,0,0,0,0
94498700,0,0,0.0,0.0,0,0,0,0,0,0
94498800,0,0,0.0,0.0,0,0,0,0,0,0
94498900,0,0,0.0,0.0,0,0,0,0,0,0
94499000,0,0,0.0,0.0,0,0,0,0,0,0
94499100,0,0,0.0,0.0,0,0,0,0,0,0
94499200,0,0,0.0,0.0,0,0,0,0,0,0
94499300,0,0,0.0,0.0,0,0,0,0,0,0
94499400,0,0,0.0,0.0,0,0,0,0,0,0
94499500,0,0,0.0,0.0,0,0,0,0,0,0
94499600,0,0,0.0,0.0,0,0,0,0,0,0
94499700,0,0,0.0,0.0,0,0,0,0,0,0
94499800,0,0,0.0,0.0,0,0,0,0,0,0
94499900,0,0,0.0,0.0,0,0,0,0,0,0
94500000,0,0,0.0,0.0,0,0,0,0,0,0
94500100,0,0,0.0,0.0,0,0,0,0,0,0
94500200,0,0,0.0,0.0,0,0,0,0,0,0
94500300,0,0,0.0,0.0,0,0,0,0,0,0
94500400,0,0,0.0,0.0,0,0,0,0,0,0
94500500,0,0,0.0,0.0,0,0,0,0,0,0
94500600,0,0,0.0,0.0,0,0,0,0,0,0
94500700,0,0,0.0,0.0,0,0,0,0,0,0
94500800,0,0,0.0,0.0,0,0,0,0,0,0
94500900,0,0,0.0,0.0,0,0,0,0,0,0
94501000,0,0,0.0,0.0,0,0,0,0,0,0
94501100,0,0,0.0,0.0,0,0,0,0,0,0
94501200,0,0,0.0,0.0,0,0,0,0,0,0
94501300,0,0,0.0,0.0,0,0,0,0,0,0
94501400,0,0,0.0,0.0,0,0,0,0,0,0
94501500,0,0,0.0,0.0,0,0,0,0,0,0
94501600,0,0,0.0,0.0,0,0,0,0,0,0
94501700,0,0,0.0,0.0,0,0,0,0,0,0
94501800,0,0,0.0,0.0,0,0,0,0,0,0
94501900,0,0,0.0,0.0,0,0,0,0,0,0
94502000,0,0,0.0,0.0,0,0,0,0,0,0
94502100,0,0,0.0,0.0,0,0,0,0,0,0
94502200,0,0,0.0,0.0,0,0,0,0,0,0
94502300,0,0,0.0,0.0,0,0,0,0,0,0
94502400,0,0,0.0,0.0,0,0,0,0,0,0
94502500,0,0,0.0,0.0,0,0,0,0,0,0
94502600,0,0,0.0,0.0,0,0,0,0,0,0
94502700,0,0,0.0,0.0,0,0,0,0,0,0
94502800,0,0,0.0,0.0,0,0,0,0,0,0
94502900,0,0,0.0,0.0,0,0,0,0,0,0
94503000,0,0,0.0,0.0,0,0,0,0,0,0
94503100,0,0,0.0,0.0,0,0,0,0,0,0
94503200,0,0,0.0,0.0,0,0,0,0,0,0
94503300,0,0,0.0,0.0,0,0,0,0,0,0
94503400,0,0,0.0,0.0,0,0,0,0,0,0
94503500,0,0,0.0,0.0,0,0,0,0,0,0
94503600,0,0,0.0,0.0,0,0,0,0,0,0
94503700,0,0,0.0,0.0,0,0,0,0,0,0
94503800,0,0,0.0,0.0,0,0,0,0,0,0
94503900,0,0,0.0,0.0,0,0,0,0,0,0
94504000,0,0,0.0,0.0,0,0,0,0,0,0
94504100,0,0,0.0,0.0,0,0,0,0,0,0
94504200,0,0,0.0,0.0,0,0,0,0,0,0
94504300,0,0,0.0,0.0,0,0,0,0,0,0
94504400,0,0,0.0,0.0,0,0,0,0,0,0
94504500,0,0,0.0,0.0,0,0,0,0,0,0
94504600,0,0,0.0,0.0,0,0,0,0,0,0
94504700,0,0,0.0,0.0,0,0,0,0,0,0
94504800,0,0,0.0,0.0,0,0,0,0,0,0
94504900,0,0,0.0,0.0,0,0,0,0,0,0
94505000,0,0,0.0,0.0,0,0,0,0,0,0
94505100,0,0,0.0,0.0,0,0,0,0,0,0
94505200,0,0,0.0,0.0,0,0,0,0,0,0
94505300,0,0,0.0,0.0,0,0,0,0,0,0
94505400,0,0,0.0,0.0,0,0,0,0,0,0
94505500,0,0,0.0,0.0,0,0,0,0,0,0
94505600,0,0,0.0,0.0,0,0,0,0,0,0
94505700,0,0,0.0,0.0,0,0,0,0,0,0
94505800,0,0,0.0,0.0,0,0,0,0,0,0
94505900,0,0,0.0,0.0,0,0,0,0,0,0
94506000,0,0,0.0,0.0,0,0,0,0,0,0
94506200,0,0,0.0,0.0,0,0,0,0,0,0
94506400,0,0,0.0,0.0,0,0,0,0,0,0
94506500,0,0,0.0,0.0,0,0,0,0,0,0
94506600,0,0,0.0,0.0,0,0,0,0,0,0
94506700,0,0,0.0,0.0,0,0,0,0,0,0
94506800,0,0,0.0,0.0,0,0,0,0,0,0
94506900,0,0,0.0,0.0,0,0,0,0,0,0
94507000,0,0,0.0,0.0,0,0,0,0,0,0
94507100,0,0,0.0,0.0,0,0,0,0,0,0
94507200,0,0,0.0,0.0,0,0,0,0,0,0
94507400,0,0,0.0,0.0,0,0,0,0,0,0
94507600,0,0,0.0,0.0,0,0,0,0,0,0
94507700,0,0,0.0,0.0,0,0,0,0,0,0
94507800,0,0,0.0,0.0,0,0,0,0,0,0
94507900,0,0,0.0,0.0,0,0,0,0,0,0
94508000,0,0,0.0,0.0,0,0,0,0,0,0
94508100,0,0,0.0,0.0,0,0,0,0,0,0
94508200,0,0,0.0,0.0,0,0,0,0,0,0
94508300,0,0,0.0,0.0,0,0,0,0,0,0
94508400,0,0,0.0,0.0,0,0,0,0,0,0
94508500,0,0,0.0,0.0,0,0,0,0,0,0
94508600,0,0,0.0,0.0,0,0,0,0,0,0
94508700,0,0,0.0,0.0,0,0,0,0,0,0
94508800,0,0,0.0,0.0,0,0,0,0,0,0
94508900,0,0,0.0,0.0,0,0,0,0,0,0
94509000,0,0,0.0,0.0,0,0,0,0,0,0
94509200,0,0,0.0,0.0,0,0,0,0,0,0
94509400,0,0,0.0,0.0,0,0,0,0,0,0
94509600,0,0,0.0,0.0,0,0,0,0,0,0
94509700,0,0,0.0,0.0,0,0,0,0,0,0
94509900,0,0,0.0,0.0,0,0,0,0,0,0
94510100,0,0,0.0,0.0,0,0,0,0,0,0
94510300,0,0,0.0,0.0,0,0,0,0,0,0
94510400,0,0,0.0,0.0,0,0,0,0,0,0
94510500,0,0,0.0,0.0,0,0,0,0,0,0
94510600,0,0,0.0,0.0,0,0,0,0,0,0
94510700,0,0,0.0,0.0,0,0,0,0,0,0
94510800,0,0,0.0,0.0,0,0,0,0,0,0
94510900,0,0,0.0,0.0,0,0,0,0,0,0
94511000,0,0,0.0,0.0,0,0,0,0,0,0
94511100,0,0,0.0,0.0,0,0,0,0,0,0
94511200,0,0,0.0,0.0,0,0,0,0,0,0
94511300,0,0,0.0,0.0,0,0,0,0,0,0
94511400,0,0,0.0,0.0,0,0,0,0,0,0
94511500,0,0,0.0,0.0,0,0,0,0,0,0
94511600,0,0,0.0,0.0,0,0,0,0,0,0
94511700,0,0,0.0,0.0,0,0,0,0,0,0
94511900,0,0,0.0,0.0,0,0,0,0,0,0
94512000,0,0,0.0,0.0,0,0,0,0,0,0
94512200,0,0,0.0,0.0,0,0,0,0,0,0
94512300,0,0,0.0,0.0,0,0,0,0,0,0
94512400,0,0,0.0,0.0,0,0,0,0,0,0
94512600,0,0,0.0,0.0,0,0,0,0,0,0
94512700,0,0,0.0,0.0,0,0,0,0,0,0
94512900,0,0,0.0,0.0,0,0,0,0,0,0
94513000,0,0,0.0,0.0,0,0,0,0,0,0
94513200,0,0,0.0,0.0,0,0,0,0,0,0
94513300,0,0,0.0,0.0,0,0,0,0,0,0
94513400,0,0,0.0,0.0,0,0,0,0,0,0
94513500,0,0,0.0,0.0,0,0,0,0,0,0
94513600,0,0,0.0,0.0,0,0,0,0,0,0
94513700,0,0,0.0,0.0,0,0,0,0,0,0
94513900,0,0,0.0,0.0,0,0,0,0,0,0
94514000,0,0,0.0,0.0,0,0,0,0,0,0
94514200,0,0,0.0,0.0,0,0,0,0,0,0
94514400,0,0,0.0,0.0,0,0,0,0,0,0
94514500,0,0,0.0,0.0,0,0,0,0,0,0
94514700,0,0,0.0,0.0,0,0,0,0,0,0
94514900,0,0,0.0,0.0,0,0,0,0,0,0
94515000,0,0,0.0,0.0,0,0,0,0,0,0
94515200,0,0,0.0,0.0,0,0,0,0,0,0
94515300,0,0,0.0,0.0,0,0,0,0,0,0
94515400,0,0,0.0,0.0,0,0,0,0,0,0
94515500,0,0,0.0,0.0,0,0,0,0,0,0
94515700,0,0,0.0,0.0,0,0,0,0,0,0
94515900,0,0,0.0,0.0,0,0,0,0,0,0
94516000,0,0,0.0,0.0,0,0,0,0,0,0
94516200,0,0,0.0,0.0,0,0,0,0,0,0
94516400,0,0,0.0,0.0,0,0,0,0,0,0
94516500,0,0,0.0,0.0,0,0,0,0,0,0
94516600,0,0,0.0,0.0,0,0,0,0,0,0
94516700,0,0,0.0,0.0,0,0,0,0,0,0
94516800,0,0,0.0,0.0,0,0,0,0,0,0
94516900,0,0,0.0,0.0,0,0,0,0,0,0
94517100,0,0,0.0,0.0,0,0,0,0,0,0
94517300,0,0,0.0,0.0,0,0,0,0,0,0
94517400,0,0,0.0,0.0,0,0,0,0,0,0
94517500,0,0,0.0,0.0,0,0,0,0,0,0
94517600,0,0,0.0,0.0,0,0,0,0,0,0
94517700,0,0,0.0,0.0,0,0,0,0,0,0
94517800,0,0,0.0,0.0,0,0,0,0,0,0
94518000,0,0,0.0,0.0,0,0,0,0,0,0
94518200,0,0,0.0,0.0,0,0,0,0,0,0
94518300,0,0,0.0,0.0,0,0,0,0,0,0
94518400,0,0,0.0,0.0,0,0,0,0,0,0
94518500,0,0,0.0,0.0,0,0,0,0,0,0
94518600,0,0,0.0,0.0,0,0,0,0,0,0
94518700,0,0,0.0,0.0,0,0,0,0,0,0
94518800,0,0,0.0,0.0,0,0,0,0,0,0
94518900,0,0,0.0,0.0,0,0,0,0,0,0
94519000,0,0,0.0,0.0,0,0,0,0,0,0
94519100,0,0,0.0,0.0,0,0,0,0,0,0
94519200,0,0,0.0,0.0,0,0,0,0,0,0
94519300,0,0,0.0,0.0,0,0,0,0,0,0
94519400,0,0,0.0,0.0,0,0,0,0,0,0
94519500,0,0,0.0,0.0,0,0,0,0,0,0
94519600,0,0,0.0,0.0,0,0,0,0,0,0
94519700,0,0,0.0,0.0,0,0,0,0,0,0
94519800,0,0,0.0,0.0,0,0,0,0,0,0
94519900,0,0,0.0,0.0,0,0,0,0,0,0
94520000,0,0,0.0,0.0,0,0,0,0,0,0
94520100,0,0,0.0,0.0,0,0,0,0,0,0
94520200,0,0,0.0,0.0,0,0,0,0,0,0
94520300,0,0,0.0,0.0,0,0,0,0,0,0
94520400,0,0,0.0,0.0,0,0,0,0,0,0
94520500,0,0,0.0,0.0,0,0,0,0,0,0
94520600,0,0,0.0,0.0,0,0,0,0,0,0
94520700,0,0,0.0,0.0,0,0,0,0,0,0
94520800,0,0,0.0,0.0,0,0,0,0,0,0
94520900,0,0,0.0,0.0,0,0,0,0,0,0
94521000,0,0,0.0,0.0,0,0,0,0,0,0
94521100,0,0,0.0,0.0,0,0,0,0,0,0
94521200,0,0,0.0,0.0,0,0,0,0,0,0
94521300,0,0,0.0,0.0,0,0,0,0,0,0
94521400,0,0,0.0,0.0,0,0,0,0,0,0
94521500,0,0,0.0,0.0,0,0,0,0,0,0
94521600,0,0,0.0,0.0,0,0,0,0,0,0
94521700,0,0,0.0,0.0,0,0,0,0,0,0
94521800,0,0,0.0,0.0,0,0,0,0,0,0
94521900,0,0,0.0,0.0,0,0,0,0,0,0
94522000,0,0,0.0,0.0,0,0,0,0,0,0
94522100,0,0,0.0,0.0,0,0,0,0,0,0
94522200,0,0,0.0,0.0,0,0,0,0,0,0
94522300,0,0,0.0,0.0,0,0,0,0,0,0
94522400,0,0,0.0,0.0,0,0,0,0,0,0
94522500,0,0,0.0,0.0,0,0,0,0,0,0
94522600,0,0,0.0,0.0,0,0,0,0,0,0
94522700,0,0,0.0,0.0,0,0,0,0,0,0
94522800,0,0,0.0,0.0,0,0,0,0,0,0
94522900,0,0,0.0,0.0,0,0,0,0,0,0
94523000,0,0,0.0,0.0,0,0,0,0,0,0
94523100,0,0,0.0,0.0,0,0,0,0,0,0
94523200,0,0,0.0,0.0,0,0,0,0,0,0
94523300,0,0,0.0,0.0,0,0,0,0,0,0
94523400,0,0,0.0,0.0,0,0,0,0,0,0
94523500,0,0,0.0,0.0,0,0,0,0,0,0
94523600,0,0,0.0,0.0,0,0,0,0,0,0
94523700,0,0,0.0,0.0,0,0,0,0,0,0
94523800,0,0,0.0,0.0,0,0,0,0,0,0
94523900,0,0,0.0,0.0,0,0,0,0,0,0
94524000,0,0,0.0,0.0,0,0,0,0,0,0
94524100,0,0,0.0,0.0,0,0,0,0,0,0
94524200,0,0,0.0,0.0,0,0,0,0,0,0
94524300,0,0,0.0,0.0,0,0,0,0,0,0
94524400,0,0,0.0,0.0,0,0,0,0,0,0
94524500,0,0,0.0,0.0,0,0,0,0,0,0
94524600,0,0,0.0,0.0,0,0,0,0,0,0
94524700,0,0,0.0,0.0,0,0,0,0,0,0
94524800,0,0,0.0,0.0,0,0,0,0,0,0
94524900,0,0,0.0,0.0,0,0,0,0,0,0
94525000,0,0,0.0,0.0,0,0,0,0,0,0
94525100,0,0,0.0,0.0,0,0,0,0,0,0
94525200,0,0,0.0,0.0,0,0,0,0,0,0
94525300,0,0,0.0,0.0,0,0,0,0,0,0
94525400,0,0,0.0,0.0,0,0,0,0,0,0
94525500,0,0,0.0,0.0,0,0,0,0,0,0
94525600,0,0,0.0,0.0,0,0,0,0,0,0
94525700,0,0,0.0,0.0,0,0,0,0,0,0
94525800,0,0,0.0,0.0,0,0,0,0,0,0
94525900,0,0,0.0,0.0,0,0,0,0,0,0
94526000,0,0,0.0,0.0,0,0,0,0,0,0
94526100,0,0,0.0,0.0,0,0,0,0,0,0
94526200,0,0,0.0,0.0,0,0,0,0,0,0
94526300,0,0,0.0,0.0,0,0,0,0,0,0
94526400,0,0,0.0,0.0,0,0,0,0,0,0
94526500,0,0,0.0,0.0,0,0,0,0,0,0
94526600,0,0,0.0,0.0,0,0,0,0,0,0
94526700,0,0,0.0,0.0,0,0,0,0,0,0
94526800,0,0,0.0,0.0,0,0,0,0,0,0
94526900,0,0,0.0,0.0,0,0,0,0,0,0
94527000,0,0,0.0,0.0,0,0,0,0,0,0
94527100,0,0,0.0,0.0,0,0,0,0,0,0
94527200,0,0,0.0,0.0,0,0,0,0,0,0
94527300,0,0,0.0,0.0,0,0,0,0,0,0
94527400,0,0,0.0,0.0,0,0,0,0,0,0
94527500,0,0,0.0,0.0,0,0,0,0,0,0
94527600,0,0,0.0,0.0,0,0,0,0,0,0
94527700,0,0,0.0,0.0,0,0,0,0,0,0
94527800,0,0,0.0,0.0,0,0,0,0,0,0
94527900,0,0,0.0,0.0,0,0,0,0,0,0
94528000,0,0,0.0,0.0,0,0,0,0,0,0
94528100,0,0,0.0,0.0,0,0,0,0,0,0
94528200,0,0,0.0,0.0,0,0,0,0,0,0
94528300,0,0,0.0,0.0,0,0,0,0,0,0
94528400,0,0,0.0,0.0,0,0,0,0,0,0
94528500,0,0,0.0,0.0,0,0,0,0,0,0
94528600,0,0,0.0,0.0,0,0,0,0,0,0
94528700,0,0,0.0,0.0,0,0,0,0,0,0
94528800,0,0,0.0,0.0,0,0,0,0,0,0
94528900,0,0,0.0,0.0,0,0,0,0,0,0
94529000,0,0,0.0,0.0,0,0,0,0,0,0
94529100,0,0,0.0,0.0,0,0,0,0,0,0
94529200,0,0,0.0,0.0,0,0,0,0,0,0
94529300,0,0,0.0,0.0,0,0,0,0,0,0
94529400,0,0,0.0,0.0,0,0,0,0,0,0
94529500,0,0,0.0,0.0,0,0,0,0,0,0
94529600,0,0,0.0,0.0,0,0,0,0,0,0
94529700,0,0,0.0,0.0,0,0,0,0,0,0
94529800,0,0,0.0,0.0,0,0,0,0,0,0
94529900,0,0,0.0,0.0,0,0,0,0,0,0
94530000,0,0,0.0,0.0,0,0,0,0,0,0
94530200,0,0,0.0,0.0,0,0,0,0,0,0
94530300,0,0,0.0,0.0,0,0,0,0,0,0
94530400,0,0,0.0,0.0,0,0,0,0,0,0
94530500,0,0,0.0,0.0,0,0,0,0,0,0
94530600,0,0,0.0,0.0,0,0,0,0,0,0
94530700,0,0,0.0,0.0,0,0,0,0,0,0
94530800,0,0,0.0,0.0,0,0,0,0,0,0
94530900,0,0,0.0,0.0,0,0,0,0,0,0
94531000,0,0,0.0,0.0,0,0,0,0,0,0
94531100,0,0,0.0,0.0,0,0,0,0,0,0
94531200,0,0,0.0,0.0,0,0,0,0,0,0
94531300,0,0,0.0,0.0,0,0,0,0,0,0
94531400,0,0,0.0,0.0,0,0,0,0,0,0
94531500,0,0,0.0,0.0,0,0,0,0,0,0
94531600,0,0,0.0,0.0,0,0,0,0,0,0
94531700,0,0,0.0,0.0,0,0,0,0,0,0
94531800,0,0,0.0,0.0,0,0,0,0,0,0
94531900,0,0,0.0,0.0,0,0,0,0,0,0
94532000,0,0,0.0,0.0,0,0,0,0,0,0
94532200,0,0,0.0,0.0,0,0,0,0,0,0
94532300,0,0,0.0,0.0,0,0,0,0,0,0
94532400,0,0,0.0,0.0,0,0,0,0,0,0
94532500,0,0,0.0,0.0,0,0,0,0,0,0
94532600,0,0,0.0,0.0,0,0,0,0,0,0
94532700,0,0,0.0,0.0,0,0,0,0,0,0
94532800,0,0,0.0,0.0,0,0,0,0,0,0
94532900,0,0,0.0,0.0,0,0,0,0,0,0
94533000,0,0,0.0,0.0,0,0,0,0,0,0
94533100,0,0,0.0,0.0,0,0,0,0,0,0
94533200,0,0,0.0,0.0,0,0,0,0,0,0
94533300,0,0,0.0,0.0,0,0,0,0,0,0
94533400,0,0,0.0,0.0,0,0,0,0,0,0
94533500,0,0,0.0,0.0,0,0,0,0,0,0
94533600,0,0,0.0,0.0,0,0,0,0,0,0
94533700,0,0,0.0,0.0,0,0,0,0,0,0
94533800,0,0,0.0,0.0,0,0,0,0,0,0
94533900,0,0,0.0,0.0,0,0,0,0,0,0
94534000,0,0,0.0,0.0,0,0,0,0,0,0
94534100,0,0,0.0,0.0,0,0,0,0,0,0
94534200,0,0,0.0,0.0,0,0,0,0,0,0
94534300,0,0,0.0,0.0,0,0,0,0,0,0
94534400,0,0,0.0,0.0,0,0,0,0,0,0
94534500,0,0,0.0,0.0,0,0,0,0,0,0
94534600,0,0,0.0,0.0,0,0,0,0,0,0
94534700,0,0,0.0,0.0,0,0,0,0,0,0
94534800,0,0,0.0,0.0,0,0,0,0,0,0
94534900,0,0,0.0,0.0,0,0,0,0,0,0
94535000,0,0,0.0,0.0,0,0,0,0,0,0
94535100,0,0,0.0,0.0,0,0,0,0,0,0
94535200,0,0,0.0,0.0,0,0,0,0,0,0
94535300,0,0,0.0,0.0,0,0,0,0,0,0
94535400,0,0,0.0,0.0,0,0,0,0,0,0
94535500,0,0,0.0,0.0,0,0,0,0,0,0
94535600,0,0,0.0,0.0,0,0,0,0,0,0
94535700,0,0,0.0,0.0,0,0,0,0,0,0
94535800,0,0,0.0,0.0,0,0,0,0,0,0
94535900,0,0,0.0,0.0,0,0,0,0,0,0
94536000,0,0,0.0,0.0,0,0,0,0,0,0
94536200,0,0,0.0,0.0,0,0,0,0,0,0
94536300,0,0,0.0,0.0,0,0,0,0,0,0
94536400,0,0,0.0,0.0,0,0,0,0,0,0
94536500,0,0,0.0,0.0,0,0,0,0,0,0
94536600,0,0,0.0,0.0,0,0,0,0,0,0
94536700,0,0,0.0,0.0,0,0,0,0,0,0
94536800,0,0,0.0,0.0,0,0,0,0,0,0
94536900,0,0,0.0,0.0,0,0,0,0,0,0
94537000,0,0,0.0,0.0,0,0,0,0,0,0
94537100,0,0,0.0,0.0,0,0,0,0,0,0
94537200,0,0,0.0,0.0,0,0,0,0,0,0
94537300,0,0,0.0,0.0,0,0,0,0,0,0
94537400,0,0,0.0,0.0,0,0,0,0,0,0
94537500,0,0,0.0,0.0,0,0,0,0,0,0
94537600,0,0,0.0,0.0,0,0,0,0,0,0
94537700,0,0,0.0,0.0,0,0,0,0,0,0
94537800,0,0,0.0,0.0,0,0,0,0,0,0
94537900,0,0,0.0,0.0,0,0,0,0,0,0
94538000,0,0,0.0,0.0,0,0,0,0,0,0
94538200,0,0,0.0,0.0,0,0,0,0,0,0
94538300,0,0,0.0,0.0,0,0,0,0,0,0
94538400,0,0,0.0,0.0,0,0,0,0,0,0
94538500,0,0,0.0,0.0,0,0,0,0,0,0
94538600,0,0,0.0,0.0,0,0,0,0,0,0
94538700,0,0,0.0,0.0,0,0,0,0,0,0
94538800,0,0,0.0,0.0,0,0,0,0,0,0
94538900,0,0,0.0,0.0,0,0,0,0,0,0
94539000,0,0,0.0,0.0,0,0,0,0,0,0
94539100,0,0,0.0,0.0,0,0,0,0,0,0
94539200,0,0,0.0,0.0,0,0,0,0,0,0
94539300,0,0,0.0,0.0,0,0,0,0,0,0
94539400,0,0,0.0,0.0,0,0,0,0,0,0
94539500,0,0,0.0,0.0,0,0,0,0,0,0
94539600,0,0,0.0,0.0,0,0,0,0,0,0
94539700,0,0,0.0,0.0,0,0,0,0,0,0
94539800,0,0,0.0,0.0,0,0,0,0,0,0
94539900,0,0,0.0,0.0,0,0,0,0,0,0
94540000,0,0,0.0,0.0,0,0,0,0,0,0
94540200,0,0,0.0,0.0,0,0,0,0,0,0
94540300,0,0,0.0,0.0,0,0,0,0,0,0
94540400,0,0,0.0,0.0,0,0,0,0,0,0
94540500,0,0,0.0,0.0,0,0,0,0,0,0
94540600,0,0,0.0,0.0,0,0,0,0,0,0
94540700,0,0,0.0,0.0,0,0,0,0,0,0
94540800,0,0,0.0,0.0,0,0,0,0,0,0
94540900,0,0,0.0,0.0,0,0,0,0,0,0
94541000,0,0,0.0,0.0,0,0,0,0,0,0
94541100,0,0,0.0,0.0,0,0,0,0,0,0
94541200,0,0,0.0,0.0,0,0,0,0,0,0
94541300,0,0,0.0,0.0,0,0,0,0,0,0
94541400,0,0,0.0,0.0,0,0,0,0,0,0
94541600,0,0,0.0,0.0,0,0,0,0,0,0
94541700,0,0,0.0,0.0,0,0,0,0,0,0
94541800,0,0,0.0,0.0,0,0,0,0,0,0
94541900,0,0,0.0,0.0,0,0,0,0,0,0
94542000,0,0,0.0,0.0,0,0,0,0,0,0
94542100,0,0,0.0,0.0,0,0,0,0,0,0
94542200,0,0,0.0,0.0,0,0,0,0,0,0
94542300,0,0,0.0,0.0,0,0,0,0,0,0
94542400,0,0,0.0,0.0,0,0,0,0,0,0
94542500,0,0,0.0,0.0,0,0,0,0,0,0
94542600,0,0,0.0,0.0,0,0,0,0,0,0
94542700,0,0,0.0,0.0,0,0,0,0,0,0
94542800,0,0,0.0,0.0,0,0,0,0,0,0
94542900,0,0,0.0,0.0,0,0,0,0,0,0
94543000,0,0,0.0,0.0,0,0,0,0,0,0
94543200,0,0,0.0,0.0,0,0,0,0,0,0
94543300,0,0,0.0,0.0,0,0,0,0,0,0
94543400,0,0,0.0,0.0,0,0,0,0,0,0
94543500,0,0,0.0,0.0,0,0,0,0,0,0
94543600,0,0,0.0,0.0,0,0,0,0,0,0
94543700,0,0,0.0,0.0,0,0,0,0,0,0
94543800,0,0,0.0,0.0,0,0,0,0,0,0
94543900,0,0,0.0,0.0,0,0,0,0,0,0
94544000,0,0,0.0,0.0,0,0,0,0,0,0
94544200,0,0,0.0,0.0,0,0,0,0,0,0
94544300,0,0,0.0,0.0,0,0,0,0,0,0
94544400,0,0,0.0,0.0,0,0,0,0,0,0
94544500,0,0,0.0,0.0,0,0,0,0,0,0
94544600,0,0,0.0,0.0,0,0,0,0,0,0
94544700,0,0,0.0,0.0,0,0,0,0,0,0
94544800,0,0,0.0,0.0,0,0,0,0,0,0
94544900,0,0,0.0,0.0,0,0,0,0,0,0
94545000,0,0,0.0,0.0,0,0,0,0,0,0
94545100,0,0,0.0,0.0,0,0,0,0,0,0
94545200,0,0,0.0,0.0,0,0,0,0,0,0
94545400,0,0,0.0,0.0,0,0,0,0,0,0
94545500,0,0,0.0,0.0,0,0,0,0,0,0
94545600,0,0,0.0,0.0,0,0,0,0,0,0
94545700,0,0,0.0,0.0,0,0,0,0,0,0
94545800,0,0,0.0,0.0,0,0,0,0,0,0
94545900,0,0,0.0,0.0,0,0,0,0,0,0
94546000,0,0,0.0,0.0,0,0,0,0,0,0
94546200,0,0,0.0,0.0,0,0,0,0,0,0
94546300,0,0,0.0,0.0,0,0,0,0,0,0
94546400,0,0,0.0,0.0,0,0,0,0,0,0
94546500,0,0,0.0,0.0,0,0,0,0,0,0
94546600,0,0,0.0,0.0,0,0,0,0,0,0
94546700,0,0,0.0,0.0,0,0,0,0,0,0
94546800,0,0,0.0,0.0,0,0,0,0,0,0
94546900,0,0,0.0,0.0,0,0,0,0,0,0
94547000,0,0,0.0,0.0,0,0,0,0,0,0
94547200,0,0,0.0,0.0,0,0,0,0,0,0
94547300,0,0,0.0,0.0,0,0,0,0,0,0
94547400,0,0,0.0,0.0,0,0,0,0,0,0
94547500,0,0,0.0,0.0,0,0,0,0,0,0
94547600,0,0,0.0,0.0,0,0,0,0,0,0
94547700,0,0,0.0,0.0,0,0,0,0,0,0
94547800,0,0,0.0,0.0,0,0,0,0,0,0
94547900,0,0,0.0,0.0,0,0,0,0,0,0
94548000,0,0,0.0,0.0,0,0,0,0,0,0
94548200,0,0,0.0,0.0,0,0,0,0,0,0
94548300,0,0,0.0,0.0,0,0,0,0,0,0
94548400,0,0,0.0,0.0,0,0,0,0,0,0
94548500,0,0,0.0,0.0,0,0,0,0,0,0
94548600,0,0,0.0,0.0,0,0,0,0,0,0
94548700,0,0,0.0,0.0,0,0,0,0,0,0
94548800,0,0,0.0,0.0,0,0,0,0,0,0
94548900,0,0,0.0,0.0,0,0,0,0,0,0
94549000,0,0,0.0,0.0,0,0,0,0,0,0
94549200,0,0,0.0,0.0,0,0,0,0,0,0
94549300,0,0,0.0,0.0,0,0,0,0,0,0
94549400,0,0,0.0,0.0,0,0,0,0,0,0
94549500,0,0,0.0,0.0,0,0,0,0,0,0
94549600,0,0,0.0,0.0,0,0,0,0,0,0
94549700,0,0,0.0,0.0,0,0,0,0,0,0
94549800,0,0,0.0,0.0,0,0,0,0,0,0
94549900,0,0,0.0,0.0,0,0,0,0,0,0
94550000,0,0,0.0,0.0,0,0,0,0,0,0
94550200,0,0,0.0,0.0,0,0,0,0,0,0
94550300,0,0,0.0,0.0,0,0,0,0,0,0
94550400,0,0,0.0,0.0,0,0,0,0,0,0
94550500,0,0,0.0,0.0,0,0,0,0,0,0
94550600,0,0,0.0,0.0,0,0,0,0,0,0
94550700,0,0,0.0,0.0,0,0,0,0,0,0
94550800,0,0,0.0,0.0,0,0,0,0,0,0
94550900,0,0,0.0,0.0,0,0,0,0,0,0
94551000,0,0,0.0,0.0,0,0,0,0,0,0
94551100,0,0,0.0,0.0,0,0,0,0,0,0
94551200,0,0,0.0,0.0,0,0,0,0,0,0
94551300,0,0,0.0,0.0,0,0,0,0,0,0
94551400,0,0,0.0,0.0,0,0,0,0,0,0
94551500,0,0,0.0,0.0,0,0,0,0,0,0
94551600,0,0,0.0,0.0,0,0,0,0,0,0
94551700,0,0,0.0,0.0,0,0,0,0,0,0
94551800,0,0,0.0,0.0,0,0,0,0,0,0
94551900,0,0,0.0,0.0,0,0,0,0,0,0
94552000,0,0,0.0,0.0,0,0,0,0,0,0
94552200,0,0,0.0,0.0,0,0,0,0,0,0
94552300,0,0,0.0,0.0,0,0,0,0,0,0
94552400,0,0,0.0,0.0,0,0,0,0,0,0
94552500,0,0,0.0,0.0,0,0,0,0,0,0
94552600,0,0,0.0,0.0,0,0,0,0,0,0
94552700,0,0,0.0,0.0,0,0,0,0,0,0
94552800,0,0,0.0,0.0,0,0,0,0,0,0
94552900,0,0,0.0,0.0,0,0,0,0,0,0
94553000,0,0,0.0,0.0,0,0,0,0,0,0
94553100,0,0,0.0,0.0,0,0,0,0,0,0
94553200,0,0,0.0,0.0,0,0,0,0,0,0
94553300,0,0,0.0,0.0,0,0,0,0,0,0
94553400,0,0,0.0,0.0,0,0,0,0,0,0
94553500,0,0,0.0,0.0,0,0,0,0,0,0
94553600,0,0,0.0,0.0,0,0,0,0,0,0
94553700,0,0,0.0,0.0,0,0,0,0,0,0
94553800,0,0,0.0,0.0,0,0,0,0,0,0
94553900,0,0,0.0,0.0,0,0,0,0,0,0
94554000,0,0,0.0,0.0,0,0,0,0,0,0
94554200,0,0,0.0,0.0,0,0,0,0,0,0
94554300,0,0,0.0,0.0,0,0,0,0,0,0
94554400,0,0,0.0,0.0,0,0,0,0,0,0
94554500,0,0,0.0,0.0,0,0,0,0,0,0
94554600,0,0,0.0,0.0,0,0,0,0,0,0
94554700,0,0,0.0,0.0,0,0,0,0,0,0
94554800,0,0,0.0,0.0,0,0,0,0,0,0
94554900,0,0,0.0,0.0,0,0,0,0,0,0
94555000,0,0,0.0,0.0,0,0,0,0,0,0
94555100,0,0,0.0,0.0,0,0,0,0,0,0
94555200,0,0,0.0,0.0,0,0,0,0,0,0
94555300,0,0,0.0,0.0,0,0,0,0,0,0
94555400,0,0,0.0,0.0,0,0,0,0,0,0
94555500,0,0,0.0,0.0,0,0,0,0,0,0
94555600,0,0,0.0,0.0,0,0,0,0,0,0
94555700,0,0,0.0,0.0,0,0,0,0,0,0
94555800,0,0,0.0,0.0,0,0,0,0,0,0
94555900,0,0,0.0,0.0,0,0,0,0,0,0
94556000,0,0,0.0,0.0,0,0,0,0,0,0
94556200,0,0,0.0,0.0,0,0,0,0,0,0
94556300,0,0,0.0,0.0,0,0,0,0,0,0
94556400,0,0,0.0,0.0,0,0,0,0,0,0
94556500,0,0,0.0,0.0,0,0,0,0,0,0
94556600,0,0,0.0,0.0,0,0,0,0,0,0
94556700,0,0,0.0,0.0,0,0,0,0,0,0
94556800,0,0,0.0,0.0,0,0,0,0,0,0
94556900,0,0,0.0,0.0,0,0,0,0,0,0
94557000,0,0,0.0,0.0,0,0,0,0,0,0
94557200,0,0,0.0,0.0,0,0,0,0,0,0
94557300,0,0,0.0,0.0,0,0,0,0,0,0
94557400,0,0,0.0,0.0,0,0,0,0,0,0
94557500,0,0,0.0,0.0,0,0,0,0,0,0
94557600,0,0,0.0,0.0,0,0,0,0,0,0
94557700,0,0,0.0,0.0,0,0,0,0,0,0
94557800,0,0,0.0,0.0,0,0,0,0,0,0
94557900,0,0,0.0,0.0,0,0,0,0,0,0
94558000,0,0,0.0,0.0,0,0,0,0,0,0
94558100,0,0,0.0,0.0,0,0,0,0,0,0
94558200,0,0,0.0,0.0,0,0,0,0,0,0
94558300,0,0,0.0,0.0,0,0,0,0,0,0
94558400,0,0,0.0,0.0,0,0,0,0,0,0
94558500,0,0,0.0,0.0,0,0,0,0,0,0
94558600,0,0,0.0,0.0,0,0,0,0,0,0
94558700,0,0,0.0,0.0,0,0,0,0,0,0
94558800,0,0,0.0,0.0,0,0,0,0,0,0
94558900,0,0,0.0,0.0,0,0,0,0,0,0
94559000,0,0,0.0,0.0,0,0,0,0,0,0
94559100,0,0,0.0,0.0,0,0,0,0,0,0
94559200,0,0,0.0,0.0,0,0,0,0,0,0
94559300,0,0,0.0,0.0,0,0,0,0,0,0
94559400,0,0,0.0,0.0,0,0,0,0,0,0
94559500,0,0,0.0,0.0,0,0,0,0,0,0
94559600,0,0,0.0,0.0,0,0,0,0,0,0
94559700,0,0,0.0,0.0,0,0,0,0,0,0
94559800,0,0,0.0,0.0,0,0,0,0,0,0
94559900,0,0,0.0,0.0,0,0,0,0,0,0
94560000,0,0,0.0,0.0,0,0,0,0,0,0
94560200,0,0,0.0,0.0,0,0,0,0,0,0
94560300,0,0,0.0,0.0,0,0,0,0,0,0
94560400,0,0,0.0,0.0,0,0,0,0,0,0
94560500,0,0,0.0,0.0,0,0,0,0,0,0
94560600,0,0,0.0,0.0,0,0,0,0,0,0
94560700,0,0,0.0,0.0,0,0,0,0,0,0
94560800,0,0,0.0,0.0,0,0,0,0,0,0
94560900,0,0,0.0,0.0,0,0,0,0,0,0
94561000,0,0,0.0,0.0,0,0,0,0,0,0
94561100,0,0,0.0,0.0,0,0,0,0,0,0
94561200,0,0,0.0,0.0,0,0,0,0,0,0
94561300,0,0,0.0,0.0,0,0,0,0,0,0
94561400,0,0,0.0,0.0,0,0,0,0,0,0
94561500,0,0,0.0,0.0,0,0,0,0,0,0
94561600,0,0,0.0,0.0,0,0,0,0,0,0
94561700,0,0,0.0,0.0,0,0,0,0,0,0
94561800,0,0,0.0,0.0,0,0,0,0,0,0
94561900,0,0,0.0,0.0,0,0,0,0,0,0
94562000,0,0,0.0,0.0,0,0,0,0,0,0
94562100,0,0,0.0,0.0,0,0,0,0,0,0
94562200,0,0,0.0,0.0,0,0,0,0,0,0
94562300,0,0,0.0,0.0,0,0,0,0,0,0
94562400,0,0,0.0,0.0,0,0,0,0,0,0
94562500,0,0,0.0,0.0,0,0,0,0,0,0
94562600,0,0,0.0,0.0,0,0,0,0,0,0
94562700,0,0,0.0,0.0,0,0,0,0,0,0
94562800,0,0,0.0,0.0,0,0,0,0,0,0
94562900,0,0,0.0,0.0,0,0,0,0,0,0
94563000,0,0,0.0,0.0,0,0,0,0,0,0
94563100,0,0,0.0,0.0,0,0,0,0,0,0
94563200,0,0,0.0,0.0,0,0,0,0,0,0
94563300,0,0,0.0,0.0,0,0,0,0,0,0
94563400,0,0,0.0,0.0,0,0,0,0,0,0
94563500,0,0,0.0,0.0,0,0,0,0,0,0
94563600,0,0,0.0,0.0,0,0,0,0,0,0
94563700,0,0,0.0,0.0,0,0,0,0,0,0
94563800,0,0,0.0,0.0,0,0,0,0,0,0
94563900,0,0,0.0,0.0,0,0,0,0,0,0
94564000,0,0,0.0,0.0,0,0,0,0,0,0
94564100,0,0,0.0,0.0,0,0,0,0,0,0
94564200,0,0,0.0,0.0,0,0,0,0,0,0
94564300,0,0,0.0,0.0,0,0,0,0,0,0
94564400,0,0,0.0,0.0,0,0,0,0,0,0
94564500,0,0,0.0,0.0,0,0,0,0,0,0
94564600,0,0,0.0,0.0,0,0,0,0,0,0
94564700,0,0,0.0,0.0,0,0,0,0,0,0
94564800,0,0,0.0,0.0,0,0,0,0,0,0
94564900,0,0,0.0,0.0,0,0,0,0,0,0
94565000,0,0,0.0,0.0,0,0,0,0,0,0
94565100,0,0,0.0,0.0,0,0,0,0,0,0
94565200,0,0,0.0,0.0,0,0,0,0,0,0
94565300,0,0,0.0,0.0,0,0,0,0,0,0
94565400,0,0,0.0,0.0,0,0,0,0,0,0
94565500,0,0,0.0,0.0,0,0,0,0,0,0
94565600,0,0,0.0,0.0,0,0,0,0,0,0
94565700,0,0,0.0,0.0,0,0,0,0,0,0
94565800,0,0,0.0,0.0,0,0,0,0,0,0
94565900,0,0,0.0,0.0,0,0,0,0,0,0
94566000,0,0,0.0,0.0,0,0,0,0,0,0
94566100,0,0,0.0,0.0,0,0,0,0,0,0
94566200,0,0,0.0,0.0,0,0,0,0,0,0
94566300,0,0,0.0,0.0,0,0,0,0,0,0
94566400,0,0,0.0,0.0,0,0,0,0,0,0
94566500,0,0,0.0,0.0,0,0,0,0,0,0
94566600,0,0,0.0,0.0,0,0,0,0,0,0
94566700,0,0,0.0,0.0,0,0,0,0,0,0
94566800,0,0,0.0,0.0,0,0,0,0,0,0
94566900,0,0,0.0,0.0,0,0,0,0,0,0
94567000,0,0,0.0,0.0,0,0,0,0,0,0
94567100,0,0,0.0,0.0,0,0,0,0,0,0
94567200,0,0,0.0,0.0,0,0,0,0,0,0
94567300,0,0,0.0,0.0,0,0,0,0,0,0
94567400,0,0,0.0,0.0,0,0,0,0,0,0
94567500,0,0,0.0,0.0,0,0,0,0,0,0
94567600,0,0,0.0,0.0,0,0,0,0,0,0
94567700,0,0,0.0,0.0,0,0,0,0,0,0
94567800,0,0,0.0,0.0,0,0,0,0,0,0
94567900,0,0,0.0,0.0,0,0,0,0,0,0
94568000,0,0,0.0,0.0,0,0,0,0,0,0
94568100,0,0,0.0,0.0,0,0,0,0,0,0
94568200,0,0,0.0,0.0,0,0,0,0,0,0
94568300,0,0,0.0,0.0,0,0,0,0,0,0
94568400,0,0,0.0,0.0,0,0,0,0,0,0
94568500,0,0,0.0,0.0,0,0,0,0,0,0
94568600,0,0,0.0,0.0,0,0,0,0,0,0
94568700,0,0,0.0,0.0,0,0,0,0,0,0
94568800,0,0,0.0,0.0,0,0,0,0,0,0
94568900,0,0,0.0,0.0,0,0,0,0,0,0
94569000,0,0,0.0,0.0,0,0,0,0,0,0
94569100,0,0,0.0,0.0,0,0,0,0,0,0
94569200,0,0,0.0,0.0,0,0,0,0,0,0
94569300,0,0,0.0,0.0,0,0,0,0,0,0
94569400,0,0,0.0,0.0,0,0,0,0,0,0
94569500,0,0,0.0,0.0,0,0,0,0,0,0
94569600,0,0,0.0,0.0,0,0,0,0,0,0
94569700,0,0,0.0,0.0,0,0,0,0,0,0
94569800,0,0,0.0,0.0,0,0,0,0,0,0
94569900,0,0,0.0,0.0,0,0,0,0,0,0
94570000,0,0,0.0,0.0,0,0,0,0,0,0
94570100,0,0,0.0,0.0,0,0,0,0,0,0
94570200,0,0,0.0,0.0,0,0,0,0,0,0
94570300,0,0,0.0,0.0,0,0,0,0,0,0
94570400,0,0,0.0,0.0,0,0,0,0,0,0
94570500,0,0,0.0,0.0,0,0,0,0,0,0
94570600,0,0,0.0,0.0,0,0,0,0,0,0
94570700,0,0,0.0,0.0,0,0,0,0,0,0
94570800,0,0,0.0,0.0,0,0,0,0,0,0
94570900,0,0,0.0,0.0,0,0,0,0,0,0
94571000,0,0,0.0,0.0,0,0,0,0,0,0
94571100,0,0,0.0,0.0,0,0,0,0,0,0
94571200,0,0,0.0,0.0,0,0,0,0,0,0
94571300,0,0,0.0,0.0,0,0,0,0,0,0
94571400,0,0,0.0,0.0,0,0,0,0,0,0
94571500,0,0,0.0,0.0,0,0,0,0,0,0
94571600,0,0,0.0,0.0,0,0,0,0,0,0
94571700,0,0,0.0,0.0,0,0,0,0,0,0
94571800,0,0,0.0,0.0,0,0,0,0,0,0
94571900,0,0,0.0,0.0,0,0,0,0,0,0
94572000,0,0,0.0,0.0,0,0,0,0,0,0
94572100,0,0,0.0,0.0,0,0,0,0,0,0
94572200,0,0,0.0,0.0,0,0,0,0,0,0
94572300,0,0,0.0,0.0,0,0,0,0,0,0
94572400,0,0,0.0,0.0,0,0,0,0,0,0
94572500,0,0,0.0,0.0,0,0,0,0,0,0
94572600,0,0,0.0,0.0,0,0,0,0,0,0
94572700,0,0,0.0,0.0,0,0,0,0,0,0
94572800,0,0,0.0,0.0,0,0,0,0,0,0
94572900,0,0,0.0,0.0,0,0,0,0,0,0
94573000,0,0,0.0,0.0,0,0,0,0,0,0
94573100,0,0,0.0,0.0,0,0,0,0,0,0
94573200,0,0,0.0,0.0,0,0,0,0,0,0
94573300,0,0,0.0,0.0,0,0,0,0,0,0
94573400,0,0,0.0,0.0,0,0,0,0,0,0
94573500,0,0,0.0,0.0,0,0,0,0,0,0
94573600,0,0,0.0,0.0,0,0,0,0,0,0
94573700,0,0,0.0,0.0,0,0,0,0,0,0
94573800,0,0,0.0,0.0,0,0,0,0,0,0
94573900,0,0,0.0,0.0,0,0,0,0,0,0
94574000,0,0,0.0,0.0,0,0,0,0,0,0
94574100,0,0,0.0,0.0,0,0,0,0,0,0
94574200,0,0,0.0,0.0,0,0,0,0,0,0
94574300,0,0,0.0,0.0,0,0,0,0,0,0
94574400,0,0,0.0,0.0,0,0,0,0,0,0
94574500,0,0,0.0,0.0,0,0,0,0,0,0
94574600,0,0,0.0,0.0,0,0,0,0,0,0
94574700,0,0,0.0,0.0,0,0,0,0,0,0
94574800,0,0,0.0,0.0,0,0,0,0,0,0
94574900,0,0,0.0,0.0,0,0,0,0,0,0
94575000,0,0,0.0,0.0,0,0,0,0,0,0
94575100,0,0,0.0,0.0,0,0,0,0,0,0
94575200,0,0,0.0,0.0,0,0,0,0,0,0
94575300,0,0,0.0,0.0,0,0,0,0,0,0
94575400,0,0,0.0,0.0,0,0,0,0,0,0
94575500,0,0,0.0,0.0,0,0,0,0,0,0
94575600,0,0,0.0,0.0,0,0,0,0,0,0
94575700,0,0,0.0,0.0,0,0,0,0,0,0
94575800,0,0,0.0,0.0,0,0,0,0,0,0
94575900,0,0,0.0,0.0,0,0,0,0,0,0
94576000,0,0,0.0,0.0,0,0,0,0,0,0
94576100,0,0,0.0,0.0,0,0,0,0,0,0
94576200,0,0,0.0,0.0,0,0,0,0,0,0
94576300,0,0,0.0,0.0,0,0,0,0,0,0
94576400,0,0,0.0,0.0,0,0,0,0,0,0
94576500,0,0,0.0,0.0,0,0,0,0,0,0
94576600,0,0,0.0,0.0,0,0,0,0,0,0
94576700,0,0,0.0,0.0,0,0,0,0,0,0
94576800,0,0,0.0,0.0,0,0,0,0,0,0
94576900,0,0,0.0,0.0,0,0,0,0,0,0
94577000,0,0,0.0,0.0,0,0,0,0,0,0
94577100,0,0,0.0,0.0,0,0,0,0,0,0
94577200,0,0,0.0,0.0,0,0,0,0,0,0
94577300,0,0,0.0,0.0,0,0,0,0,0,0
94577400,0,0,0.0,0.0,0,0,0,0,0,0
94577500,0,0,0.0,0.0,0,0,0,0,0,0
94577600,0,0,0.0,0.0,0,0,0,0,0,0
94577700,0,0,0.0,0.0,0,0,0,0,0,0
94577800,0,0,0.0,0.0,0,0,0,0,0,0
94577900,0,0,0.0,0.0,0,0,0,0,0,0
94578000,0,0,0.0,0.0,0,0,0,0,0,0
94578100,0,0,0.0,0.0,0,0,0,0,0,0
94578200,0,0,0.0,0.0,0,0,0,0,0,0
94578300,0,0,0.0,0.0,0,0,0,0,0,0
94578400,0,0,0.0,0.0,0,0,0,0,0,0
94578500,0,0,0.0,0.0,0,0,0,0,0,0
94578600,0,0,0.0,0.0,0,0,0,0,0,0
94578700,0,0,0.0,0.0,0,0,0,0,0,0
94578800,0,0,0.0,0.0,0,0,0,0,0,0
94578900,0,0,0.0,0.0,0,0,0,0,0,0
94579000,0,0,0.0,0.0,0,0,0,0,0,0
94579100,0,0,0.0,0.0,0,0,0,0,0,0
94579200,0,0,0.0,0.0,0,0,0,0,0,0
94579300,0,0,0.0,0.0,0,0,0,0,0,0
94579400,0,0,0.0,0.0,0,0,0,0,0,0
94579500,0,0,0.0,0.0,0,0,0,0,0,0
94579600,0,0,0.0,0.0,0,0,0,0,0,0
94579700,0,0,0.0,0.0,0,0,0,0,0,0
94579800,0,0,0.0,0.0,0,0,0,0,0,0
94579900,0,0,0.0,0.0,0,0,0,0,0,0
94580000,0,0,0.0,0.0,0,0,0,0,0,0
94580100,0,0,0.0,0.0,0,0,0,0,0,0
94580200,0,0,0.0,0.0,0,0,0,0,0,0
94580300,0,0,0.0,0.0,0,0,0,0,0,0
94580400,0,0,0.0,0.0,0,0,0,0,0,0
94580500,0,0,0.0,0.0,0,0,0,0,0,0
94580600,0,0,0.0,0.0,0,0,0,0,0,0
94580700,0,0,0.0,0.0,0,0,0,0,0,0
94580800,0,0,0.0,0.0,0,0,0,0,0,0
94580900,0,0,0.0,0.0,0,0,0,0,0,0
94581000,0,0,0.0,0.0,0,0,0,0,0,0
94581100,0,0,0.0,0.0,0,0,0,0,0,0
94581200,0,0,0.0,0.0,0,0,0,0,0,0
94581300,0,0,0.0,0.0,0,0,0,0,0,0
94581400,0,0,0.0,0.0,0,0,0,0,0,0
94581500,0,0,0.0,0.0,0,0,0,0,0,0
94581600,0,0,0.0,0.0,0,0,0,0,0,0
94581700,0,0,0.0,0.0,0,0,0,0,0,0
94581800,0,0,0.0,0.0,0,0,0,0,0,0
94581900,0,0,0.0,0.0,0,0,0,0,0,0
94582000,0,0,0.0,0.0,0,0,0,0,0,0
94582100,0,0,0.0,0.0,0,0,0,0,0,0
94582200,0,0,0.0,0.0,0,0,0,0,0,0
94582300,0,0,0.0,0.0,0,0,0,0,0,0
94582400,0,0,0.0,0.0,0,0,0,0,0,0
94582500,0,0,0.0,0.0,0,0,0,0,0,0
94582600,0,0,0.0,0.0,0,0,0,0,0,0
94582700,0,0,0.0,0.0,0,0,0,0,0,0
94582800,0,0,0.0,0.0,0,0,0,0,0,0
94582900,0,0,0.0,0.0,0,0,0,0,0,0
94583000,0,0,0.0,0.0,0,0,0,0,0,0
94583100,0,0,0.0,0.0,0,0,0,0,0,0
94583200,0,0,0.0,0.0,0,0,0,0,0,0
94583300,0,0,0.0,0.0,0,0,0,0,0,0
94583400,0,0,0.0,0.0,0,0,0,0,0,0
94583500,0,0,0.0,0.0,0,0,0,0,0,0
94583600,0,0,0.0,0.0,0,0,0,0,0,0
94583700,0,0,0.0,0.0,0,0,0,0,0,0
94583800,0,0,0.0,0.0,0,0,0,0,0,0
94583900,0,0,0.0,0.0,0,0,0,0,0,0
94584000,0,0,0.0,0.0,0,0,0,0,0,0
94584100,0,0,0.0,0.0,0,0,0,0,0,0
94584200,0,0,0.0,0.0,0,0,0,0,0,0
94584300,0,0,0.0,0.0,0,0,0,0,0,0
94584400,0,0,0.0,0.0,0,0,0,0,0,0
94584500,0,0,0.0,0.0,0,0,0,0,0,0
94584600,0,0,0.0,0.0,0,0,0,0,0,0
94584700,0,0,0.0,0.0,0,0,0,0,0,0
94584800,0,0,0.0,0.0,0,0,0,0,0,0
94584900,0,0,0.0,0.0,0,0,0,0,0,0
94585000,0,0,0.0,0.0,0,0,0,0,0,0
94585100,0,0,0.0,0.0,0,0,0,0,0,0
94585200,0,0,0.0,0.0,0,0,0,0,0,0
94585300,0,0,0.0,0.0,0,0,0,0,0,0
94585400,0,0,0.0,0.0,0,0,0,0,0,0
94585500,0,0,0.0,0.0,0,0,0,0,0,0
94585600,0,0,0.0,0.0,0,0,0,0,0,0
94585700,0,0,0.0,0.0,0,0,0,0,0,0
94585800,0,0,0.0,0.0,0,0,0,0,0,0
94585900,0,0,0.0,0.0,0,0,0,0,0,0
94586000,0,0,0.0,0.0,0,0,0,0,0,0
94586100,0,0,0.0,0.0,0,0,0,0,0,0
94586200,0,0,0.0,0.0,0,0,0,0,0,0
94586300,0,0,0.0,0.0,0,0,0,0,0,0
94586400,0,0,0.0,0.0,0,0,0,0,0,0
94586500,0,0,0.0,0.0,0,0,0,0,0,0
94586600,0,0,0.0,0.0,0,0,0,0,0,0
94586700,0,0,0.0,0.0,0,0,0,0,0,0
94586800,0,0,0.0,0.0,0,0,0,0,0,0
94586900,0,0,0.0,0.0,0,0,0,0,0,0
94587000,0,0,0.0,0.0,0,0,0,0,0,0
94587100,0,0,0.0,0.0,0,0,0,0,0,0
94587200,0,0,0.0,0.0,0,0,0,0,0,0
94587300,0,0,0.0,0.0,0,0,0,0,0,0
94587400,0,0,0.0,0.0,0,0,0,0,0,0
94587500,0,0,0.0,0.0,0,0,0,0,0,0
94587600,0,0,0.0,0.0,0,0,0,0,0,0
94587700,0,0,0.0,0.0,0,0,0,0,0,0
94587800,0,0,0.0,0.0,0,0,0,0,0,0
94587900,0,0,0.0,0.0,0,0,0,0,0,0
94588000,0,0,0.0,0.0,0,0,0,0,0,0
94588200,0,0,0.0,0.0,0,0,0,0,0,0
94588300,0,0,0.0,0.0,0,0,0,0,0,0
94588400,0,0,0.0,0.0,0,0,0,0,0,0
94588500,0,0,0.0,0.0,0,0,0,0,0,0
94588600,0,0,0.0,0.0,0,0,0,0,0,0
94588700,0,0,0.0,0.0,0,0,0,0,0,0
94588800,0,0,0.0,0.0,0,0,0,0,0,0
94588900,0,0,0.0,0.0,0,0,0,0,0,0
94589000,0,0,0.0,0.0,0,0,0,0,0,0
94589100,0,0,0.0,0.0,0,0,0,0,0,0
94589200,0,0,0.0,0.0,0,0,0,0,0,0
94589300,0,0,0.0,0.0,0,0,0,0,0,0
94589400,0,0,0.0,0.0,0,0,0,0,0,0
94589500,0,0,0.0,0.0,0,0,0,0,0,0
94589600,0,0,0.0,0.0,0,0,0,0,0,0
94589700,0,0,0.0,0.0,0,0,0,0,0,0
94589800,0,0,0.0,0.0,0,0,0,0,0,0
94589900,0,0,0.0,0.0,0,0,0,0,0,0
94590000,0,0,0.0,0.0,0,0,0,0,0,0
94590200,0,0,0.0,0.0,0,0,0,0,0,0
94590300,0,0,0.0,0.0,0,0,0,0,0,0
94590400,0,0,0.0,0.0,0,0,0,0,0,0
94590500,0,0,0.0,0.0,0,0,0,0,0,0
94590600,0,0,0.0,0.0,0,0,0,0,0,0
94590700,0,0,0.0,0.0,0,0,0,0,0,0
94590800,0,0,0.0,0.0,0,0,0,0,0,0
94590900,0,0,0.0,0.0,0,0,0,0,0,0
94591000,0,0,0.0,0.0,0,0,0,0,0,0
94591100,0,0,0.0,0.0,0,0,0,0,0,0
94591200,0,0,0.0,0.0,0,0,0,0,0,0
94591300,0,0,0.0,0.0,0,0,0,0,0,0
94591400,0,0,0.0,0.0,0,0,0,0,0,0
94591500,0,0,0.0,0.0,0,0,0,0,0,0
94591600,0,0,0.0,0.0,0,0,0,0,0,0
94591700,0,0,0.0,0.0,0,0,0,0,0,0
94591800,0,0,0.0,0.0,0,0,0,0,0,0
94591900,0,0,0.0,0.0,0,0,0,0,0,0
94592000,0,0,0.0,0.0,0,0,0,0,0,0
94592100,0,0,0.0,0.0,0,0,0,0,0,0
94592200,0,0,0.0,0.0,0,0,0,0,0,0
94592300,0,0,0.0,0.0,0,0,0,0,0,0
94592400,0,0,0.0,0.0,0,0,0,0,0,0
94592500,0,0,0.0,0.0,0,0,0,0,0,0
94592600,0,0,0.0,0.0,0,0,0,0,0,0
94592700,0,0,0.0,0.0,0,0,0,0,0,0
94592800,0,0,0.0,0.0,0,0,0,0,0,0
94592900,0,0,0.0,0.0,0,0,0,0,0,0
94593000,0,0,0.0,0.0,0,0,0,0,0,0
94593100,0,0,0.0,0.0,0,0,0,0,0,0
94593200,0,0,0.0,0.0,0,0,0,0,0,0
94593300,0,0,0.0,0.0,0,0,0,0,0,0
94593400,0,0,0.0,0.0,0,0,0,0,0,0
94593500,0,0,0.0,0.0,0,0,0,0,0,0
94593600,0,0,0.0,0.0,0,0,0,0,0,0
94593700,0,0,0.0,0.0,0,0,0,0,0,0
94593800,0,0,0.0,0.0,0,0,0,0,0,0
94593900,0,0,0.0,0.0,0,0,0,0,0,0
94594000,0,0,0.0,0.0,0,0,0,0,0,0
94594100,0,0,0.0,0.0,0,0,0,0,0,0
94594200,0,0,0.0,0.0,0,0,0,0,0,0
94594300,0,0,0.0,0.0,0,0,0,0,0,0
94594400,0,0,0.0,0.0,0,0,0,0,0,0
94594500,0,0,0.0,0.0,0,0,0,0,0,0
94594600,0,0,0.0,0.0,0,0,0,0,0,0
94594700,0,0,0.0,0.0,0,0,0,0,0,0
94594800,0,0,0.0,0.0,0,0,0,0,0,0
94594900,0,0,0.0,0.0,0,0,0,0,0,0
94595000,0,0,0.0,0.0,0,0,0,0,0,0
94595100,0,0,0.0,0.0,0,0,0,0,0,0
94595200,0,0,0.0,0.0,0,0,0,0,0,0
94595300,0,0,0.0,0.0,0,0,0,0,0,0
94595400,0,0,0.0,0.0,0,0,0,0,0,0
94595500,0,0,0.0,0.0,0,0,0,0,0,0
94595600,0,0,0.0,0.0,0,0,0,0,0,0
94595700,0,0,0.0,0.0,0,0,0,0,0,0
94595800,0,0,0.0,0.0,0,0,0,0,0,0
94595900,0,0,0.0,0.0,0,0,0,0,0,0
94596000,0,0,0.0,0.0,0,0,0,0,0,0
94596100,0,0,0.0,0.0,0,0,0,0,0,0
94596200,0,0,0.0,0.0,0,0,0,0,0,0
94596300,0,0,0.0,0.0,0,0,0,0,0,0
94596400,0,0,0.0,0.0,0,0,0,0,0,0
94596500,0,0,0.0,0.0,0,0,0,0,0,0
94596600,0,0,0.0,0.0,0,0,0,0,0,0
94596700,0,0,0.0,0.0,0,0,0,0,0,0
94596800,0,0,0.0,0.0,0,0,0,0,0,0
94596900,0,0,0.0,0.0,0,0,0,0,0,0
94597000,0,0,0.0,0.0,0,0,0,0,0,0
94597100,0,0,0.0,0.0,0,0,0,0,0,0
94597200,0,0,0.0,0.0,0,0,0,0,0,0
94597300,0,0,0.0,0.0,0,0,0,0,0,0
94597400,0,0,0.0,0.0,0,0,0,0,0,0
94597500,0,0,0.0,0.0,0,0,0,0,0,0
94597600,0,0,0.0,0.0,0,0,0,0,0,0
94597700,0,0,0.0,0.0,0,0,0,0,0,0
94597800,0,0,0.0,0.0,0,0,0,0,0,0
94597900,0,0,0.0,0.0,0,0,0,0,0,0
94598000,0,0,0.0,0.0,0,0,0,0,0,0
94598100,0,0,0.0,0.0,0,0,0,0,0,0
94598200,0,0,0.0,0.0,0,0,0,0,0,0
94598300,0,0,0.0,0.0,0,0,0,0,0,0
94598400,0,0,0.0,0.0,0,0,0,0,0,0
94598500,0,0,0.0,0.0,0,0,0,0,0,0
94598600,0,0,0.0,0.0,0,0,0,0,0,0
94598700,0,0,0.0,0.0,0,0,0,0,0,0
94598800,0,0,0.0,0.0,0,0,0,0,0,0
94598900,0,0,0.0,0.0,0,0,0,0,0,0
94599000,0,0,0.0,0.0,0,0,0,0,0,0
94599100,0,0,0.0,0.0,0,0,0,0,0,0
94599200,0,0,0.0,0.0,0,0,0,0,0,0
94599300,0,0,0.0,0.0,0,0,0,0,0,0
94599400,0,0,0.0,0.0,0,0,0,0,0,0
94599500,0,0,0.0,0.0,0,0,0,0,0,0
94599600,0,0,0.0,0.0,0,0,0,0,0,0
94599700,0,0,0.0,0.0,0,0,0,0,0,0
94599800,0,0,0.0,0.0,0,0,0,0,0,0
94599900,0,0,0.0,0.0,0,0,0,0,0,0
94600000,0,0,0.0,0.0,0,0,0,0,0,0
94600100,0,0,0.0,0.0,0,0,0,0,0,0
94600200,0,0,0.0,0.0,0,0,0,0,0,0
94600300,0,0,0.0,0.0,0,0,0,0,0,0
94600400,0,0,0.0,0.0,0,0,0,0,0,0
94600500,0,0,0.0,0.0,0,0,0,0,0,0
94600600,0,0,0.0,0.0,0,0,0,0,0,0
94600700,0,0,0.0,0.0,0,0,0,0,0,0
94600800,0,0,0.0,0.0,0,0,0,0,0,0
94600900,0,0,0.0,0.0,0,0,0,0,0,0
94601000,0,0,0.0,0.0,0,0,0,0,0,0
94601100,0,0,0.0,0.0,0,0,0,0,0,0
94601200,0,0,0.0,0.0,0,0,0,0,0,0
94601300,0,0,0.0,0.0,0,0,0,0,0,0
94601400,0,0,0.0,0.0,0,0,0,0,0,0
94601500,0,0,0.0,0.0,0,0,0,0,0,0
94601600,0,0,0.0,0.0,0,0,0,0,0,0
94601700,0,0,0.0,0.0,0,0,0,0,0,0
94601800,0,0,0.0,0.0,0,0,0,0,0,0
94601900,0,0,0.0,0.0,0,0,0,0,0,0
94602000,0,0,0.0,0.0,0,0,0,0,0,0
94602100,0,0,0.0,0.0,0,0,0,0,0,0
94602200,0,0,0.0,0.0,0,0,0,0,0,0
94602300,0,0,0.0,0.0,0,0,0,0,0,0
94602400,0,0,0.0,0.0,0,0,0,0,0,0
94602500,0,0,0.0,0.0,0,0,0,0,0,0
94602600,0,0,0.0,0.0,0,0,0,0,0,0
94602700,0,0,0.0,0.0,0,0,0,0,0,0
94602800,0,0,0.0,0.0,0,0,0,0,0,0
94602900,0,0,0.0,0.0,0,0,0,0,0,0
94603000,0,0,0.0,0.0,0,0,0,0,0,0
94603100,0,0,0.0,0.0,0,0,0,0,0,0
94603200,0,0,0.0,0.0,0,0,0,0,0,0
94603300,0,0,0.0,0.0,0,0,0,0,0,0
94603400,0,0,0.0,0.0,0,0,0,0,0,0
94603500,0,0,0.0,0.0,0,0,0,0,0,0
94603600,0,0,0.0,0.0,0,0,0,0,0,0
94603700,0,0,0.0,0.0,0,0,0,0,0,0
94603800,0,0,0.0,0.0,0,0,0,0,0,0
94603900,0,0,0.0,0.0,0,0,0,0,0,0
94604000,0,0,0.0,0.0,0,0,0,0,0,0
94604100,0,0,0.0,0.0,0,0,0,0,0,0
94604200,0,0,0.0,0.0,0,0,0,0,0,0
94604300,0,0,0.0,0.0,0,0,0,0,0,0
94604400,0,0,0.0,0.0,0,0,0,0,0,0
94604500,0,0,0.0,0.0,0,0,0,0,0,0
94604600,0,0,0.0,0.0,0,0,0,0,0,0
94604700,0,0,0.0,0.0,0,0,0,0,0,0
94604800,0,0,0.0,0.0,0,0,0,0,0,0
94604900,0,0,0.0,0.0,0,0,0,0,0,0
94605000,0,0,0.0,0.0,0,0,0,0,0,0
94605100,0,0,0.0,0.0,0,0,0,0,0,0
94606000,0,0,0.0,0.0,0,0,0,0,0,0
94606100,0,0,0.0,0.0,0,0,0,0,0,0
94606200,0,0,0.0,0.0,0,0,0,0,0,0
94606300,0,0,0.0,0.0,0,0,0,0,0,0
94606900,0,0,0.0,0.0,0,0,0,0,0,0
94607000,0,0,0.0,0.0,0,0,0,0,0,0
94607100,0,0,0.0,0.0,0,0,0,0,0,0
94607200,0,0,0.0,0.0,0,0,0,0,0,0
94607300,0,0,0.0,0.0,0,0,0,0,0,0
94608000,0,0,0.0,0.0,0,0,0,0,0,0
94608100,0,0,0.0,0.0,0,0,0,0,0,0
94608200,0,0,0.0,0.0,0,0,0,0,0,0
94608300,0,0,0.0,0.0,0,0,0,0,0,0
94608400,0,0,0.0,0.0,0,0,0,0,0,0
94609100,0,0,0.0,0.0,0,0,0,0,0,0
94609200,0,0,0.0,0.0,0,0,0,0,0,0
94609300,0,0,0.0,0.0,0,0,0,0,0,0
94609400,0,0,0.0,0.0,0,0,0,0,0,0
94610200,0,0,0.0,0.0,0,0,0,0,0,0
94610300,0,0,0.0,0.0,0,0,0,0,0,0
94610400,0,0,0.0,0.0,0,0,0,0,0,0
94610500,0,0,0.0,0.0,0,0,0,0,0,0
94611600,0,0,0.0,0.0,0,0,0,0,0,0
94612300,0,0,0.0,0.0,0,0,0,0,0,0
94612400,0,0,0.0,0.0,0,0,0,0,0,0
94612500,0,0,0.0,0.0,0,0,0,0,0,0
94612600,0,0,0.0,0.0,0,0,0,0,0,0
94612700,0,0,0.0,0.0,0,0,0,0,0,0
94613400,0,0,0.0,0.0,0,0,0,0,0,0
94613500,0,0,0.0,0.0,0,0,0,0,0,0
94613600,0,0,0.0,0.0,0,0,0,0,0,0
94613700,0,0,0.0,0.0,0,0,0,0,0,0
94613800,0,0,0.0,0.0,0,0,0,0,0,0
94614600,0,0,0.0,0.0,0,0,0,0,0,0
94614700,0,0,0.0,0.0,0,0,0,0,0,0
94614800,0,0,0.0,0.0,0,0,0,0,0,0
94614900,0,0,0.0,0.0,0,0,0,0,0,0
94615700,0,0,0.0,0.0,0,0,0,0,0,0
94615800,0,0,0.0,0.0,0,0,0,0,0,0
94615900,0,0,0.0,0.0,0,0,0,0,0,0
94616000,0,0,0.0,0.0,0,0,0,0,0,0
94616100,0,0,0.0,0.0,0,0,0,0,0,0
94616900,0,0,0.0,0.0,0,0,0,0,0,0
94617000,0,0,0.0,0.0,0,0,0,0,0,0
94617100,0,0,0.0,0.0,0,0,0,0,0,0
94617200,0,0,0.0,0.0,0,0,0,0,0,0
94617300,0,0,0.0,0.0,0,0,0,0,0,0
94618100,0,0,0.0,0.0,0,0,0,0,0,0
94618200,0,0,0.0,0.0,0,0,0,0,0,0
94618300,0,0,0.0,0.0,0,0,0,0,0,0
94618400,0,0,0.0,0.0,0,0,0,0,0,0
94619100,0,0,0.0,0.0,0,0,0,0,0,0
94619200,0,0,0.0,0.0,0,0,0,0,0,0
94619300,0,0,0.0,0.0,0,0,0,0,0,0
94619400,0,0,0.0,0.0,0,0,0,0,0,0
94619500,0,0,0.0,0.0,0,0,0,0,0,0
94619700,0,0,0.0,0.0,0,0,0,0,0,0
94619800,0,0,0.0,0.0,0,0,0,0,0,0
94619900,0,0,0.0,0.0,0,0,0,0,0,0
94620000,0,0,0.0,0.0,0,0,0,0,0,0
94620200,0,0,0.0,0.0,0,0,0,0,0,0
94620300,0,0,0.0,0.0,0,0,0,0,0,0
94620400,0,0,0.0,0.0,0,0,0,0,0,0
94620500,0,0,0.0,0.0,0,0,0,0,0,0
94620600,0,0,0.0,0.0,0,0,0,0,0,0
94620700,0,0,0.0,0.0,0,0,0,0,0,0
94620800,0,0,0.0,0.0,0,0,0,0,0,0
94620900,0,0,0.0,0.0,0,0,0,0,0,0
94621000,0,0,0.0,0.0,0,0,0,0,0,0
94621100,0,0,0.0,0.0,0,0,0,0,0,0
94621200,0,0,0.0,0.0,0,0,0,0,0,0
94621300,0,0,0.0,0.0,0,0,0,0,0,0
94621400,0,0,0.0,0.0,0,0,0,0,0,0
94621500,0,0,0.0,0.0,0,0,0,0,0,0
94621600,0,0,0.0,0.0,0,0,0,0,0,0
94621700,0,0,0.0,0.0,0,0,0,0,0,0
94621800,0,0,0.0,0.0,0,0,0,0,0,0
94621900,0,0,0.0,0.0,0,0,0,0,0,0
94622000,0,0,0.0,0.0,0,0,0,0,0,0
94622100,0,0,0.0,0.0,0,0,0,0,0,0
94622200,0,0,0.0,0.0,0,0,0,0,0,0
94622300,0,0,0.0,0.0,0,0,0,0,0,0
94622400,0,0,0.0,0.0,0,0,0,0,0,0
94622500,0,0,0.0,0.0,0,0,0,0,0,0
94622600,0,0,0.0,0.0,0,0,0,0,0,0
94622700,0,0,0.0,0.0,0,0,0,0,0,0
94622800,0,0,0.0,0.0,0,0,0,0,0,0
94622900,0,0,0.0,0.0,0,0,0,0,0,0
94623000,0,0,0.0,0.0,0,0,0,0,0,0
94623100,0,0,0.0,0.0,0,0,0,0,0,0
94623200,0,0,0.0,0.0,0,0,0,0,0,0
94623300,0,0,0.0,0.0,0,0,0,0,0,0
94623400,0,0,0.0,0.0,0,0,0,0,0,0
94623500,0,0,0.0,0.0,0,0,0,0,0,0
94623600,0,0,0.0,0.0,0,0,0,0,0,0
94623700,0,0,0.0,0.0,0,0,0,0,0,0
94623800,0,0,0.0,0.0,0,0,0,0,0,0
94623900,0,0,0.0,0.0,0,0,0,0,0,0
94624000,0,0,0.0,0.0,0,0,0,0,0,0
94624100,0,0,0.0,0.0,0,0,0,0,0,0
94624200,0,0,0.0,0.0,0,0,0,0,0,0
94624300,0,0,0.0,0.0,0,0,0,0,0,0
94624400,0,0,0.0,0.0,0,0,0,0,0,0
94624500,0,0,0.0,0.0,0,0,0,0,0,0
94624600,0,0,0.0,0.0,0,0,0,0,0,0
94624700,0,0,0.0,0.0,0,0,0,0,0,0
94624800,0,0,0.0,0.0,0,0,0,0,0,0
94624900,0,0,0.0,0.0,0,0,0,0,0,0
94625000,0,0,0.0,0.0,0,0,0,0,0,0
94625100,0,0,0.0,0.0,0,0,0,0,0,0
94625200,0,0,0.0,0.0,0,0,0,0,0,0
94625300,0,0,0.0,0.0,0,0,0,0,0,0
94625400,0,0,0.0,0.0,0,0,0,0,0,0
94625500,0,0,0.0,0.0,0,0,0,0,0,0
94625600,0,0,0.0,0.0,0,0,0,0,0,0
94625700,0,0,0.0,0.0,0,0,0,0,0,0
94625800,0,0,0.0,0.0,0,0,0,0,0,0
94625900,0,0,0.0,0.0,0,0,0,0,0,0
94626000,0,0,0.0,0.0,0,0,0,0,0,0
94626100,0,0,0.0,0.0,0,0,0,0,0,0
94626200,0,0,0.0,0.0,0,0,0,0,0,0
94626300,0,0,0.0,0.0,0,0,0,0,0,0
94626400,0,0,0.0,0.0,0,0,0,0,0,0
94626500,0,0,0.0,0.0,0,0,0,0,0,0
94626600,0,0,0.0,0.0,0,0,0,0,0,0
94626700,0,0,0.0,0.0,0,0,0,0,0,0
94626800,0,0,0.0,0.0,0,0,0,0,0,0
94626900,0,0,0.0,0.0,0,0,0,0,0,0
94627000,0,0,0.0,0.0,0,0,0,0,0,0
94627100,0,0,0.0,0.0,0,0,0,0,0,0
94627200,0,0,0.0,0.0,0,0,0,0,0,0
94627300,0,0,0.0,0.0,0,0,0,0,0,0
94627400,0,0,0.0,0.0,0,0,0,0,0,0
94627500,0,0,0.0,0.0,0,0,0,0,0,0
94627600,0,0,0.0,0.0,0,0,0,0,0,0
94627700,0,0,0.0,0.0,0,0,0,0,0,0
94627800,0,0,0.0,0.0,0,0,0,0,0,0
94627900,0,0,0.0,0.0,0,0,0,0,0,0
94628000,0,0,0.0,0.0,0,0,0,0,0,0
94628100,0,0,0.0,0.0,0,0,0,0,0,0
94628200,0,0,0.0,0.0,0,0,0,0,0,0
94628400,0,0,0.0,0.0,0,0,0,0,0,0
94628500,0,0,0.0,0.0,0,0,0,0,0,0
94628600,0,0,0.0,0.0,0,0,0,0,0,0
94628700,0,0,0.0,0.0,0,0,0,0,0,0
94628800,0,0,0.0,0.0,0,0,0,0,0,0
94628900,0,0,0.0,0.0,0,0,0,0,0,0
94629000,0,0,0.0,0.0,0,0,0,0,0,0
94629100,0,0,0.0,0.0,0,0,0,0,0,0
94629200,0,0,0.0,0.0,0,0,0,0,0,0
94629300,0,0,0.0,0.0,0,0,0,0,0,0
94629400,0,0,0.0,0.0,0,0,0,0,0,0
94629500,0,0,0.0,0.0,0,0,0,0,0,0
94629600,0,0,0.0,0.0,0,0,0,0,0,0
94629700,0,0,0.0,0.0,0,0,0,0,0,0
94629900,0,0,0.0,0.0,0,0,0,0,0,0
94630000,0,0,0.0,0.0,0,0,0,0,0,0
94630200,0,0,0.0,0.0,0,0,0,0,0,0
94630300,0,0,0.0,0.0,0,0,0,0,0,0
94630400,0,0,0.0,0.0,0,0,0,0,0,0
94630500,0,0,0.0,0.0,0,0,0,0,0,0
94630600,0,0,0.0,0.0,0,0,0,0,0,0
94630700,0,0,0.0,0.0,0,0,0,0,0,0
94630800,0,0,0.0,0.0,0,0,0,0,0,0
94630900,0,0,0.0,0.0,0,0,0,0,0,0
94631000,0,0,0.0,0.0,0,0,0,0,0,0
94631100,0,0,0.0,0.0,0,0,0,0,0,0
94631200,0,0,0.0,0.0,0,0,0,0,0,0
94631300,0,0,0.0,0.0,0,0,0,0,0,0
94631400,0,0,0.0,0.0,0,0,0,0,0,0
94631500,0,0,0.0,0.0,0,0,0,0,0,0
94631600,0,0,0.0,0.0,0,0,0,0,0,0
94631700,0,0,0.0,0.0,0,0,0,0,0,0
94631800,0,0,0.0,0.0,0,0,0,0,0,0
94631900,0,0,0.0,0.0,0,0,0,0,0,0
94632000,0,0,0.0,0.0,0,0,0,0,0,0
94632100,0,0,0.0,0.0,0,0,0,0,0,0
94632200,0,0,0.0,0.0,0,0,0,0,0,0
94632300,0,0,0.0,0.0,0,0,0,0,0,0
94632400,0,0,0.0,0.0,0,0,0,0,0,0
94632500,0,0,0.0,0.0,0,0,0,0,0,0
94632600,0,0,0.0,0.0,0,0,0,0,0,0
94632700,0,0,0.0,0.0,0,0,0,0,0,0
94632800,0,0,0.0,0.0,0,0,0,0,0,0
94632900,0,0,0.0,0.0,0,0,0,0,0,0
94633000,0,0,0.0,0.0,0,0,0,0,0,0
94633200,0,0,0.0,0.0,0,0,0,0,0,0
94633300,0,0,0.0,0.0,0,0,0,0,0,0
94633400,0,0,0.0,0.0,0,0,0,0,0,0
94633500,0,0,0.0,0.0,0,0,0,0,0,0
94633600,0,0,0.0,0.0,0,0,0,0,0,0
94633700,0,0,0.0,0.0,0,0,0,0,0,0
94633800,0,0,0.0,0.0,0,0,0,0,0,0
94633900,0,0,0.0,0.0,0,0,0,0,0,0
94634000,0,0,0.0,0.0,0,0,0,0,0,0
94634100,0,0,0.0,0.0,0,0,0,0,0,0
94634200,0,0,0.0,0.0,0,0,0,0,0,0
94634300,0,0,0.0,0.0,0,0,0,0,0,0
94634400,0,0,0.0,0.0,0,0,0,0,0,0
94634500,0,0,0.0,0.0,0,0,0,0,0,0
94634600,0,0,0.0,0.0,0,0,0,0,0,0
94634700,0,0,0.0,0.0,0,0,0,0,0,0
94634800,0,0,0.0,0.0,0,0,0,0,0,0
94634900,0,0,0.0,0.0,0,0,0,0,0,0
94635000,0,0,0.0,0.0,0,0,0,0,0,0
94635100,0,0,0.0,0.0,0,0,0,0,0,0
94635200,0,0,0.0,0.0,0,0,0,0,0,0
94635300,0,0,0.0,0.0,0,0,0,0,0,0
94635400,0,0,0.0,0.0,0,0,0,0,0,0
94635500,0,0,0.0,0.0,0,0,0,0,0,0
94635600,0,0,0.0,0.0,0,0,0,0,0,0
94635700,0,0,0.0,0.0,0,0,0,0,0,0
94635800,0,0,0.0,0.0,0,0,0,0,0,0
94635900,0,0,0.0,0.0,0,0,0,0,0,0
94636000,0,0,0.0,0.0,0,0,0,0,0,0
94636100,0,0,0.0,0.0,0,0,0,0,0,0
94636200,0,0,0.0,0.0,0,0,0,0,0,0
94636300,0,0,0.0,0.0,0,0,0,0,0,0
94636400,0,0,0.0,0.0,0,0,0,0,0,0
94636500,0,0,0.0,0.0,0,0,0,0,0,0
94636600,0,0,0.0,0.0,0,0,0,0,0,0
94636700,0,0,0.0,0.0,0,0,0,0,0,0
94636800,0,0,0.0,0.0,0,0,0,0,0,0
94636900,0,0,0.0,0.0,0,0,0,0,0,0
94637000,0,0,0.0,0.0,0,0,0,0,0,0
94637100,0,0,0.0,0.0,0,0,0,0,0,0
94637200,0,0,0.0,0.0,0,0,0,0,0,0
94637300,0,0,0.0,0.0,0,0,0,0,0,0
94637400,0,0,0.0,0.0,0,0,0,0,0,0
94637500,0,0,0.0,0.0,0,0,0,0,0,0
94637600,0,0,0.0,0.0,0,0,0,0,0,0
94637700,0,0,0.0,0.0,0,0,0,0,0,0
94637800,0,0,0.0,0.0,0,0,0,0,0,0
94637900,0,0,0.0,0.0,0,0,0,0,0,0
94638000,0,0,0.0,0.0,0,0,0,0,0,0
94638100,0,0,0.0,0.0,0,0,0,0,0,0
94638200,0,0,0.0,0.0,0,0,0,0,0,0
94638300,0,0,0.0,0.0,0,0,0,0,0,0
94638400,0,0,0.0,0.0,0,0,0,0,0,0
94638500,0,0,0.0,0.0,0,0,0,0,0,0
94638600,0,0,0.0,0.0,0,0,0,0,0,0
94638700,0,0,0.0,0.0,0,0,0,0,0,0
94638800,0,0,0.0,0.0,0,0,0,0,0,0
94638900,0,0,0.0,0.0,0,0,0,0,0,0
94639000,0,0,0.0,0.0,0,0,0,0,0,0
94639100,0,0,0.0,0.0,0,0,0,0,0,0
94639200,0,0,0.0,0.0,0,0,0,0,0,0
94639300,0,0,0.0,0.0,0,0,0,0,0,0
94639400,0,0,0.0,0.0,0,0,0,0,0,0
94639500,0,0,0.0,0.0,0,0,0,0,0,0
94639600,0,0,0.0,0.0,0,0,0,0,0,0
94639700,0,0,0.0,0.0,0,0,0,0,0,0
94639800,0,0,0.0,0.0,0,0,0,0,0,0
94639900,0,0,0.0,0.0,0,0,0,0,0,0
94640000,0,0,0.0,0.0,0,0,0,0,0,0
94640100,0,0,0.0,0.0,0,0,0,0,0,0
94640200,0,0,0.0,0.0,0,0,0,0,0,0
94640300,0,0,0.0,0.0,0,0,0,0,0,0
94640400,0,0,0.0,0.0,0,0,0,0,0,0
94640500,0,0,0.0,0.0,0,0,0,0,0,0
94640600,0,0,0.0,0.0,0,0,0,0,0,0
94640700,0,0,0.0,0.0,0,0,0,0,0,0
94640800,0,0,0.0,0.0,0,0,0,0,0,0
94640900,0,0,0.0,0.0,0,0,0,0,0,0
94641000,0,0,0.0,0.0,0,0,0,0,0,0
94641100,0,0,0.0,0.0,0,0,0,0,0,0
94641200,0,0,0.0,0.0,0,0,0,0,0,0
94641300,0,0,0.0,0.0,0,0,0,0,0,0
94641400,0,0,0.0,0.0,0,0,0,0,0,0
94641500,0,0,0.0,0.0,0,0,0,0,0,0
94641600,0,0,0.0,0.0,0,0,0,0,0,0
94641700,0,0,0.0,0.0,0,0,0,0,0,0
94641800,0,0,0.0,0.0,0,0,0,0,0,0
94641900,0,0,0.0,0.0,0,0,0,0,0,0
94642000,0,0,0.0,0.0,0,0,0,0,0,0
94642100,0,0,0.0,0.0,0,0,0,0,0,0
94642200,0,0,0.0,0.0,0,0,0,0,0,0
94642300,0,0,0.0,0.0,0,0,0,0,0,0
94642400,0,0,0.0,0.0,0,0,0,0,0,0
94642500,0,0,0.0,0.0,0,0,0,0,0,0
94642600,0,0,0.0,0.0,0,0,0,0,0,0
94642700,0,0,0.0,0.0,0,0,0,0,0,0
94642800,0,0,0.0,0.0,0,0,0,0,0,0
94642900,0,0,0.0,0.0,0,0,0,0,0,0
94643000,0,0,0.0,0.0,0,0,0,0,0,0
94643100,0,0,0.0,0.0,0,0,0,0,0,0
94643200,0,0,0.0,0.0,0,0,0,0,0,0
94643300,0,0,0.0,0.0,0,0,0,0,0,0
94643400,0,0,0.0,0.0,0,0,0,0,0,0
94643500,0,0,0.0,0.0,0,0,0,0,0,0
94643600,0,0,0.0,0.0,0,0,0,0,0,0
94643700,0,0,0.0,0.0,0,0,0,0,0,0
94643800,0,0,0.0,0.0,0,0,0,0,0,0
94643900,0,0,0.0,0.0,0,0,0,0,0,0
94644000,0,0,0.0,0.0,0,0,0,0,0,0
94644100,0,0,0.0,0.0,0,0,0,0,0,0
94644200,0,0,0.0,0.0,0,0,0,0,0,0
94644300,0,0,0.0,0.0,0,0,0,0,0,0
94644400,0,0,0.0,0.0,0,0,0,0,0,0
94644500,0,0,0.0,0.0,0,0,0,0,0,0
94644600,0,0,0.0,0.0,0,0,0,0,0,0
94644700,0,0,0.0,0.0,0,0,0,0,0,0
94644800,0,0,0.0,0.0,0,0,0,0,0,0
94644900,0,0,0.0,0.0,0,0,0,0,0,0
94645000,0,0,0.0,0.0,0,0,0,0,0,0
94645100,0,0,0.0,0.0,0,0,0,0,0,0
94645200,0,0,0.0,0.0,0,0,0,0,0,0
94645300,0,0,0.0,0.0,0,0,0,0,0,0
94645400,0,0,0.0,0.0,0,0,0,0,0,0
94645500,0,0,0.0,0.0,0,0,0,0,0,0
94645600,0,0,0.0,0.0,0,0,0,0,0,0
94645700,0,0,0.0,0.0,0,0,0,0,0,0
94645800,0,0,0.0,0.0,0,0,0,0,0,0
94645900,0,0,0.0,0.0,0,0,0,0,0,0
94646000,0,0,0.0,0.0,0,0,0,0,0,0
94646100,0,0,0.0,0.0,0,0,0,0,0,0
94646200,0,0,0.0,0.0,0,0,0,0,0,0
94646300,0,0,0.0,0.0,0,0,0,0,0,0
94646400,0,0,0.0,0.0,0,0,0,0,0,0
94646500,0,0,0.0,0.0,0,0,0,0,0,0
94646600,0,0,0.0,0.0,0,0,0,0,0,0
94646700,0,0,0.0,0.0,0,0,0,0,0,0
94646800,0,0,0.0,0.0,0,0,0,0,0,0
94646900,0,0,0.0,0.0,0,0,0,0,0,0
94647000,0,0,0.0,0.0,0,0,0,0,0,0
94647100,0,0,0.0,0.0,0,0,0,0,0,0
94647200,0,0,0.0,0.0,0,0,0,0,0,0
94647300,0,0,0.0,0.0,0,0,0,0,0,0
94647400,0,0,0.0,0.0,0,0,0,0,0,0
94647500,0,0,0.0,0.0,0,0,0,0,0,0
94647600,0,0,0.0,0.0,0,0,0,0,0,0
94647700,0,0,0.0,0.0,0,0,0,0,0,0
94647800,0,0,0.0,0.0,0,0,0,0,0,0
94647900,0,0,0.0,0.0,0,0,0,0,0,0
94648000,0,0,0.0,0.0,0,0,0,0,0,0
94648100,0,0,0.0,0.0,0,0,0,0,0,0
94648200,0,0,0.0,0.0,0,0,0,0,0,0
94648300,0,0,0.0,0.0,0,0,0,0,0,0
94648400,0,0,0.0,0.0,0,0,0,0,0,0
94648500,0,0,0.0,0.0,0,0,0,0,0,0
94648600,0,0,0.0,0.0,0,0,0,0,0,0
94648700,0,0,0.0,0.0,0,0,0,0,0,0
94648800,0,0,0.0,0.0,0,0,0,0,0,0
94648900,0,0,0.0,0.0,0,0,0,0,0,0
94649000,0,0,0.0,0.0,0,0,0,0,0,0
94649100,0,0,0.0,0.0,0,0,0,0,0,0
94649200,0,0,0.0,0.0,0,0,0,0,0,0
94649300,0,0,0.0,0.0,0,0,0,0,0,0
94649400,0,0,0.0,0.0,0,0,0,0,0,0
94649500,0,0,0.0,0.0,0,0,0,0,0,0
94649600,0,0,0.0,0.0,0,0,0,0,0,0
94649700,0,0,0.0,0.0,0,0,0,0,0,0
94649800,0,0,0.0,0.0,0,0,0,0,0,0
94649900,0,0,0.0,0.0,0,0,0,0,0,0
94650000,0,0,0.0,0.0,0,0,0,0,0,0
94650100,0,0,0.0,0.0,0,0,0,0,0,0
94650200,0,0,0.0,0.0,0,0,0,0,0,0
94650300,0,0,0.0,0.0,0,0,0,0,0,0
94650400,0,0,0.0,0.0,0,0,0,0,0,0
94650500,0,0,0.0,0.0,0,0,0,0,0,0
94650600,0,0,0.0,0.0,0,0,0,0,0,0
94650700,0,0,0.0,0.0,0,0,0,0,0,0
94650800,0,0,0.0,0.0,0,0,0,0,0,0
94650900,0,0,0.0,0.0,0,0,0,0,0,0
94651000,0,0,0.0,0.0,0,0,0,0,0,0
94651100,0,0,0.0,0.0,0,0,0,0,0,0
94651200,0,0,0.0,0.0,0,0,0,0,0,0
94651300,0,0,0.0,0.0,0,0,0,0,0,0
94651400,0,0,0.0,0.0,0,0,0,0,0,0
94651500,0,0,0.0,0.0,0,0,0,0,0,0
94651600,0,0,0.0,0.0,0,0,0,0,0,0
94651700,0,0,0.0,0.0,0,0,0,0,0,0
94651800,0,0,0.0,0.0,0,0,0,0,0,0
94651900,0,0,0.0,0.0,0,0,0,0,0,0
94652000,0,0,0.0,0.0,0,0,0,0,0,0
94652200,0,0,0.0,0.0,0,0,0,0,0,0
94652300,0,0,0.0,0.0,0,0,0,0,0,0
94652400,0,0,0.0,0.0,0,0,0,0,0,0
94652500,0,0,0.0,0.0,0,0,0,0,0,0
94652600,0,0,0.0,0.0,0,0,0,0,0,0
94652700,0,0,0.0,0.0,0,0,0,0,0,0
94652800,0,0,0.0,0.0,0,0,0,0,0,0
94652900,0,0,0.0,0.0,0,0,0,0,0,0
94653000,0,0,0.0,0.0,0,0,0,0,0,0
94653100,0,0,0.0,0.0,0,0,0,0,0,0
94653200,0,0,0.0,0.0,0,0,0,0,0,0
94653300,0,0,0.0,0.0,0,0,0,0,0,0
94653400,0,0,0.0,0.0,0,0,0,0,0,0
94653500,0,0,0.0,0.0,0,0,0,0,0,0
94653600,0,0,0.0,0.0,0,0,0,0,0,0
94653700,0,0,0.0,0.0,0,0,0,0,0,0
94653800,0,0,0.0,0.0,0,0,0,0,0,0
94653900,0,0,0.0,0.0,0,0,0,0,0,0
94654000,0,0,0.0,0.0,0,0,0,0,0,0
94654100,0,0,0.0,0.0,0,0,0,0,0,0
94654200,0,0,0.0,0.0,0,0,0,0,0,0
94654300,0,0,0.0,0.0,0,0,0,0,0,0
94654400,0,0,0.0,0.0,0,0,0,0,0,0
94654500,0,0,0.0,0.0,0,0,0,0,0,0
94654600,0,0,0.0,0.0,0,0,0,0,0,0
94654700,0,0,0.0,0.0,0,0,0,0,0,0
94654800,0,0,0.0,0.0,0,0,0,0,0,0
94654900,0,0,0.0,0.0,0,0,0,0,0,0
94655000,0,0,0.0,0.0,0,0,0,0,0,0
94655200,0,0,0.0,0.0,0,0,0,0,0,0
94655300,0,0,0.0,0.0,0,0,0,0,0,0
94655400,0,0,0.0,0.0,0,0,0,0,0,0
94655500,0,0,0.0,0.0,0,0,0,0,0,0
94655600,0,0,0.0,0.0,0,0,0,0,0,0
94655700,0,0,0.0,0.0,0,0,0,0,0,0
94655800,0,0,0.0,0.0,0,0,0,0,0,0
94655900,0,0,0.0,0.0,0,0,0,0,0,0
94656000,0,0,0.0,0.0,0,0,0,0,0,0
94656200,0,0,0.0,0.0,0,0,0,0,0,0
94656300,0,0,0.0,0.0,0,0,0,0,0,0
94656400,0,0,0.0,0.0,0,0,0,0,0,0
94656500,0,0,0.0,0.0,0,0,0,0,0,0
94656600,0,0,0.0,0.0,0,0,0,0,0,0
94656700,0,0,0.0,0.0,0,0,0,0,0,0
94656800,0,0,0.0,0.0,0,0,0,0,0,0
94656900,0,0,0.0,0.0,0,0,0,0,0,0
94657000,0,0,0.0,0.0,0,0,0,0,0,0
94657100,0,0,0.0,0.0,0,0,0,0,0,0
94657200,0,0,0.0,0.0,0,0,0,0,0,0
94657300,0,0,0.0,0.0,0,0,0,0,0,0
94657400,0,0,0.0,0.0,0,0,0,0,0,0
94657500,0,0,0.0,0.0,0,0,0,0,0,0
94657600,0,0,0.0,0.0,0,0,0,0,0,0
94657700,0,0,0.0,0.0,0,0,0,0,0,0
94657800,0,0,0.0,0.0,0,0,0,0,0,0
94657900,0,0,0.0,0.0,0,0,0,0,0,0
94658000,0,0,0.0,0.0,0,0,0,0,0,0
94658100,0,0,0.0,0.0,0,0,0,0,0,0
94658200,0,0,0.0,0.0,0,0,0,0,0,0
94658300,0,0,0.0,0.0,0,0,0,0,0,0
94658400,0,0,0.0,0.0,0,0,0,0,0,0
94658500,0,0,0.0,0.0,0,0,0,0,0,0
94658600,0,0,0.0,0.0,0,0,0,0,0,0
94658700,0,0,0.0,0.0,0,0,0,0,0,0
94658800,0,0,0.0,0.0,0,0,0,0,0,0
94658900,0,0,0.0,0.0,0,0,0,0,0,0
94659000,0,0,0.0,0.0,0,0,0,0,0,0
94659100,0,0,0.0,0.0,0,0,0,0,0,0
94659200,0,0,0.0,0.0,0,0,0,0,0,0
94659300,0,0,0.0,0.0,0,0,0,0,0,0
94659400,0,0,0.0,0.0,0,0,0,0,0,0
94659500,0,0,0.0,0.0,0,0,0,0,0,0
94659600,0,0,0.0,0.0,0,0,0,0,0,0
94659700,0,0,0.0,0.0,0,0,0,0,0,0
94659800,0,0,0.0,0.0,0,0,0,0,0,0
94659900,0,0,0.0,0.0,0,0,0,0,0,0
94660000,0,0,0.0,0.0,0,0,0,0,0,0
94660100,0,0,0.0,0.0,0,0,0,0,0,0
94660200,0,0,0.0,0.0,0,0,0,0,0,0
94660300,0,0,0.0,0.0,0,0,0,0,0,0
94660400,0,0,0.0,0.0,0,0,0,0,0,0
94660500,0,0,0.0,0.0,0,0,0,0,0,0
94660600,0,0,0.0,0.0,0,0,0,0,0,0
94660700,0,0,0.0,0.0,0,0,0,0,0,0
94660800,0,0,0.0,0.0,0,0,0,0,0,0
94660900,0,0,0.0,0.0,0,0,0,0,0,0
94661000,0,0,0.0,0.0,0,0,0,0,0,0
94661100,0,0,0.0,0.0,0,0,0,0,0,0
94661200,0,0,0.0,0.0,0,0,0,0,0,0
94661300,0,0,0.0,0.0,0,0,0,0,0,0
94661400,0,0,0.0,0.0,0,0,0,0,0,0
94661500,0,0,0.0,0.0,0,0,0,0,0,0
94661600,0,0,0.0,0.0,0,0,0,0,0,0
94661700,0,0,0.0,0.0,0,0,0,0,0,0
94661800,0,0,0.0,0.0,0,0,0,0,0,0
94661900,0,0,0.0,0.0,0,0,0,0,0,0
94662000,0,0,0.0,0.0,0,0,0,0,0,0
94662100,0,0,0.0,0.0,0,0,0,0,0,0
94662200,0,0,0.0,0.0,0,0,0,0,0,0
94662300,0,0,0.0,0.0,0,0,0,0,0,0
94662400,0,0,0.0,0.0,0,0,0,0,0,0
94662500,0,0,0.0,0.0,0,0,0,0,0,0
94662600,0,0,0.0,0.0,0,0,0,0,0,0
94662700,0,0,0.0,0.0,0,0,0,0,0,0
94662800,0,0,0.0,0.0,0,0,0,0,0,0
94662900,0,0,0.0,0.0,0,0,0,0,0,0
94663000,0,0,0.0,0.0,0,0,0,0,0,0
94663100,0,0,0.0,0.0,0,0,0,0,0,0
94663200,0,0,0.0,0.0,0,0,0,0,0,0
94663300,0,0,0.0,0.0,0,0,0,0,0,0
94663400,0,0,0.0,0.0,0,0,0,0,0,0
94663500,0,0,0.0,0.0,0,0,0,0,0,0
94663600,0,0,0.0,0.0,0,0,0,0,0,0
94663700,0,0,0.0,0.0,0,0,0,0,0,0
94663800,0,0,0.0,0.0,0,0,0,0,0,0
94663900,0,0,0.0,0.0,0,0,0,0,0,0
94664000,0,0,0.0,0.0,0,0,0,0,0,0
94664100,0,0,0.0,0.0,0,0,0,0,0,0
94664200,0,0,0.0,0.0,0,0,0,0,0,0
94664300,0,0,0.0,0.0,0,0,0,0,0,0
94664400,0,0,0.0,0.0,0,0,0,0,0,0
94664500,0,0,0.0,0.0,0,0,0,0,0,0
94664600,0,0,0.0,0.0,0,0,0,0,0,0
94664700,0,0,0.0,0.0,0,0,0,0,0,0
94664800,0,0,0.0,0.0,0,0,0,0,0,0
94664900,0,0,0.0,0.0,0,0,0,0,0,0
94665000,0,0,0.0,0.0,0,0,0,0,0,0
94665100,0,0,0.0,0.0,0,0,0,0,0,0
94665200,0,0,0.0,0.0,0,0,0,0,0,0
94665300,0,0,0.0,0.0,0,0,0,0,0,0
94665400,0,0,0.0,0.0,0,0,0,0,0,0
94665500,0,0,0.0,0.0,0,0,0,0,0,0
94665600,0,0,0.0,0.0,0,0,0,0,0,0
94665700,0,0,0.0,0.0,0,0,0,0,0,0
94665800,0,0,0.0,0.0,0,0,0,0,0,0
94665900,0,0,0.0,0.0,0,0,0,0,0,0
94666000,0,0,0.0,0.0,0,0,0,0,0,0
94666100,0,0,0.0,0.0,0,0,0,0,0,0
94666200,0,0,0.0,0.0,0,0,0,0,0,0
94666300,0,0,0.0,0.0,0,0,0,0,0,0
94666400,0,0,0.0,0.0,0,0,0,0,0,0
94666500,0,0,0.0,0.0,0,0,0,0,0,0
94666600,0,0,0.0,0.0,0,0,0,0,0,0
94666700,0,0,0.0,0.0,0,0,0,0,0,0
94666800,0,0,0.0,0.0,0,0,0,0,0,0
94666900,0,0,0.0,0.0,0,0,0,0,0,0
94667000,0,0,0.0,0.0,0,0,0,0,0,0
94667100,0,0,0.0,0.0,0,0,0,0,0,0
94667200,0,0,0.0,0.0,0,0,0,0,0,0
94667300,0,0,0.0,0.0,0,0,0,0,0,0
94667400,0,0,0.0,0.0,0,0,0,0,0,0
94667500,0,0,0.0,0.0,0,0,0,0,0,0
94667600,0,0,0.0,0.0,0,0,0,0,0,0
94667700,0,0,0.0,0.0,0,0,0,0,0,0
94667800,0,0,0.0,0.0,0,0,0,0,0,0
94667900,0,0,0.0,0.0,0,0,0,0,0,0
94668000,0,0,0.0,0.0,0,0,0,0,0,0
94668100,0,0,0.0,0.0,0,0,0,0,0,0
94668200,0,0,0.0,0.0,0,0,0,0,0,0
94668300,0,0,0.0,0.0,0,0,0,0,0,0
94668400,0,0,0.0,0.0,0,0,0,0,0,0
94668500,0,0,0.0,0.0,0,0,0,0,0,0
94668600,0,0,0.0,0.0,0,0,0,0,0,0
94668700,0,0,0.0,0.0,0,0,0,0,0,0
94668800,0,0,0.0,0.0,0,0,0,0,0,0
94668900,0,0,0.0,0.0,0,0,0,0,0,0
94669000,0,0,0.0,0.0,0,0,0,0,0,0
94669100,0,0,0.0,0.0,0,0,0,0,0,0
94669200,0,0,0.0,0.0,0,0,0,0,0,0
94669300,0,0,0.0,0.0,0,0,0,0,0,0
94669400,0,0,0.0,0.0,0,0,0,0,0,0
94669500,0,0,0.0,0.0,0,0,0,0,0,0
94669600,0,0,0.0,0.0,0,0,0,0,0,0
94669700,0,0,0.0,0.0,0,0,0,0,0,0
94669800,0,0,0.0,0.0,0,0,0,0,0,0
94669900,0,0,0.0,0.0,0,0,0,0,0,0
94670000,0,0,0.0,0.0,0,0,0,0,0,0
94670100,0,0,0.0,0.0,0,0,0,0,0,0
94670200,0,0,0.0,0.0,0,0,0,0,0,0
94670300,0,0,0.0,0.0,0,0,0,0,0,0
94670400,0,0,0.0,0.0,0,0,0,0,0,0
94670500,0,0,0.0,0.0,0,0,0,0,0,0
94670600,0,0,0.0,0.0,0,0,0,0,0,0
94670700,0,0,0.0,0.0,0,0,0,0,0,0
94670800,0,0,0.0,0.0,0,0,0,0,0,0
94670900,0,0,0.0,0.0,0,0,0,0,0,0
94671000,0,0,0.0,0.0,0,0,0,0,0,0
94671100,0,0,0.0,0.0,0,0,0,0,0,0
94671200,0,0,0.0,0.0,0,0,0,0,0,0
94671300,0,0,0.0,0.0,0,0,0,0,0,0
94671400,0,0,0.0,0.0,0,0,0,0,0,0
94671500,0,0,0.0,0.0,0,0,0,0,0,0
94671600,0,0,0.0,0.0,0,0,0,0,0,0
94671700,0,0,0.0,0.0,0,0,0,0,0,0
94671800,0,0,0.0,0.0,0,0,0,0,0,0
94671900,0,0,0.0,0.0,0,0,0,0,0,0
94672000,0,0,0.0,0.0,0,0,0,0,0,0
94672100,0,0,0.0,0.0,0,0,0,0,0,0
94672200,0,0,0.0,0.0,0,0,0,0,0,0
94672300,0,0,0.0,0.0,0,0,0,0,0,0
94672400,0,0,0.0,0.0,0,0,0,0,0,0
94672500,0,0,0.0,0.0,0,0,0,0,0,0
94672600,0,0,0.0,0.0,0,0,0,0,0,0
94672700,0,0,0.0,0.0,0,0,0,0,0,0
94672800,0,0,0.0,0.0,0,0,0,0,0,0
94672900,0,0,0.0,0.0,0,0,0,0,0,0
94673000,0,0,0.0,0.0,0,0,0,0,0,0
94673100,0,0,0.0,0.0,0,0,0,0,0,0
94673200,0,0,0.0,0.0,0,0,0,0,0,0
94673300,0,0,0.0,0.0,0,0,0,0,0,0
94673400,0,0,0.0,0.0,0,0,0,0,0,0
94673500,0,0,0.0,0.0,0,0,0,0,0,0
94673600,0,0,0.0,0.0,0,0,0,0,0,0
94673700,0,0,0.0,0.0,0,0,0,0,0,0
94673800,0,0,0.0,0.0,0,0,0,0,0,0
94673900,0,0,0.0,0.0,0,0,0,0,0,0
94674000,0,0,0.0,0.0,0,0,0,0,0,0
94674100,0,0,0.0,0.0,0,0,0,0,0,0
94674200,0,0,0.0,0.0,0,0,0,0,0,0
94674300,0,0,0.0,0.0,0,0,0,0,0,0
94674500,0,0,0.0,0.0,0,0,0,0,0,0
94674600,0,0,0.0,0.0,0,0,0,0,0,0
94674700,0,0,0.0,0.0,0,0,0,0,0,0
94674800,0,0,0.0,0.0,0,0,0,0,0,0
94674900,0,0,0.0,0.0,0,0,0,0,0,0
94675100,0,0,0.0,0.0,0,0,0,0,0,0
94675200,0,0,0.0,0.0,0,0,0,0,0,0
94675300,0,0,0.0,0.0,0,0,0,0,0,0
94675400,0,0,0.0,0.0,0,0,0,0,0,0
94675900,0,0,0.0,0.0,0,0,0,0,0,0
94676200,0,0,0.0,0.0,0,0,0,0,0,0
94676300,0,0,0.0,0.0,0,0,0,0,0,0
94676400,0,0,0.0,0.0,0,0,0,0,0,0
94676500,0,0,0.0,0.0,0,0,0,0,0,0
94676600,0,0,0.0,0.0,0,0,0,0,0,0
94676700,0,0,0.0,0.0,0,0,0,0,0,0
94676800,0,0,0.0,0.0,0,0,0,0,0,0
94676900,0,0,0.0,0.0,0,0,0,0,0,0
94677000,0,0,0.0,0.0,0,0,0,0,0,0
94677200,0,0,0.0,0.0,0,0,0,0,0,0
94677300,0,0,0.0,0.0,0,0,0,0,0,0
94677400,0,0,0.0,0.0,0,0,0,0,0,0
94677500,0,0,0.0,0.0,0,0,0,0,0,0
94677600,0,0,0.0,0.0,0,0,0,0,0,0
94677700,0,0,0.0,0.0,0,0,0,0,0,0
94677800,0,0,0.0,0.0,0,0,0,0,0,0
94677900,0,0,0.0,0.0,0,0,0,0,0,0
94678000,0,0,0.0,0.0,0,0,0,0,0,0
94678100,0,0,0.0,0.0,0,0,0,0,0,0
94678200,0,0,0.0,0.0,0,0,0,0,0,0
94678300,0,0,0.0,0.0,0,0,0,0,0,0
94678400,0,0,0.0,0.0,0,0,0,0,0,0
94678500,0,0,0.0,0.0,0,0,0,0,0,0
94678600,0,0,0.0,0.0,0,0,0,0,0,0
94678800,0,0,0.0,0.0,0,0,0,0,0,0
94678900,0,0,0.0,0.0,0,0,0,0,0,0
94679000,0,0,0.0,0.0,0,0,0,0,0,0
94679100,0,0,0.0,0.0,0,0,0,0,0,0
94679200,0,0,0.0,0.0,0,0,0,0,0,0
94679400,0,0,0.0,0.0,0,0,0,0,0,0
94679500,0,0,0.0,0.0,0,0,0,0,0,0
94679600,0,0,0.0,0.0,0,0,0,0,0,0
94679700,0,0,0.0,0.0,0,0,0,0,0,0
94679900,0,0,0.0,0.0,0,0,0,0,0,0
94680000,0,0,0.0,0.0,0,0,0,0,0,0
94680100,0,0,0.0,0.0,0,0,0,0,0,0
94680200,0,0,0.0,0.0,0,0,0,0,0,0
94680300,0,0,0.0,0.0,0,0,0,0,0,0
94680400,0,0,0.0,0.0,0,0,0,0,0,0
94680500,0,0,0.0,0.0,0,0,0,0,0,0
94680600,0,0,0.0,0.0,0,0,0,0,0,0
94680700,0,0,0.0,0.0,0,0,0,0,0,0
94680900,0,0,0.0,0.0,0,0,0,0,0,0
94681000,0,0,0.0,0.0,0,0,0,0,0,0
94681100,0,0,0.0,0.0,0,0,0,0,0,0
94681200,0,0,0.0,0.0,0,0,0,0,0,0
94681300,0,0,0.0,0.0,0,0,0,0,0,0
94681400,0,0,0.0,0.0,0,0,0,0,0,0
94681500,0,0,0.0,0.0,0,0,0,0,0,0
94681600,0,0,0.0,0.0,0,0,0,0,0,0
94681700,0,0,0.0,0.0,0,0,0,0,0,0
94681800,0,0,0.0,0.0,0,0,0,0,0,0
94681900,0,0,0.0,0.0,0,0,0,0,0,0
94682000,0,0,0.0,0.0,0,0,0,0,0,0
94682100,0,0,0.0,0.0,0,0,0,0,0,0
94682200,0,0,0.0,0.0,0,0,0,0,0,0
94682300,0,0,0.0,0.0,0,0,0,0,0,0
94682400,0,0,0.0,0.0,0,0,0,0,0,0
94682500,0,0,0.0,0.0,0,0,0,0,0,0
94682600,0,0,0.0,0.0,0,0,0,0,0,0
94682800,0,0,0.0,0.0,0,0,0,0,0,0
94682900,0,0,0.0,0.0,0,0,0,0,0,0
94683000,0,0,0.0,0.0,0,0,0,0,0,0
94683100,0,0,0.0,0.0,0,0,0,0,0,0
94683200,0,0,0.0,0.0,0,0,0,0,0,0
94683300,0,0,0.0,0.0,0,0,0,0,0,0
94683400,0,0,0.0,0.0,0,0,0,0,0,0
94683500,0,0,0.0,0.0,0,0,0,0,0,0
94683600,0,0,0.0,0.0,0,0,0,0,0,0
94683700,0,0,0.0,0.0,0,0,0,0,0,0
94683800,0,0,0.0,0.0,0,0,0,0,0,0
94683900,0,0,0.0,0.0,0,0,0,0,0,0
94684000,0,0,0.0,0.0,0,0,0,0,0,0
94684100,0,0,0.0,0.0,0,0,0,0,0,0
94684300,0,0,0.0,0.0,0,0,0,0,0,0
94684400,0,0,0.0,0.0,0,0,0,0,0,0
94684500,0,0,0.0,0.0,0,0,0,0,0,0
94684600,0,0,0.0,0.0,0,0,0,0,0,0
94684800,0,0,0.0,0.0,0,0,0,0,0,0
94684900,0,0,0.0,0.0,0,0,0,0,0,0
94685000,0,0,0.0,0.0,0,0,0,0,0,0
94685100,0,0,0.0,0.0,0,0,0,0,0,0
94685200,0,0,0.0,0.0,0,0,0,0,0,0
94685300,0,0,0.0,0.0,0,0,0,0,0,0
94685400,0,0,0.0,0.0,0,0,0,0,0,0
94685500,0,0,0.0,0.0,0,0,0,0,0,0
94685600,0,0,0.0,0.0,0,0,0,0,0,0
94685800,0,0,0.0,0.0,0,0,0,0,0,0
94685900,0,0,0.0,0.0,0,0,0,0,0,0
94686000,0,0,0.0,0.0,0,0,0,0,0,0
94686100,0,0,0.0,0.0,0,0,0,0,0,0
94686300,0,0,0.0,0.0,0,0,0,0,0,0
94686400,0,0,0.0,0.0,0,0,0,0,0,0
94686500,0,0,0.0,0.0,0,0,0,0,0,0
94686600,0,0,0.0,0.0,0,0,0,0,0,0
94686700,0,0,0.0,0.0,0,0,0,0,0,0
94686800,0,0,0.0,0.0,0,0,0,0,0,0
94686900,0,0,0.0,0.0,0,0,0,0,0,0
94687000,0,0,0.0,0.0,0,0,0,0,0,0
94687100,0,0,0.0,0.0,0,0,0,0,0,0
94687200,0,0,0.0,0.0,0,0,0,0,0,0
94687300,0,0,0.0,0.0,0,0,0,0,0,0
94687400,0,0,0.0,0.0,0,0,0,0,0,0
94687500,0,0,0.0,0.0,0,0,0,0,0,0
94687600,0,0,0.0,0.0,0,0,0,0,0,0
94687700,0,0,0.0,0.0,0,0,0,0,0,0
94687900,0,0,0.0,0.0,0,0,0,0,0,0
94688000,0,0,0.0,0.0,0,0,0,0,0,0
94688100,0,0,0.0,0.0,0,0,0,0,0,0
94688200,0,0,0.0,0.0,0,0,0,0,0,0
94688300,0,0,0.0,0.0,0,0,0,0,0,0
94688500,0,0,0.0,0.0,0,0,0,0,0,0
94688600,0,0,0.0,0.0,0,0,0,0,0,0
94688700,0,0,0.0,0.0,0,0,0,0,0,0
94688800,0,0,0.0,0.0,0,0,0,0,0,0
94688900,0,0,0.0,0.0,0,0,0,0,0,0
94689000,0,0,0.0,0.0,0,0,0,0,0,0
94689100,0,0,0.0,0.0,0,0,0,0,0,0
94689200,0,0,0.0,0.0,0,0,0,0,0,0
94689300,0,0,0.0,0.0,0,0,0,0,0,0
94689400,0,0,0.0,0.0,0,0,0,0,0,0
94689500,0,0,0.0,0.0,0,0,0,0,0,0
94689600,0,0,0.0,0.0,0,0,0,0,0,0
94689700,0,0,0.0,0.0,0,0,0,0,0,0
94689900,0,0,0.0,0.0,0,0,0,0,0,0
94690000,0,0,0.0,0.0,0,0,0,0,0,0
94690100,0,0,0.0,0.0,0,0,0,0,0,0
94690200,0,0,0.0,0.0,0,0,0,0,0,0
94690300,0,0,0.0,0.0,0,0,0,0,0,0
94690400,0,0,0.0,0.0,0,0,0,0,0,0
94690500,0,0,0.0,0.0,0,0,0,0,0,0
94690600,0,0,0.0,0.0,0,0,0,0,0,0
94690700,0,0,0.0,0.0,0,0,0,0,0,0
94690800,0,0,0.0,0.0,0,0,0,0,0,0
94690900,0,0,0.0,0.0,0,0,0,0,0,0
94691000,0,0,0.0,0.0,0,0,0,0,0,0
94691100,0,0,0.0,0.0,0,0,0,0,0,0
94691200,0,0,0.0,0.0,0,0,0,0,0,0
94691300,0,0,0.0,0.0,0,0,0,0,0,0
94691500,0,0,0.0,0.0,0,0,0,0,0,0
94691600,0,0,0.0,0.0,0,0,0,0,0,0
94691700,0,0,0.0,0.0,0,0,0,0,0,0
94691800,0,0,0.0,0.0,0,0,0,0,0,0
94691900,0,0,0.0,0.0,0,0,0,0,0,0
94692000,0,0,0.0,0.0,0,0,0,0,0,0
94692100,0,0,0.0,0.0,0,0,0,0,0,0
94692200,0,0,0.0,0.0,0,0,0,0,0,0
94692300,0,0,0.0,0.0,0,0,0,0,0,0
94692500,0,0,0.0,0.0,0,0,0,0,0,0
94692600,0,0,0.0,0.0,0,0,0,0,0,0
94692700,0,0,0.0,0.0,0,0,0,0,0,0
94692800,0,0,0.0,0.0,0,0,0,0,0,0
94692900,0,0,0.0,0.0,0,0,0,0,0,0
94693000,0,0,0.0,0.0,0,0,0,0,0,0
94693100,0,0,0.0,0.0,0,0,0,0,0,0
94693200,0,0,0.0,0.0,0,0,0,0,0,0
94693300,0,0,0.0,0.0,0,0,0,0,0,0
94693400,0,0,0.0,0.0,0,0,0,0,0,0
94693600,0,0,0.0,0.0,0,0,0,0,0,0
94693700,0,0,0.0,0.0,0,0,0,0,0,0
94693800,0,0,0.0,0.0,0,0,0,0,0,0
94693900,0,0,0.0,0.0,0,0,0,0,0,0
94694000,0,0,0.0,0.0,0,0,0,0,0,0
94694100,0,0,0.0,0.0,0,0,0,0,0,0
94694200,0,0,0.0,0.0,0,0,0,0,0,0
94694300,0,0,0.0,0.0,0,0,0,0,0,0
94694400,0,0,0.0,0.0,0,0,0,0,0,0
94694600,0,0,0.0,0.0,0,0,0,0,0,0
94694700,0,0,0.0,0.0,0,0,0,0,0,0
94694800,0,0,0.0,0.0,0,0,0,0,0,0
94694900,0,0,0.0,0.0,0,0,0,0,0,0
94695000,0,0,0.0,0.0,0,0,0,0,0,0
94695100,0,0,0.0,0.0,0,0,0,0,0,0
94695200,0,0,0.0,0.0,0,0,0,0,0,0
94695300,0,0,0.0,0.0,0,0,0,0,0,0
94695400,0,0,0.0,0.0,0,0,0,0,0,0
94695500,0,0,0.0,0.0,0,0,0,0,0,0
94695600,0,0,0.0,0.0,0,0,0,0,0,0
94695700,0,0,0.0,0.0,0,0,0,0,0,0
94695800,0,0,0.0,0.0,0,0,0,0,0,0
94695900,0,0,0.0,0.0,0,0,0,0,0,0
94696000,0,0,0.0,0.0,0,0,0,0,0,0
94696100,0,0,0.0,0.0,0,0,0,0,0,0
94696200,0,0,0.0,0.0,0,0,0,0,0,0
94696300,0,0,0.0,0.0,0,0,0,0,0,0
94696400,0,0,0.0,0.0,0,0,0,0,0,0
94696500,0,0,0.0,0.0,0,0,0,0,0,0
94696600,0,0,0.0,0.0,0,0,0,0,0,0
94696700,0,0,0.0,0.0,0,0,0,0,0,0
94696800,0,0,0.0,0.0,0,0,0,0,0,0
94696900,0,0,0.0,0.0,0,0,0,0,0,0
94697000,0,0,0.0,0.0,0,0,0,0,0,0
94697200,0,0,0.0,0.0,0,0,0,0,0,0
94697300,0,0,0.0,0.0,0,0,0,0,0,0
94697400,0,0,0.0,0.0,0,0,0,0,0,0
94697500,0,0,0.0,0.0,0,0,0,0,0,0
94697600,0,0,0.0,0.0,0,0,0,0,0,0
94697700,0,0,0.0,0.0,0,0,0,0,0,0
94697800,0,0,0.0,0.0,0,0,0,0,0,0
94697900,0,0,0.0,0.0,0,0,0,0,0,0
94698000,0,0,0.0,0.0,0,0,0,0,0,0
94698200,0,0,0.0,0.0,0,0,0,0,0,0
94698300,0,0,0.0,0.0,0,0,0,0,0,0
94698400,0,0,0.0,0.0,0,0,0,0,0,0
94698500,0,0,0.0,0.0,0,0,0,0,0,0
94698600,0,0,0.0,0.0,0,0,0,0,0,0
94698800,0,0,0.0,0.0,0,0,0,0,0,0
94698900,0,0,0.0,0.0,0,0,0,0,0,0
94699000,0,0,0.0,0.0,0,0,0,0,0,0
94699100,0,0,0.0,0.0,0,0,0,0,0,0
94699300,0,0,0.0,0.0,0,0,0,0,0,0
94699400,0,0,0.0,0.0,0,0,0,0,0,0
94699500,0,0,0.0,0.0,0,0,0,0,0,0
94699600,0,0,0.0,0.0,0,0,0,0,0,0
94699800,0,0,0.0,0.0,0,0,0,0,0,0
94699900,0,0,0.0,0.0,0,0,0,0,0,0
94700000,0,0,0.0,0.0,0,0,0,0,0,0
94700100,0,0,0.0,0.0,0,0,0,0,0,0
94700200,0,0,0.0,0.0,0,0,0,0,0,0
94700400,0,0,0.0,0.0,0,0,0,0,0,0
94700500,0,0,0.0,0.0,0,0,0,0,0,0
94700600,0,0,0.0,0.0,0,0,0,0,0,0
94700700,0,0,0.0,0.0,0,0,0,0,0,0
94700900,0,0,0.0,0.0,0,0,0,0,0,0
94701000,0,0,0.0,0.0,0,0,0,0,0,0
94701100,0,0,0.0,0.0,0,0,0,0,0,0
94701200,0,0,0.0,0.0,0,0,0,0,0,0
94701400,0,0,0.0,0.0,0,0,0,0,0,0
94701500,0,0,0.0,0.0,0,0,0,0,0,0
94701600,0,0,0.0,0.0,0,0,0,0,0,0
94701700,0,0,0.0,0.0,0,0,0,0,0,0
94701800,0,0,0.0,0.0,0,0,0,0,0,0
94701900,0,0,0.0,0.0,0,0,0,0,0,0
94702000,0,0,0.0,0.0,0,0,0,0,0,0
94702100,0,0,0.0,0.0,0,0,0,0,0,0
94702200,0,0,0.0,0.0,0,0,0,0,0,0
94702300,0,0,0.0,0.0,0,0,0,0,0,0
94702500,0,0,0.0,0.0,0,0,0,0,0,0
94702600,0,0,0.0,0.0,0,0,0,0,0,0
94702700,0,0,0.0,0.0,0,0,0,0,0,0
94702800,0,0,0.0,0.0,0,0,0,0,0,0
94703100,0,0,0.0,0.0,0,0,0,0,0,0
94703200,0,0,0.0,0.0,0,0,0,0,0,0
94703300,0,0,0.0,0.0,0,0,0,0,0,0
94703400,0,0,0.0,0.0,0,0,0,0,0,0
94703600,0,0,0.0,0.0,0,0,0,0,0,0
94703700,0,0,0.0,0.0,0,0,0,0,0,0
94703800,0,0,0.0,0.0,0,0,0,0,0,0
94703900,0,0,0.0,0.0,0,0,0,0,0,0
94704100,0,0,0.0,0.0,0,0,0,0,0,0
94704200,0,0,0.0,0.0,0,0,0,0,0,0
94704300,0,0,0.0,0.0,0,0,0,0,0,0
94704400,0,0,0.0,0.0,0,0,0,0,0,0
94704500,0,0,0.0,0.0,0,0,0,0,0,0
94704700,0,0,0.0,0.0,0,0,0,0,0,0
94704800,0,0,0.0,0.0,0,0,0,0,0,0
94704900,0,0,0.0,0.0,0,0,0,0,0,0
94705000,0,0,0.0,0.0,0,0,0,0,0,0
94705200,0,0,0.0,0.0,0,0,0,0,0,0
94705300,0,0,0.0,0.0,0,0,0,0,0,0
94705400,0,0,0.0,0.0,0,0,0,0,0,0
94705500,0,0,0.0,0.0,0,0,0,0,0,0
94705700,0,0,0.0,0.0,0,0,0,0,0,0
94705800,0,0,0.0,0.0,0,0,0,0,0,0
94705900,0,0,0.0,0.0,0,0,0,0,0,0
94706000,0,0,0.0,0.0,0,0,0,0,0,0
94706100,0,0,0.0,0.0,0,0,0,0,0,0
94706300,0,0,0.0,0.0,0,0,0,0,0,0
94706400,0,0,0.0,0.0,0,0,0,0,0,0
94706500,0,0,0.0,0.0,0,0,0,0,0,0
94706600,0,0,0.0,0.0,0,0,0,0,0,0
94706800,0,0,0.0,0.0,0,0,0,0,0,0
94706900,0,0,0.0,0.0,0,0,0,0,0,0
94707000,0,0,0.0,0.0,0,0,0,0,0,0
94707100,0,0,0.0,0.0,0,0,0,0,0,0
94707200,0,0,0.0,0.0,0,0,0,0,0,0
94707400,0,0,0.0,0.0,0,0,0,0,0,0
94707500,0,0,0.0,0.0,0,0,0,0,0,0
94707600,0,0,0.0,0.0,0,0,0,0,0,0
94707700,0,0,0.0,0.0,0,0,0,0,0,0
94707900,0,0,0.0,0.0,0,0,0,0,0,0
94708000,0,0,0.0,0.0,0,0,0,0,0,0
94708100,0,0,0.0,0.0,0,0,0,0,0,0
94708200,0,0,0.0,0.0,0,0,0,0,0,0
94708300,0,0,0.0,0.0,0,0,0,0,0,0
94708400,0,0,0.0,0.0,0,0,0,0,0,0
94708500,0,0,0.0,0.0,0,0,0,0,0,0
94708600,0,0,0.0,0.0,0,0,0,0,0,0
94708700,0,0,0.0,0.0,0,0,0,0,0,0
94708800,0,0,0.0,0.0,0,0,0,0,0,0
94709100,0,0,0.0,0.0,0,0,0,0,0,0
94709200,0,0,0.0,0.0,0,0,0,0,0,0
94709300,0,0,0.0,0.0,0,0,0,0,0,0
94709400,0,0,0.0,0.0,0,0,0,0,0,0
94709800,0,0,0.0,0.0,0,0,0,0,0,0
94709900,0,0,0.0,0.0,0,0,0,0,0,0
94710000,0,0,0.0,0.0,0,0,0,0,0,0
94710100,0,0,0.0,0.0,0,0,0,0,0,0
94710400,0,0,0.0,0.0,0,0,0,0,0,0
94710500,0,0,0.0,0.0,0,0,0,0,0,0
94710600,0,0,0.0,0.0,0,0,0,0,0,0
94710700,0,0,0.0,0.0,0,0,0,0,0,0
94710900,0,0,0.0,0.0,0,0,0,0,0,0
94711000,0,0,0.0,0.0,0,0,0,0,0,0
94711100,0,0,0.0,0.0,0,0,0,0,0,0
94711200,0,0,0.0,0.0,0,0,0,0,0,0
94711300,0,0,0.0,0.0,0,0,0,0,0,0
94711500,0,0,0.0,0.0,0,0,0,0,0,0
94711600,0,0,0.0,0.0,0,0,0,0,0,0
94711700,0,0,0.0,0.0,0,0,0,0,0,0
94711800,0,0,0.0,0.0,0,0,0,0,0,0
94712100,0,0,0.0,0.0,0,0,0,0,0,0
94712200,0,0,0.0,0.0,0,0,0,0,0,0
94712300,0,0,0.0,0.0,0,0,0,0,0,0
94712400,0,0,0.0,0.0,0,0,0,0,0,0
94712600,0,0,0.0,0.0,0,0,0,0,0,0
94712700,0,0,0.0,0.0,0,0,0,0,0,0
94712800,0,0,0.0,0.0,0,0,0,0,0,0
94712900,0,0,0.0,0.0,0,0,0,0,0,0
94713200,0,0,0.0,0.0,0,0,0,0,0,0
94713300,0,0,0.0,0.0,0,0,0,0,0,0
94713400,0,0,0.0,0.0,0,0,0,0,0,0
94713500,0,0,0.0,0.0,0,0,0,0,0,0
94713800,0,0,0.0,0.0,0,0,0,0,0,0
94713900,0,0,0.0,0.0,0,0,0,0,0,0
94714000,0,0,0.0,0.0,0,0,0,0,0,0
94714100,0,0,0.0,0.0,0,0,0,0,0,0
94714300,0,0,0.0,0.0,0,0,0,0,0,0
94714400,0,0,0.0,0.0,0,0,0,0,0,0
94714500,0,0,0.0,0.0,0,0,0,0,0,0
94714600,0,0,0.0,0.0,0,0,0,0,0,0
94714800,0,0,0.0,0.0,0,0,0,0,0,0
94714900,0,0,0.0,0.0,0,0,0,0,0,0
94715000,0,0,0.0,0.0,0,0,0,0,0,0
94715100,0,0,0.0,0.0,0,0,0,0,0,0
94715200,0,0,0.0,0.0,0,0,0,0,0,0
94715400,0,0,0.0,0.0,0,0,0,0,0,0
94715500,0,0,0.0,0.0,0,0,0,0,0,0
94715600,0,0,0.0,0.0,0,0,0,0,0,0
94715700,0,0,0.0,0.0,0,0,0,0,0,0
94715900,0,0,0.0,0.0,0,0,0,0,0,0
94716000,0,0,0.0,0.0,0,0,0,0,0,0
94716100,0,0,0.0,0.0,0,0,0,0,0,0
94716200,0,0,0.0,0.0,0,0,0,0,0,0
94716400,0,0,0.0,0.0,0,0,0,0,0,0
94716500,0,0,0.0,0.0,0,0,0,0,0,0
94716600,0,0,0.0,0.0,0,0,0,0,0,0
