version,numEvents,reserved0,timeElapsed_01,detectionType_01,eventType_01,reserved1_01,timeElapsed_02,detectionType_02,eventType_02,reserved1_02,timeElapsed_03,detectionType_03,eventType_03,reserved1_03,timeElapsed_04,detectionType_04,eventType_04,reserved1_04,timeElapsed_05,detectionType_05,eventType_05,reserved1_05,timeElapsed_06,detectionType_06,eventType_06,reserved1_06,timeElapsed_07,detectionType_07,eventType_07,reserved1_07,timeElapsed_08,detectionType_08,eventType_08,reserved1_08,timeElapsed_09,detectionType_09,eventType_09,reserved1_09,timeElapsed_10,detectionType_10,eventType_10,reserved1_10,timeElapsed_11,detectionType_11,eventType_11,reserved1_11,timeElapsed_12,detectionType_12,eventType_12,reserved1_12,timeElapsed_13,detectionType_13,eventType_13,reserved1_13,timeElapsed_14,detectionType_14,eventType_14,reserved1_14,timeElapsed_15,detectionType_15,eventType_15,reserved1_15,timeElapsed_16,detectionType_16,eventType_16,reserved1_16
0,16,7411662848,0,5,1,0,0,4,0,0,18,4,1,0,22,4,0,0,24,5,0,0,24,4,1,0,28,5,1,0,30,4,0,0,31,4,1,0,32,5,0,0,32,4,0,0,33,5,1,0,47,5,0,0,48,4,1,0,50,5,1,0,50,4,0,0
0,16,7477198848,1,5,1,0,1,4,0,0,19,4,1,0,23,4,0,0,25,5,0,0,25,4,1,0,29,5,1,0,31,4,0,0,32,4,1,0,33,5,0,0,33,4,0,0,34,5,1,0,48,5,0,0,49,4,1,0,51,5,1,0,51,4,0,0
0,16,7542734848,2,5,1,0,2,4,0,0,20,4,1,0,24,4,0,0,26,5,0,0,26,4,1,0,30,5,1,0,32,4,0,0,33,4,1,0,34,5,0,0,34,4,0,0,35,5,1,0,49,5,0,0,50,4,1,0,52,5,1,0,52,4,0,0
0,16,7608270848,3,5,1,0,3,4,0,0,21,4,1,0,25,4,0,0,27,5,0,0,27,4,1,0,31,5,1,0,33,4,0,0,34,4,1,0,35,5,0,0,35,4,0,0,36,5,1,0,50,5,0,0,51,4,1,0,53,5,1,0,53,4,0,0
0,16,7673806848,0,5,0,0,4,5,1,0,4,4,0,0,22,4,1,0,26,4,0,0,28,5,0,0,28,4,1,0,32,5,1,0,34,4,0,0,35,4,1,0,36,5,0,0,36,4,0,0,37,5,1,0,51,5,0,0,52,4,1,0,54,5,1,0
0,16,7739342848,0,5,1,0,1,5,0,0,5,5,1,0,5,4,0,0,23,4,1,0,27,4,0,0,29,5,0,0,29,4,1,0,33,5,1,0,35,4,0,0,36,4,1,0,37,5,0,0,37,4,0,0,38,5,1,0,52,5,0,0,53,4,1,0
0,16,7804878848,0,5,0,0,1,5,1,0,2,5,0,0,6,5,1,0,6,4,0,0,24,4,1,0,28,4,0,0,30,5,0,0,30,4,1,0,34,5,1,0,36,4,0,0,37,4,1,0,38,5,0,0,38,4,0,0,39,5,1,0,53,5,0,0
0,16,7870414848,0,5,1,0,1,5,0,0,2,5,1,0,3,5,0,0,7,5,1,0,7,4,0,0,25,4,1,0,29,4,0,0,31,5,0,0,31,4,1,0,35,5,1,0,37,4,0,0,38,4,1,0,39,5,0,0,39,4,0,0,40,5,1,0
0,16,7935950848,0,5,0,0,1,5,1,0,2,5,0,0,3,5,1,0,4,5,0,0,8,5,1,0,8,4,0,0,26,4,1,0,30,4,0,0,32,5,0,0,32,4,1,0,36,5,1,0,38,4,0,0,39,4,1,0,40,5,0,0,40,4,0,0
0,16,8001486848,1,5,0,0,2,5,1,0,3,5,0,0,4,5,1,0,5,5,0,0,9,5,1,0,9,4,0,0,27,4,1,0,31,4,0,0,33,5,0,0,33,4,1,0,37,5,1,0,39,4,0,0,40,4,1,0,41,5,0,0,41,4,0,0
0,16,8067022848,2,5,0,0,3,5,1,0,4,5,0,0,5,5,1,0,6,5,0,0,10,5,1,0,10,4,0,0,28,4,1,0,32,4,0,0,34,5,0,0,34,4,1,0,38,5,1,0,40,4,0,0,41,4,1,0,42,5,0,0,42,4,0,0
0,16,8132558848,3,5,0,0,4,5,1,0,5,5,0,0,6,5,1,0,7,5,0,0,11,5,1,0,11,4,0,0,29,4,1,0,33,4,0,0,35,5,0,0,35,4,1,0,39,5,1,0,41,4,0,0,42,4,1,0,43,5,0,0,43,4,0,0
0,16,8198094848,4,5,0,0,5,5,1,0,6,5,0,0,7,5,1,0,8,5,0,0,12,5,1,0,12,4,0,0,30,4,1,0,34,4,0,0,36,5,0,0,36,4,1,0,40,5,1,0,42,4,0,0,43,4,1,0,44,5,0,0,44,4,0,0
0,16,8263630848,5,5,0,0,6,5,1,0,7,5,0,0,8,5,1,0,9,5,0,0,13,5,1,0,13,4,0,0,31,4,1,0,35,4,0,0,37,5,0,0,37,4,1,0,41,5,1,0,43,4,0,0,44,4,1,0,45,5,0,0,45,4,0,0
0,16,8329166848,6,5,0,0,7,5,1,0,8,5,0,0,9,5,1,0,10,5,0,0,14,5,1,0,14,4,0,0,32,4,1,0,36,4,0,0,38,5,0,0,38,4,1,0,42,5,1,0,44,4,0,0,45,4,1,0,46,5,0,0,46,4,0,0
0,16,8394702848,0,5,1,0,7,5,0,0,8,5,1,0,9,5,0,0,10,5,1,0,11,5,0,0,15,5,1,0,15,4,0,0,33,4,1,0,37,4,0,0,39,5,0,0,39,4,1,0,43,5,1,0,45,4,0,0,46,4,1,0,47,5,0,0
0,16,8460238848,1,5,1,0,8,5,0,0,9,5,1,0,10,5,0,0,11,5,1,0,12,5,0,0,16,5,1,0,16,4,0,0,34,4,1,0,38,4,0,0,40,5,0,0,40,4,1,0,44,5,1,0,46,4,0,0,47,4,1,0,48,5,0,0
0,16,8525774848,2,5,1,0,9,5,0,0,10,5,1,0,11,5,0,0,12,5,1,0,13,5,0,0,17,5,1,0,17,4,0,0,35,4,1,0,39,4,0,0,41,5,0,0,41,4,1,0,45,5,1,0,47,4,0,0,48,4,1,0,49,5,0,0
0,16,8591310848,0,5,0,0,3,5,1,0,10,5,0,0,11,5,1,0,12,5,0,0,13,5,1,0,14,5,0,0,18,5,1,0,18,4,0,0,36,4,1,0,40,4,0,0,42,5,0,0,42,4,1,0,46,5,1,0,48,4,0,0,49,4,1,0
0,16,8656846848,1,5,0,0,4,5,1,0,11,5,0,0,12,5,1,0,13,5,0,0,14,5,1,0,15,5,0,0,19,5,1,0,19,4,0,0,37,4,1,0,41,4,0,0,43,5,0,0,43,4,1,0,47,5,1,0,49,4,0,0,50,4,1,0
0,16,8722382848,0,5,1,0,2,5,0,0,5,5,1,0,12,5,0,0,13,5,1,0,14,5,0,0,15,5,1,0,16,5,0,0,20,5,1,0,20,4,0,0,38,4,1,0,42,4,0,0,44,5,0,0,44,4,1,0,48,5,1,0,50,4,0,0
0,16,8787918848,1,5,1,0,3,5,0,0,6,5,1,0,13,5,0,0,14,5,1,0,15,5,0,0,16,5,1,0,17,5,0,0,21,5,1,0,21,4,0,0,39,4,1,0,43,4,0,0,45,5,0,0,45,4,1,0,49,5,1,0,51,4,0,0
0,16,8853454848,2,5,1,0,4,5,0,0,7,5,1,0,14,5,0,0,15,5,1,0,16,5,0,0,17,5,1,0,18,5,0,0,22,5,1,0,22,4,0,0,40,4,1,0,44,4,0,0,46,5,0,0,46,4,1,0,50,5,1,0,52,4,0,0
0,16,8918990848,0,4,1,0,3,5,1,0,5,5,0,0,8,5,1,0,15,5,0,0,16,5,1,0,17,5,0,0,18,5,1,0,19,5,0,0,23,5,1,0,23,4,0,0,41,4,1,0,45,4,0,0,47,5,0,0,47,4,1,0,51,5,1,0
0,16,8984526848,0,4,0,0,1,4,1,0,4,5,1,0,6,5,0,0,9,5,1,0,16,5,0,0,17,5,1,0,18,5,0,0,19,5,1,0,20,5,0,0,24,5,1,0,24,4,0,0,42,4,1,0,46,4,0,0,48,5,0,0,48,4,1,0
0,16,9050062848,1,4,0,0,2,4,1,0,5,5,1,0,7,5,0,0,10,5,1,0,17,5,0,0,18,5,1,0,19,5,0,0,20,5,1,0,21,5,0,0,25,5,1,0,25,4,0,0,43,4,1,0,47,4,0,0,49,5,0,0,49,4,1,0
0,16,9115598848,0,5,0,0,2,4,0,0,3,4,1,0,6,5,1,0,8,5,0,0,11,5,1,0,18,5,0,0,19,5,1,0,20,5,0,0,21,5,1,0,22,5,0,0,26,5,1,0,26,4,0,0,44,4,1,0,48,4,0,0,50,5,0,0
0,16,9181134848,0,5,1,0,1,5,0,0,3,4,0,0,4,4,1,0,7,5,1,0,9,5,0,0,12,5,1,0,19,5,0,0,20,5,1,0,21,5,0,0,22,5,1,0,23,5,0,0,27,5,1,0,27,4,0,0,45,4,1,0,49,4,0,0
0,16,9246670848,0,5,0,0,1,5,1,0,2,5,0,0,4,4,0,0,5,4,1,0,8,5,1,0,10,5,0,0,13,5,1,0,20,5,0,0,21,5,1,0,22,5,0,0,23,5,1,0,24,5,0,0,28,5,1,0,28,4,0,0,46,4,1,0
0,16,9312206848,1,5,0,0,2,5,1,0,3,5,0,0,5,4,0,0,6,4,1,0,9,5,1,0,11,5,0,0,14,5,1,0,21,5,0,0,22,5,1,0,23,5,0,0,24,5,1,0,25,5,0,0,29,5,1,0,29,4,0,0,47,4,1,0
0,16,9377742848,0,5,1,0,2,5,0,0,3,5,1,0,4,5,0,0,6,4,0,0,7,4,1,0,10,5,1,0,12,5,0,0,15,5,1,0,22,5,0,0,23,5,1,0,24,5,0,0,25,5,1,0,26,5,0,0,30,5,1,0,30,4,0,0
0,16,9443278848,1,5,1,0,3,5,0,0,4,5,1,0,5,5,0,0,7,4,0,0,8,4,1,0,11,5,1,0,13,5,0,0,16,5,1,0,23,5,0,0,24,5,1,0,25,5,0,0,26,5,1,0,27,5,0,0,31,5,1,0,31,4,0,0
0,16,9508814848,2,5,1,0,4,5,0,0,5,5,1,0,6,5,0,0,8,4,0,0,9,4,1,0,12,5,1,0,14,5,0,0,17,5,1,0,24,5,0,0,25,5,1,0,26,5,0,0,27,5,1,0,28,5,0,0,32,5,1,0,32,4,0,0
0,16,9574350848,3,5,1,0,5,5,0,0,6,5,1,0,7,5,0,0,9,4,0,0,10,4,1,0,13,5,1,0,15,5,0,0,18,5,1,0,25,5,0,0,26,5,1,0,27,5,0,0,28,5,1,0,29,5,0,0,33,5,1,0,33,4,0,0
0,16,9639886848,4,5,1,0,6,5,0,0,7,5,1,0,8,5,0,0,10,4,0,0,11,4,1,0,14,5,1,0,16,5,0,0,19,5,1,0,26,5,0,0,27,5,1,0,28,5,0,0,29,5,1,0,30,5,0,0,34,5,1,0,34,4,0,0
0,16,9705422848,5,5,1,0,7,5,0,0,8,5,1,0,9,5,0,0,11,4,0,0,12,4,1,0,15,5,1,0,17,5,0,0,20,5,1,0,27,5,0,0,28,5,1,0,29,5,0,0,30,5,1,0,31,5,0,0,35,5,1,0,35,4,0,0
0,16,9770958848,6,5,1,0,8,5,0,0,9,5,1,0,10,5,0,0,12,4,0,0,13,4,1,0,16,5,1,0,18,5,0,0,21,5,1,0,28,5,0,0,29,5,1,0,30,5,0,0,31,5,1,0,32,5,0,0,36,5,1,0,36,4,0,0
0,16,9836494848,7,5,1,0,9,5,0,0,10,5,1,0,11,5,0,0,13,4,0,0,14,4,1,0,17,5,1,0,19,5,0,0,22,5,1,0,29,5,0,0,30,5,1,0,31,5,0,0,32,5,1,0,33,5,0,0,37,5,1,0,37,4,0,0
0,16,9902030848,8,5,1,0,10,5,0,0,11,5,1,0,12,5,0,0,14,4,0,0,15,4,1,0,18,5,1,0,20,5,0,0,23,5,1,0,30,5,0,0,31,5,1,0,32,5,0,0,33,5,1,0,34,5,0,0,38,5,1,0,38,4,0,0
0,16,9967566848,0,4,1,0,9,5,1,0,11,5,0,0,12,5,1,0,13,5,0,0,15,4,0,0,16,4,1,0,19,5,1,0,21,5,0,0,24,5,1,0,31,5,0,0,32,5,1,0,33,5,0,0,34,5,1,0,35,5,0,0,39,5,1,0
0,16,10033102848,0,4,0,0,1,4,1,0,10,5,1,0,12,5,0,0,13,5,1,0,14,5,0,0,16,4,0,0,17,4,1,0,20,5,1,0,22,5,0,0,25,5,1,0,32,5,0,0,33,5,1,0,34,5,0,0,35,5,1,0,36,5,0,0
0,16,10098638848,0,4,1,0,1,4,0,0,2,4,1,0,11,5,1,0,13,5,0,0,14,5,1,0,15,5,0,0,17,4,0,0,18,4,1,0,21,5,1,0,23,5,0,0,26,5,1,0,33,5,0,0,34,5,1,0,35,5,0,0,36,5,1,0
0,16,10164174848,1,4,1,0,2,4,0,0,3,4,1,0,12,5,1,0,14,5,0,0,15,5,1,0,16,5,0,0,18,4,0,0,19,4,1,0,22,5,1,0,24,5,0,0,27,5,1,0,34,5,0,0,35,5,1,0,36,5,0,0,37,5,1,0
0,16,10229710848,2,4,1,0,3,4,0,0,4,4,1,0,13,5,1,0,15,5,0,0,16,5,1,0,17,5,0,0,19,4,0,0,20,4,1,0,23,5,1,0,25,5,0,0,28,5,1,0,35,5,0,0,36,5,1,0,37,5,0,0,38,5,1,0
0,16,10295246848,3,4,1,0,4,4,0,0,5,4,1,0,14,5,1,0,16,5,0,0,17,5,1,0,18,5,0,0,20,4,0,0,21,4,1,0,24,5,1,0,26,5,0,0,29,5,1,0,36,5,0,0,37,5,1,0,38,5,0,0,39,5,1,0
0,16,10360782848,4,4,1,0,5,4,0,0,6,4,1,0,15,5,1,0,17,5,0,0,18,5,1,0,19,5,0,0,21,4,0,0,22,4,1,0,25,5,1,0,27,5,0,0,30,5,1,0,37,5,0,0,38,5,1,0,39,5,0,0,40,5,1,0
0,16,10426318848,5,4,1,0,6,4,0,0,7,4,1,0,16,5,1,0,18,5,0,0,19,5,1,0,20,5,0,0,22,4,0,0,23,4,1,0,26,5,1,0,28,5,0,0,31,5,1,0,38,5,0,0,39,5,1,0,40,5,0,0,41,5,1,0
0,16,10491854848,6,4,1,0,7,4,0,0,8,4,1,0,17,5,1,0,19,5,0,0,20,5,1,0,21,5,0,0,23,4,0,0,24,4,1,0,27,5,1,0,29,5,0,0,32,5,1,0,39,5,0,0,40,5,1,0,41,5,0,0,42,5,1,0
0,16,10557390848,7,4,1,0,8,4,0,0,9,4,1,0,18,5,1,0,20,5,0,0,21,5,1,0,22,5,0,0,24,4,0,0,25,4,1,0,28,5,1,0,30,5,0,0,33,5,1,0,40,5,0,0,41,5,1,0,42,5,0,0,43,5,1,0
0,16,10622926848,8,4,1,0,9,4,0,0,10,4,1,0,19,5,1,0,21,5,0,0,22,5,1,0,23,5,0,0,25,4,0,0,26,4,1,0,29,5,1,0,31,5,0,0,34,5,1,0,41,5,0,0,42,5,1,0,43,5,0,0,44,5,1,0
0,16,10688462848,9,4,1,0,10,4,0,0,11,4,1,0,20,5,1,0,22,5,0,0,23,5,1,0,24,5,0,0,26,4,0,0,27,4,1,0,30,5,1,0,32,5,0,0,35,5,1,0,42,5,0,0,43,5,1,0,44,5,0,0,45,5,1,0
0,16,10753998848,10,4,1,0,11,4,0,0,12,4,1,0,21,5,1,0,23,5,0,0,24,5,1,0,25,5,0,0,27,4,0,0,28,4,1,0,31,5,1,0,33,5,0,0,36,5,1,0,43,5,0,0,44,5,1,0,45,5,0,0,46,5,1,0
0,16,10819534848,11,4,1,0,12,4,0,0,13,4,1,0,22,5,1,0,24,5,0,0,25,5,1,0,26,5,0,0,28,4,0,0,29,4,1,0,32,5,1,0,34,5,0,0,37,5,1,0,44,5,0,0,45,5,1,0,46,5,0,0,47,5,1,0
0,16,10885070848,12,4,1,0,13,4,0,0,14,4,1,0,23,5,1,0,25,5,0,0,26,5,1,0,27,5,0,0,29,4,0,0,30,4,1,0,33,5,1,0,35,5,0,0,38,5,1,0,45,5,0,0,46,5,1,0,47,5,0,0,48,5,1,0
0,16,10950606848,13,4,1,0,14,4,0,0,15,4,1,0,24,5,1,0,26,5,0,0,27,5,1,0,28,5,0,0,30,4,0,0,31,4,1,0,34,5,1,0,36,5,0,0,39,5,1,0,46,5,0,0,47,5,1,0,48,5,0,0,49,5,1,0
0,16,11016142848,14,4,1,0,15,4,0,0,16,4,1,0,25,5,1,0,27,5,0,0,28,5,1,0,29,5,0,0,31,4,0,0,32,4,1,0,35,5,1,0,37,5,0,0,40,5,1,0,47,5,0,0,48,5,1,0,49,5,0,0,50,5,1,0
0,16,11081678848,15,4,1,0,16,4,0,0,17,4,1,0,26,5,1,0,28,5,0,0,29,5,1,0,30,5,0,0,32,4,0,0,33,4,1,0,36,5,1,0,38,5,0,0,41,5,1,0,48,5,0,0,49,5,1,0,50,5,0,0,51,5,1,0
0,16,11147214848,16,4,1,0,17,4,0,0,18,4,1,0,27,5,1,0,29,5,0,0,30,5,1,0,31,5,0,0,33,4,0,0,34,4,1,0,37,5,1,0,39,5,0,0,42,5,1,0,49,5,0,0,50,5,1,0,51,5,0,0,52,5,1,0
0,16,11212750848,17,4,1,0,18,4,0,0,19,4,1,0,28,5,1,0,30,5,0,0,31,5,1,0,32,5,0,0,34,4,0,0,35,4,1,0,38,5,1,0,40,5,0,0,43,5,1,0,50,5,0,0,51,5,1,0,52,5,0,0,53,5,1,0
0,16,11278286848,18,4,1,0,19,4,0,0,20,4,1,0,29,5,1,0,31,5,0,0,32,5,1,0,33,5,0,0,35,4,0,0,36,4,1,0,39,5,1,0,41,5,0,0,44,5,1,0,51,5,0,0,52,5,1,0,53,5,0,0,54,5,1,0
0,16,11343822848,19,4,1,0,20,4,0,0,21,4,1,0,30,5,1,0,32,5,0,0,33,5,1,0,34,5,0,0,36,4,0,0,37,4,1,0,40,5,1,0,42,5,0,0,45,5,1,0,52,5,0,0,53,5,1,0,54,5,0,0,55,5,1,0
0,16,11409358848,20,4,1,0,21,4,0,0,22,4,1,0,31,5,1,0,33,5,0,0,34,5,1,0,35,5,0,0,37,4,0,0,38,4,1,0,41,5,1,0,43,5,0,0,46,5,1,0,53,5,0,0,54,5,1,0,55,5,0,0,56,5,1,0
0,16,11474894848,21,4,1,0,22,4,0,0,23,4,1,0,32,5,1,0,34,5,0,0,35,5,1,0,36,5,0,0,38,4,0,0,39,4,1,0,42,5,1,0,44,5,0,0,47,5,1,0,54,5,0,0,55,5,1,0,56,5,0,0,57,5,1,0
0,16,11540430848,22,4,1,0,23,4,0,0,24,4,1,0,33,5,1,0,35,5,0,0,36,5,1,0,37,5,0,0,39,4,0,0,40,4,1,0,43,5,1,0,45,5,0,0,48,5,1,0,55,5,0,0,56,5,1,0,57,5,0,0,58,5,1,0
0,16,11605966848,23,4,1,0,24,4,0,0,25,4,1,0,34,5,1,0,36,5,0,0,37,5,1,0,38,5,0,0,40,4,0,0,41,4,1,0,44,5,1,0,46,5,0,0,49,5,1,0,56,5,0,0,57,5,1,0,58,5,0,0,59,5,1,0
0,16,11671502848,24,4,1,0,25,4,0,0,26,4,1,0,35,5,1,0,37,5,0,0,38,5,1,0,39,5,0,0,41,4,0,0,42,4,1,0,45,5,1,0,47,5,0,0,50,5,1,0,57,5,0,0,58,5,1,0,59,5,0,0,60,5,1,0
0,16,11737038848,25,4,1,0,26,4,0,0,27,4,1,0,36,5,1,0,38,5,0,0,39,5,1,0,40,5,0,0,42,4,0,0,43,4,1,0,46,5,1,0,48,5,0,0,51,5,1,0,58,5,0,0,59,5,1,0,60,5,0,0,61,5,1,0
0,16,11802574848,26,4,1,0,27,4,0,0,28,4,1,0,37,5,1,0,39,5,0,0,40,5,1,0,41,5,0,0,43,4,0,0,44,4,1,0,47,5,1,0,49,5,0,0,52,5,1,0,59,5,0,0,60,5,1,0,61,5,0,0,62,5,1,0
0,16,11868110848,27,4,1,0,28,4,0,0,29,4,1,0,38,5,1,0,40,5,0,0,41,5,1,0,42,5,0,0,44,4,0,0,45,4,1,0,48,5,1,0,50,5,0,0,53,5,1,0,60,5,0,0,61,5,1,0,62,5,0,0,63,5,1,0
0,16,11933646848,28,4,1,0,29,4,0,0,30,4,1,0,39,5,1,0,41,5,0,0,42,5,1,0,43,5,0,0,45,4,0,0,46,4,1,0,49,5,1,0,51,5,0,0,54,5,1,0,61,5,0,0,62,5,1,0,63,5,0,0,64,5,1,0
0,16,11999182848,29,4,1,0,30,4,0,0,31,4,1,0,40,5,1,0,42,5,0,0,43,5,1,0,44,5,0,0,46,4,0,0,47,4,1,0,50,5,1,0,52,5,0,0,55,5,1,0,62,5,0,0,63,5,1,0,64,5,0,0,65,5,1,0
0,16,12064718848,30,4,1,0,31,4,0,0,32,4,1,0,41,5,1,0,43,5,0,0,44,5,1,0,45,5,0,0,47,4,0,0,48,4,1,0,51,5,1,0,53,5,0,0,56,5,1,0,63,5,0,0,64,5,1,0,65,5,0,0,66,5,1,0
0,16,12130254848,31,4,1,0,32,4,0,0,33,4,1,0,42,5,1,0,44,5,0,0,45,5,1,0,46,5,0,0,48,4,0,0,49,4,1,0,52,5,1,0,54,5,0,0,57,5,1,0,64,5,0,0,65,5,1,0,66,5,0,0,67,5,1,0
0,16,12195790848,32,4,1,0,33,4,0,0,34,4,1,0,43,5,1,0,45,5,0,0,46,5,1,0,47,5,0,0,49,4,0,0,50,4,1,0,53,5,1,0,55,5,0,0,58,5,1,0,65,5,0,0,66,5,1,0,67,5,0,0,68,5,1,0
0,16,12261326848,33,4,1,0,34,4,0,0,35,4,1,0,44,5,1,0,46,5,0,0,47,5,1,0,48,5,0,0,50,4,0,0,51,4,1,0,54,5,1,0,56,5,0,0,59,5,1,0,66,5,0,0,67,5,1,0,68,5,0,0,69,5,1,0
0,16,12326862848,34,4,1,0,35,4,0,0,36,4,1,0,45,5,1,0,47,5,0,0,48,5,1,0,49,5,0,0,51,4,0,0,52,4,1,0,55,5,1,0,57,5,0,0,60,5,1,0,67,5,0,0,68,5,1,0,69,5,0,0,70,5,1,0
0,16,12392398848,35,4,1,0,36,4,0,0,37,4,1,0,46,5,1,0,48,5,0,0,49,5,1,0,50,5,0,0,52,4,0,0,53,4,1,0,56,5,1,0,58,5,0,0,61,5,1,0,68,5,0,0,69,5,1,0,70,5,0,0,71,5,1,0
0,16,12457934848,36,4,1,0,37,4,0,0,38,4,1,0,47,5,1,0,49,5,0,0,50,5,1,0,51,5,0,0,53,4,0,0,54,4,1,0,57,5,1,0,59,5,0,0,62,5,1,0,69,5,0,0,70,5,1,0,71,5,0,0,72,5,1,0
0,16,12523470848,37,4,1,0,38,4,0,0,39,4,1,0,48,5,1,0,50,5,0,0,51,5,1,0,52,5,0,0,54,4,0,0,55,4,1,0,58,5,1,0,60,5,0,0,63,5,1,0,70,5,0,0,71,5,1,0,72,5,0,0,73,5,1,0
0,16,12589006848,38,4,1,0,39,4,0,0,40,4,1,0,49,5,1,0,51,5,0,0,52,5,1,0,53,5,0,0,55,4,0,0,56,4,1,0,59,5,1,0,61,5,0,0,64,5,1,0,71,5,0,0,72,5,1,0,73,5,0,0,74,5,1,0
0,16,12654542848,39,4,1,0,40,4,0,0,41,4,1,0,50,5,1,0,52,5,0,0,53,5,1,0,54,5,0,0,56,4,0,0,57,4,1,0,60,5,1,0,62,5,0,0,65,5,1,0,72,5,0,0,73,5,1,0,74,5,0,0,75,5,1,0
0,16,12720078848,40,4,1,0,41,4,0,0,42,4,1,0,51,5,1,0,53,5,0,0,54,5,1,0,55,5,0,0,57,4,0,0,58,4,1,0,61,5,1,0,63,5,0,0,66,5,1,0,73,5,0,0,74,5,1,0,75,5,0,0,76,5,1,0
0,16,12785614848,41,4,1,0,42,4,0,0,43,4,1,0,52,5,1,0,54,5,0,0,55,5,1,0,56,5,0,0,58,4,0,0,59,4,1,0,62,5,1,0,64,5,0,0,67,5,1,0,74,5,0,0,75,5,1,0,76,5,0,0,77,5,1,0
0,16,12851150848,42,4,1,0,43,4,0,0,44,4,1,0,53,5,1,0,55,5,0,0,56,5,1,0,57,5,0,0,59,4,0,0,60,4,1,0,63,5,1,0,65,5,0,0,68,5,1,0,75,5,0,0,76,5,1,0,77,5,0,0,78,5,1,0
0,16,12916686848,43,4,1,0,44,4,0,0,45,4,1,0,54,5,1,0,56,5,0,0,57,5,1,0,58,5,0,0,60,4,0,0,61,4,1,0,64,5,1,0,66,5,0,0,69,5,1,0,76,5,0,0,77,5,1,0,78,5,0,0,79,5,1,0
0,16,12982222848,44,4,1,0,45,4,0,0,46,4,1,0,55,5,1,0,57,5,0,0,58,5,1,0,59,5,0,0,61,4,0,0,62,4,1,0,65,5,1,0,67,5,0,0,70,5,1,0,77,5,0,0,78,5,1,0,79,5,0,0,80,5,1,0
0,16,13047758848,45,4,1,0,46,4,0,0,47,4,1,0,56,5,1,0,58,5,0,0,59,5,1,0,60,5,0,0,62,4,0,0,63,4,1,0,66,5,1,0,68,5,0,0,71,5,1,0,78,5,0,0,79,5,1,0,80,5,0,0,81,5,1,0
0,16,13113294848,46,4,1,0,47,4,0,0,48,4,1,0,57,5,1,0,59,5,0,0,60,5,1,0,61,5,0,0,63,4,0,0,64,4,1,0,67,5,1,0,69,5,0,0,72,5,1,0,79,5,0,0,80,5,1,0,81,5,0,0,82,5,1,0
0,16,13178830848,47,4,1,0,48,4,0,0,49,4,1,0,58,5,1,0,60,5,0,0,61,5,1,0,62,5,0,0,64,4,0,0,65,4,1,0,68,5,1,0,70,5,0,0,73,5,1,0,80,5,0,0,81,5,1,0,82,5,0,0,83,5,1,0
0,16,13244366848,48,4,1,0,49,4,0,0,50,4,1,0,59,5,1,0,61,5,0,0,62,5,1,0,63,5,0,0,65,4,0,0,66,4,1,0,69,5,1,0,71,5,0,0,74,5,1,0,81,5,0,0,82,5,1,0,83,5,0,0,84,5,1,0
0,16,13309902848,49,4,1,0,50,4,0,0,51,4,1,0,60,5,1,0,62,5,0,0,63,5,1,0,64,5,0,0,66,4,0,0,67,4,1,0,70,5,1,0,72,5,0,0,75,5,1,0,82,5,0,0,83,5,1,0,84,5,0,0,85,5,1,0
0,16,13375438848,50,4,1,0,51,4,0,0,52,4,1,0,61,5,1,0,63,5,0,0,64,5,1,0,65,5,0,0,67,4,0,0,68,4,1,0,71,5,1,0,73,5,0,0,76,5,1,0,83,5,0,0,84,5,1,0,85,5,0,0,86,5,1,0
0,16,13440974848,51,4,1,0,52,4,0,0,53,4,1,0,62,5,1,0,64,5,0,0,65,5,1,0,66,5,0,0,68,4,0,0,69,4,1,0,72,5,1,0,74,5,0,0,77,5,1,0,84,5,0,0,85,5,1,0,86,5,0,0,87,5,1,0
0,16,13506510848,52,4,1,0,53,4,0,0,54,4,1,0,63,5,1,0,65,5,0,0,66,5,1,0,67,5,0,0,69,4,0,0,70,4,1,0,73,5,1,0,75,5,0,0,78,5,1,0,85,5,0,0,86,5,1,0,87,5,0,0,88,5,1,0
0,16,13572046848,53,4,1,0,54,4,0,0,55,4,1,0,64,5,1,0,66,5,0,0,67,5,1,0,68,5,0,0,70,4,0,0,71,4,1,0,74,5,1,0,76,5,0,0,79,5,1,0,86,5,0,0,87,5,1,0,88,5,0,0,89,5,1,0
0,16,13637582848,54,4,1,0,55,4,0,0,56,4,1,0,65,5,1,0,67,5,0,0,68,5,1,0,69,5,0,0,71,4,0,0,72,4,1,0,75,5,1,0,77,5,0,0,80,5,1,0,87,5,0,0,88,5,1,0,89,5,0,0,90,5,1,0
0,16,13703118848,55,4,1,0,56,4,0,0,57,4,1,0,66,5,1,0,68,5,0,0,69,5,1,0,70,5,0,0,72,4,0,0,73,4,1,0,76,5,1,0,78,5,0,0,81,5,1,0,88,5,0,0,89,5,1,0,90,5,0,0,91,5,1,0
0,16,13768654848,56,4,1,0,57,4,0,0,58,4,1,0,67,5,1,0,69,5,0,0,70,5,1,0,71,5,0,0,73,4,0,0,74,4,1,0,77,5,1,0,79,5,0,0,82,5,1,0,89,5,0,0,90,5,1,0,91,5,0,0,92,5,1,0
0,16,13834190848,57,4,1,0,58,4,0,0,59,4,1,0,68,5,1,0,70,5,0,0,71,5,1,0,72,5,0,0,74,4,0,0,75,4,1,0,78,5,1,0,80,5,0,0,83,5,1,0,90,5,0,0,91,5,1,0,92,5,0,0,93,5,1,0
0,16,13899726848,58,4,1,0,59,4,0,0,60,4,1,0,69,5,1,0,71,5,0,0,72,5,1,0,73,5,0,0,75,4,0,0,76,4,1,0,79,5,1,0,81,5,0,0,84,5,1,0,91,5,0,0,92,5,1,0,93,5,0,0,94,5,1,0
0,16,13965262848,59,4,1,0,60,4,0,0,61,4,1,0,70,5,1,0,72,5,0,0,73,5,1,0,74,5,0,0,76,4,0,0,77,4,1,0,80,5,1,0,82,5,0,0,85,5,1,0,92,5,0,0,93,5,1,0,94,5,0,0,95,5,1,0
0,16,14030798848,60,4,1,0,61,4,0,0,62,4,1,0,71,5,1,0,73,5,0,0,74,5,1,0,75,5,0,0,77,4,0,0,78,4,1,0,81,5,1,0,83,5,0,0,86,5,1,0,93,5,0,0,94,5,1,0,95,5,0,0,96,5,1,0
0,16,14096334848,61,4,1,0,62,4,0,0,63,4,1,0,72,5,1,0,74,5,0,0,75,5,1,0,76,5,0,0,78,4,0,0,79,4,1,0,82,5,1,0,84,5,0,0,87,5,1,0,94,5,0,0,95,5,1,0,96,5,0,0,97,5,1,0
0,16,14161870848,62,4,1,0,63,4,0,0,64,4,1,0,73,5,1,0,75,5,0,0,76,5,1,0,77,5,0,0,79,4,0,0,80,4,1,0,83,5,1,0,85,5,0,0,88,5,1,0,95,5,0,0,96,5,1,0,97,5,0,0,98,5,1,0
0,16,14227406848,63,4,1,0,64,4,0,0,65,4,1,0,74,5,1,0,76,5,0,0,77,5,1,0,78,5,0,0,80,4,0,0,81,4,1,0,84,5,1,0,86,5,0,0,89,5,1,0,96,5,0,0,97,5,1,0,98,5,0,0,99,5,1,0
0,16,14292942848,64,4,1,0,65,4,0,0,66,4,1,0,75,5,1,0,77,5,0,0,78,5,1,0,79,5,0,0,81,4,0,0,82,4,1,0,85,5,1,0,87,5,0,0,90,5,1,0,97,5,0,0,98,5,1,0,99,5,0,0,100,5,1,0
0,16,14358478848,65,4,1,0,66,4,0,0,67,4,1,0,76,5,1,0,78,5,0,0,79,5,1,0,80,5,0,0,82,4,0,0,83,4,1,0,86,5,1,0,88,5,0,0,91,5,1,0,98,5,0,0,99,5,1,0,100,5,0,0,101,5,1,0
0,16,14424014848,66,4,1,0,67,4,0,0,68,4,1,0,77,5,1,0,79,5,0,0,80,5,1,0,81,5,0,0,83,4,0,0,84,4,1,0,87,5,1,0,89,5,0,0,92,5,1,0,99,5,0,0,100,5,1,0,101,5,0,0,102,5,1,0
0,16,14489550848,67,4,1,0,68,4,0,0,69,4,1,0,78,5,1,0,80,5,0,0,81,5,1,0,82,5,0,0,84,4,0,0,85,4,1,0,88,5,1,0,90,5,0,0,93,5,1,0,100,5,0,0,101,5,1,0,102,5,0,0,103,5,1,0
0,16,14555086848,0,4,0,0,68,4,1,0,69,4,0,0,70,4,1,0,79,5,1,0,81,5,0,0,82,5,1,0,83,5,0,0,85,4,0,0,86,4,1,0,89,5,1,0,91,5,0,0,94,5,1,0,101,5,0,0,102,5,1,0,103,5,0,0
0,16,14620622848,0,4,1,0,1,4,0,0,69,4,1,0,70,4,0,0,71,4,1,0,80,5,1,0,82,5,0,0,83,5,1,0,84,5,0,0,86,4,0,0,87,4,1,0,90,5,1,0,92,5,0,0,95,5,1,0,102,5,0,0,103,5,1,0
0,16,14686158848,1,4,1,0,2,4,0,0,70,4,1,0,71,4,0,0,72,4,1,0,81,5,1,0,83,5,0,0,84,5,1,0,85,5,0,0,87,4,0,0,88,4,1,0,91,5,1,0,93,5,0,0,96,5,1,0,103,5,0,0,104,5,1,0
0,16,14751694848,2,4,1,0,3,4,0,0,71,4,1,0,72,4,0,0,73,4,1,0,82,5,1,0,84,5,0,0,85,5,1,0,86,5,0,0,88,4,0,0,89,4,1,0,92,5,1,0,94,5,0,0,97,5,1,0,104,5,0,0,105,5,1,0
0,16,14817230848,3,4,1,0,4,4,0,0,72,4,1,0,73,4,0,0,74,4,1,0,83,5,1,0,85,5,0,0,86,5,1,0,87,5,0,0,89,4,0,0,90,4,1,0,93,5,1,0,95,5,0,0,98,5,1,0,105,5,0,0,106,5,1,0
0,16,14882766848,4,4,1,0,5,4,0,0,73,4,1,0,74,4,0,0,75,4,1,0,84,5,1,0,86,5,0,0,87,5,1,0,88,5,0,0,90,4,0,0,91,4,1,0,94,5,1,0,96,5,0,0,99,5,1,0,106,5,0,0,107,5,1,0
0,16,14948302848,5,4,1,0,6,4,0,0,74,4,1,0,75,4,0,0,76,4,1,0,85,5,1,0,87,5,0,0,88,5,1,0,89,5,0,0,91,4,0,0,92,4,1,0,95,5,1,0,97,5,0,0,100,5,1,0,107,5,0,0,108,5,1,0
0,16,15013838848,6,4,1,0,7,4,0,0,75,4,1,0,76,4,0,0,77,4,1,0,86,5,1,0,88,5,0,0,89,5,1,0,90,5,0,0,92,4,0,0,93,4,1,0,96,5,1,0,98,5,0,0,101,5,1,0,108,5,0,0,109,5,1,0
0,16,15538126848,1,5,1,0,2,5,0,0,14,4,1,0,15,4,0,0,83,4,1,0,84,4,0,0,85,4,1,0,94,5,1,0,96,5,0,0,97,5,1,0,98,5,0,0,100,4,0,0,101,4,1,0,104,5,1,0,106,5,0,0,109,5,1,0
0,16,15603662848,0,5,0,0,2,5,1,0,3,5,0,0,15,4,1,0,16,4,0,0,84,4,1,0,85,4,0,0,86,4,1,0,95,5,1,0,97,5,0,0,98,5,1,0,99,5,0,0,101,4,0,0,102,4,1,0,105,5,1,0,107,5,0,0
0,16,15669198848,0,5,1,0,1,5,0,0,3,5,1,0,4,5,0,0,16,4,1,0,17,4,0,0,85,4,1,0,86,4,0,0,87,4,1,0,96,5,1,0,98,5,0,0,99,5,1,0,100,5,0,0,102,4,0,0,103,4,1,0,106,5,1,0
0,16,15734734848,1,5,1,0,2,5,0,0,4,5,1,0,5,5,0,0,17,4,1,0,18,4,0,0,86,4,1,0,87,4,0,0,88,4,1,0,97,5,1,0,99,5,0,0,100,5,1,0,101,5,0,0,103,4,0,0,104,4,1,0,107,5,1,0
0,16,16062414848,3,5,1,0,4,5,0,0,6,5,1,0,7,5,0,0,9,5,1,0,10,5,0,0,22,4,1,0,23,4,0,0,91,4,1,0,92,4,0,0,93,4,1,0,102,5,1,0,104,5,0,0,105,5,1,0,106,5,0,0,108,4,0,0
0,16,16127950848,4,5,1,0,5,5,0,0,7,5,1,0,8,5,0,0,10,5,1,0,11,5,0,0,23,4,1,0,24,4,0,0,92,4,1,0,93,4,0,0,94,4,1,0,103,5,1,0,105,5,0,0,106,5,1,0,107,5,0,0,109,4,0,0
0,16,16193486848,5,5,1,0,6,5,0,0,8,5,1,0,9,5,0,0,11,5,1,0,12,5,0,0,24,4,1,0,25,4,0,0,93,4,1,0,94,4,0,0,95,4,1,0,104,5,1,0,106,5,0,0,107,5,1,0,108,5,0,0,110,4,0,0
0,16,16259022848,6,5,1,0,7,5,0,0,9,5,1,0,10,5,0,0,12,5,1,0,13,5,0,0,25,4,1,0,26,4,0,0,94,4,1,0,95,4,0,0,96,4,1,0,105,5,1,0,107,5,0,0,108,5,1,0,109,5,0,0,111,4,0,0
0,16,16324558848,7,5,1,0,8,5,0,0,10,5,1,0,11,5,0,0,13,5,1,0,14,5,0,0,26,4,1,0,27,4,0,0,95,4,1,0,96,4,0,0,97,4,1,0,106,5,1,0,108,5,0,0,109,5,1,0,110,5,0,0,112,4,0,0
0,16,16390094848,8,5,1,0,9,5,0,0,11,5,1,0,12,5,0,0,14,5,1,0,15,5,0,0,27,4,1,0,28,4,0,0,96,4,1,0,97,4,0,0,98,4,1,0,107,5,1,0,109,5,0,0,110,5,1,0,111,5,0,0,113,4,0,0
0,16,16455630848,9,5,1,0,10,5,0,0,12,5,1,0,13,5,0,0,15,5,1,0,16,5,0,0,28,4,1,0,29,4,0,0,97,4,1,0,98,4,0,0,99,4,1,0,108,5,1,0,110,5,0,0,111,5,1,0,112,5,0,0,114,4,0,0
0,16,16521166848,10,5,1,0,11,5,0,0,13,5,1,0,14,5,0,0,16,5,1,0,17,5,0,0,29,4,1,0,30,4,0,0,98,4,1,0,99,4,0,0,100,4,1,0,109,5,1,0,111,5,0,0,112,5,1,0,113,5,0,0,115,4,0,0
0,16,16586702848,11,5,1,0,12,5,0,0,14,5,1,0,15,5,0,0,17,5,1,0,18,5,0,0,30,4,1,0,31,4,0,0,99,4,1,0,100,4,0,0,101,4,1,0,110,5,1,0,112,5,0,0,113,5,1,0,114,5,0,0,116,4,0,0
0,16,16652238848,12,5,1,0,13,5,0,0,15,5,1,0,16,5,0,0,18,5,1,0,19,5,0,0,31,4,1,0,32,4,0,0,100,4,1,0,101,4,0,0,102,4,1,0,111,5,1,0,113,5,0,0,114,5,1,0,115,5,0,0,117,4,0,0
0,16,16717774848,13,5,1,0,14,5,0,0,16,5,1,0,17,5,0,0,19,5,1,0,20,5,0,0,32,4,1,0,33,4,0,0,101,4,1,0,102,4,0,0,103,4,1,0,112,5,1,0,114,5,0,0,115,5,1,0,116,5,0,0,118,4,0,0
0,16,16783310848,14,5,1,0,15,5,0,0,17,5,1,0,18,5,0,0,20,5,1,0,21,5,0,0,33,4,1,0,34,4,0,0,102,4,1,0,103,4,0,0,104,4,1,0,113,5,1,0,115,5,0,0,116,5,1,0,117,5,0,0,119,4,0,0
0,16,16848846848,15,5,1,0,16,5,0,0,18,5,1,0,19,5,0,0,21,5,1,0,22,5,0,0,34,4,1,0,35,4,0,0,103,4,1,0,104,4,0,0,105,4,1,0,114,5,1,0,116,5,0,0,117,5,1,0,118,5,0,0,120,4,0,0
0,16,16914382848,16,5,1,0,17,5,0,0,19,5,1,0,20,5,0,0,22,5,1,0,23,5,0,0,35,4,1,0,36,4,0,0,104,4,1,0,105,4,0,0,106,4,1,0,115,5,1,0,117,5,0,0,118,5,1,0,119,5,0,0,121,4,0,0
0,16,16979918848,17,5,1,0,18,5,0,0,20,5,1,0,21,5,0,0,23,5,1,0,24,5,0,0,36,4,1,0,37,4,0,0,105,4,1,0,106,4,0,0,107,4,1,0,116,5,1,0,118,5,0,0,119,5,1,0,120,5,0,0,122,4,0,0
0,16,17045454848,18,5,1,0,19,5,0,0,21,5,1,0,22,5,0,0,24,5,1,0,25,5,0,0,37,4,1,0,38,4,0,0,106,4,1,0,107,4,0,0,108,4,1,0,117,5,1,0,119,5,0,0,120,5,1,0,121,5,0,0,123,4,0,0
0,16,17110990848,19,5,1,0,20,5,0,0,22,5,1,0,23,5,0,0,25,5,1,0,26,5,0,0,38,4,1,0,39,4,0,0,107,4,1,0,108,4,0,0,109,4,1,0,118,5,1,0,120,5,0,0,121,5,1,0,122,5,0,0,124,4,0,0
0,16,17176526848,20,5,1,0,21,5,0,0,23,5,1,0,24,5,0,0,26,5,1,0,27,5,0,0,39,4,1,0,40,4,0,0,108,4,1,0,109,4,0,0,110,4,1,0,119,5,1,0,121,5,0,0,122,5,1,0,123,5,0,0,125,4,0,0
0,16,17242062848,21,5,1,0,22,5,0,0,24,5,1,0,25,5,0,0,27,5,1,0,28,5,0,0,40,4,1,0,41,4,0,0,109,4,1,0,110,4,0,0,111,4,1,0,120,5,1,0,122,5,0,0,123,5,1,0,124,5,0,0,126,4,0,0
0,16,17307598848,22,5,1,0,23,5,0,0,25,5,1,0,26,5,0,0,28,5,1,0,29,5,0,0,41,4,1,0,42,4,0,0,110,4,1,0,111,4,0,0,112,4,1,0,121,5,1,0,123,5,0,0,124,5,1,0,125,5,0,0,127,4,0,0
0,16,17373134848,23,5,1,0,24,5,0,0,26,5,1,0,27,5,0,0,29,5,1,0,30,5,0,0,42,4,1,0,43,4,0,0,111,4,1,0,112,4,0,0,113,4,1,0,122,5,1,0,124,5,0,0,125,5,1,0,126,5,0,0,128,4,0,0
0,16,17438670848,24,5,1,0,25,5,0,0,27,5,1,0,28,5,0,0,30,5,1,0,31,5,0,0,43,4,1,0,44,4,0,0,112,4,1,0,113,4,0,0,114,4,1,0,123,5,1,0,125,5,0,0,126,5,1,0,127,5,0,0,129,4,0,0
0,16,17504206848,25,5,1,0,26,5,0,0,28,5,1,0,29,5,0,0,31,5,1,0,32,5,0,0,44,4,1,0,45,4,0,0,113,4,1,0,114,4,0,0,115,4,1,0,124,5,1,0,126,5,0,0,127,5,1,0,128,5,0,0,130,4,0,0
0,16,17569742848,26,5,1,0,27,5,0,0,29,5,1,0,30,5,0,0,32,5,1,0,33,5,0,0,45,4,1,0,46,4,0,0,114,4,1,0,115,4,0,0,116,4,1,0,125,5,1,0,127,5,0,0,128,5,1,0,129,5,0,0,131,4,0,0
0,16,17635278848,27,5,1,0,28,5,0,0,30,5,1,0,31,5,0,0,33,5,1,0,34,5,0,0,46,4,1,0,47,4,0,0,115,4,1,0,116,4,0,0,117,4,1,0,126,5,1,0,128,5,0,0,129,5,1,0,130,5,0,0,132,4,0,0
0,16,17700814848,28,5,1,0,29,5,0,0,31,5,1,0,32,5,0,0,34,5,1,0,35,5,0,0,47,4,1,0,48,4,0,0,116,4,1,0,117,4,0,0,118,4,1,0,127,5,1,0,129,5,0,0,130,5,1,0,131,5,0,0,133,4,0,0
0,16,17766350848,29,5,1,0,30,5,0,0,32,5,1,0,33,5,0,0,35,5,1,0,36,5,0,0,48,4,1,0,49,4,0,0,117,4,1,0,118,4,0,0,119,4,1,0,128,5,1,0,130,5,0,0,131,5,1,0,132,5,0,0,134,4,0,0
0,16,17831886848,30,5,1,0,31,5,0,0,33,5,1,0,34,5,0,0,36,5,1,0,37,5,0,0,49,4,1,0,50,4,0,0,118,4,1,0,119,4,0,0,120,4,1,0,129,5,1,0,131,5,0,0,132,5,1,0,133,5,0,0,135,4,0,0
0,16,17897422848,31,5,1,0,32,5,0,0,34,5,1,0,35,5,0,0,37,5,1,0,38,5,0,0,50,4,1,0,51,4,0,0,119,4,1,0,120,4,0,0,121,4,1,0,130,5,1,0,132,5,0,0,133,5,1,0,134,5,0,0,136,4,0,0
0,16,17962958848,32,5,1,0,33,5,0,0,35,5,1,0,36,5,0,0,38,5,1,0,39,5,0,0,51,4,1,0,52,4,0,0,120,4,1,0,121,4,0,0,122,4,1,0,131,5,1,0,133,5,0,0,134,5,1,0,135,5,0,0,137,4,0,0
0,16,18028494848,33,5,1,0,34,5,0,0,36,5,1,0,37,5,0,0,39,5,1,0,40,5,0,0,52,4,1,0,53,4,0,0,121,4,1,0,122,4,0,0,123,4,1,0,132,5,1,0,134,5,0,0,135,5,1,0,136,5,0,0,138,4,0,0
0,16,18094030848,34,5,1,0,35,5,0,0,37,5,1,0,38,5,0,0,40,5,1,0,41,5,0,0,53,4,1,0,54,4,0,0,122,4,1,0,123,4,0,0,124,4,1,0,133,5,1,0,135,5,0,0,136,5,1,0,137,5,0,0,139,4,0,0
0,16,18159566848,35,5,1,0,36,5,0,0,38,5,1,0,39,5,0,0,41,5,1,0,42,5,0,0,54,4,1,0,55,4,0,0,123,4,1,0,124,4,0,0,125,4,1,0,134,5,1,0,136,5,0,0,137,5,1,0,138,5,0,0,140,4,0,0
0,16,18225102848,36,5,1,0,37,5,0,0,39,5,1,0,40,5,0,0,42,5,1,0,43,5,0,0,55,4,1,0,56,4,0,0,124,4,1,0,125,4,0,0,126,4,1,0,135,5,1,0,137,5,0,0,138,5,1,0,139,5,0,0,141,4,0,0
0,16,18290638848,37,5,1,0,38,5,0,0,40,5,1,0,41,5,0,0,43,5,1,0,44,5,0,0,56,4,1,0,57,4,0,0,125,4,1,0,126,4,0,0,127,4,1,0,136,5,1,0,138,5,0,0,139,5,1,0,140,5,0,0,142,4,0,0
0,16,18356174848,38,5,1,0,39,5,0,0,41,5,1,0,42,5,0,0,44,5,1,0,45,5,0,0,57,4,1,0,58,4,0,0,126,4,1,0,127,4,0,0,128,4,1,0,137,5,1,0,139,5,0,0,140,5,1,0,141,5,0,0,143,4,0,0
0,16,18421710848,39,5,1,0,40,5,0,0,42,5,1,0,43,5,0,0,45,5,1,0,46,5,0,0,58,4,1,0,59,4,0,0,127,4,1,0,128,4,0,0,129,4,1,0,138,5,1,0,140,5,0,0,141,5,1,0,142,5,0,0,144,4,0,0
0,16,18487246848,40,5,1,0,41,5,0,0,43,5,1,0,44,5,0,0,46,5,1,0,47,5,0,0,59,4,1,0,60,4,0,0,128,4,1,0,129,4,0,0,130,4,1,0,139,5,1,0,141,5,0,0,142,5,1,0,143,5,0,0,145,4,0,0
0,16,18552782848,41,5,1,0,42,5,0,0,44,5,1,0,45,5,0,0,47,5,1,0,48,5,0,0,60,4,1,0,61,4,0,0,129,4,1,0,130,4,0,0,131,4,1,0,140,5,1,0,142,5,0,0,143,5,1,0,144,5,0,0,146,4,0,0
0,16,18618318848,42,5,1,0,43,5,0,0,45,5,1,0,46,5,0,0,48,5,1,0,49,5,0,0,61,4,1,0,62,4,0,0,130,4,1,0,131,4,0,0,132,4,1,0,141,5,1,0,143,5,0,0,144,5,1,0,145,5,0,0,147,4,0,0
0,16,18683854848,43,5,1,0,44,5,0,0,46,5,1,0,47,5,0,0,49,5,1,0,50,5,0,0,62,4,1,0,63,4,0,0,131,4,1,0,132,4,0,0,133,4,1,0,142,5,1,0,144,5,0,0,145,5,1,0,146,5,0,0,148,4,0,0
0,16,18749390848,44,5,1,0,45,5,0,0,47,5,1,0,48,5,0,0,50,5,1,0,51,5,0,0,63,4,1,0,64,4,0,0,132,4,1,0,133,4,0,0,134,4,1,0,143,5,1,0,145,5,0,0,146,5,1,0,147,5,0,0,149,4,0,0
0,16,18814926848,45,5,1,0,46,5,0,0,48,5,1,0,49,5,0,0,51,5,1,0,52,5,0,0,64,4,1,0,65,4,0,0,133,4,1,0,134,4,0,0,135,4,1,0,144,5,1,0,146,5,0,0,147,5,1,0,148,5,0,0,150,4,0,0
0,16,18880462848,46,5,1,0,47,5,0,0,49,5,1,0,50,5,0,0,52,5,1,0,53,5,0,0,65,4,1,0,66,4,0,0,134,4,1,0,135,4,0,0,136,4,1,0,145,5,1,0,147,5,0,0,148,5,1,0,149,5,0,0,151,4,0,0
0,16,18945998848,47,5,1,0,48,5,0,0,50,5,1,0,51,5,0,0,53,5,1,0,54,5,0,0,66,4,1,0,67,4,0,0,135,4,1,0,136,4,0,0,137,4,1,0,146,5,1,0,148,5,0,0,149,5,1,0,150,5,0,0,152,4,0,0
0,16,19011534848,48,5,1,0,49,5,0,0,51,5,1,0,52,5,0,0,54,5,1,0,55,5,0,0,67,4,1,0,68,4,0,0,136,4,1,0,137,4,0,0,138,4,1,0,147,5,1,0,149,5,0,0,150,5,1,0,151,5,0,0,153,4,0,0
0,16,19077070848,49,5,1,0,50,5,0,0,52,5,1,0,53,5,0,0,55,5,1,0,56,5,0,0,68,4,1,0,69,4,0,0,137,4,1,0,138,4,0,0,139,4,1,0,148,5,1,0,150,5,0,0,151,5,1,0,152,5,0,0,154,4,0,0
0,16,19142606848,50,5,1,0,51,5,0,0,53,5,1,0,54,5,0,0,56,5,1,0,57,5,0,0,69,4,1,0,70,4,0,0,138,4,1,0,139,4,0,0,140,4,1,0,149,5,1,0,151,5,0,0,152,5,1,0,153,5,0,0,155,4,0,0
0,16,19208142848,51,5,1,0,52,5,0,0,54,5,1,0,55,5,0,0,57,5,1,0,58,5,0,0,70,4,1,0,71,4,0,0,139,4,1,0,140,4,0,0,141,4,1,0,150,5,1,0,152,5,0,0,153,5,1,0,154,5,0,0,156,4,0,0
0,16,19273678848,52,5,1,0,53,5,0,0,55,5,1,0,56,5,0,0,58,5,1,0,59,5,0,0,71,4,1,0,72,4,0,0,140,4,1,0,141,4,0,0,142,4,1,0,151,5,1,0,153,5,0,0,154,5,1,0,155,5,0,0,157,4,0,0
0,16,19339214848,53,5,1,0,54,5,0,0,56,5,1,0,57,5,0,0,59,5,1,0,60,5,0,0,72,4,1,0,73,4,0,0,141,4,1,0,142,4,0,0,143,4,1,0,152,5,1,0,154,5,0,0,155,5,1,0,156,5,0,0,158,4,0,0
0,16,19404750848,54,5,1,0,55,5,0,0,57,5,1,0,58,5,0,0,60,5,1,0,61,5,0,0,73,4,1,0,74,4,0,0,142,4,1,0,143,4,0,0,144,4,1,0,153,5,1,0,155,5,0,0,156,5,1,0,157,5,0,0,159,4,0,0
0,16,19470286848,55,5,1,0,56,5,0,0,58,5,1,0,59,5,0,0,61,5,1,0,62,5,0,0,74,4,1,0,75,4,0,0,143,4,1,0,144,4,0,0,145,4,1,0,154,5,1,0,156,5,0,0,157,5,1,0,158,5,0,0,160,4,0,0
0,16,19535822848,56,5,1,0,57,5,0,0,59,5,1,0,60,5,0,0,62,5,1,0,63,5,0,0,75,4,1,0,76,4,0,0,144,4,1,0,145,4,0,0,146,4,1,0,155,5,1,0,157,5,0,0,158,5,1,0,159,5,0,0,161,4,0,0
0,16,19601358848,57,5,1,0,58,5,0,0,60,5,1,0,61,5,0,0,63,5,1,0,64,5,0,0,76,4,1,0,77,4,0,0,145,4,1,0,146,4,0,0,147,4,1,0,156,5,1,0,158,5,0,0,159,5,1,0,160,5,0,0,162,4,0,0
0,16,19666894848,58,5,1,0,59,5,0,0,61,5,1,0,62,5,0,0,64,5,1,0,65,5,0,0,77,4,1,0,78,4,0,0,146,4,1,0,147,4,0,0,148,4,1,0,157,5,1,0,159,5,0,0,160,5,1,0,161,5,0,0,163,4,0,0
0,16,19797966848,60,5,1,0,61,5,0,0,63,5,1,0,64,5,0,0,66,5,1,0,67,5,0,0,79,4,1,0,80,4,0,0,148,4,1,0,149,4,0,0,150,4,1,0,159,5,1,0,161,5,0,0,162,5,1,0,163,5,0,0,165,4,0,0
0,16,19863502848,61,5,1,0,62,5,0,0,64,5,1,0,65,5,0,0,67,5,1,0,68,5,0,0,80,4,1,0,81,4,0,0,149,4,1,0,150,4,0,0,151,4,1,0,160,5,1,0,162,5,0,0,163,5,1,0,164,5,0,0,166,4,0,0
0,16,19929038848,62,5,1,0,63,5,0,0,65,5,1,0,66,5,0,0,68,5,1,0,69,5,0,0,81,4,1,0,82,4,0,0,150,4,1,0,151,4,0,0,152,4,1,0,161,5,1,0,163,5,0,0,164,5,1,0,165,5,0,0,167,4,0,0
0,16,19994574848,63,5,1,0,64,5,0,0,66,5,1,0,67,5,0,0,69,5,1,0,70,5,0,0,82,4,1,0,83,4,0,0,151,4,1,0,152,4,0,0,153,4,1,0,162,5,1,0,164,5,0,0,165,5,1,0,166,5,0,0,168,4,0,0
0,16,20060110848,64,5,1,0,65,5,0,0,67,5,1,0,68,5,0,0,70,5,1,0,71,5,0,0,83,4,1,0,84,4,0,0,152,4,1,0,153,4,0,0,154,4,1,0,163,5,1,0,165,5,0,0,166,5,1,0,167,5,0,0,169,4,0,0
0,16,20125646848,65,5,1,0,66,5,0,0,68,5,1,0,69,5,0,0,71,5,1,0,72,5,0,0,84,4,1,0,85,4,0,0,153,4,1,0,154,4,0,0,155,4,1,0,164,5,1,0,166,5,0,0,167,5,1,0,168,5,0,0,170,4,0,0
0,16,20191182848,66,5,1,0,67,5,0,0,69,5,1,0,70,5,0,0,72,5,1,0,73,5,0,0,85,4,1,0,86,4,0,0,154,4,1,0,155,4,0,0,156,4,1,0,165,5,1,0,167,5,0,0,168,5,1,0,169,5,0,0,171,4,0,0
0,16,20256718848,67,5,1,0,68,5,0,0,70,5,1,0,71,5,0,0,73,5,1,0,74,5,0,0,86,4,1,0,87,4,0,0,155,4,1,0,156,4,0,0,157,4,1,0,166,5,1,0,168,5,0,0,169,5,1,0,170,5,0,0,172,4,0,0
0,16,20322254848,68,5,1,0,69,5,0,0,71,5,1,0,72,5,0,0,74,5,1,0,75,5,0,0,87,4,1,0,88,4,0,0,156,4,1,0,157,4,0,0,158,4,1,0,167,5,1,0,169,5,0,0,170,5,1,0,171,5,0,0,173,4,0,0
0,16,20387790848,69,5,1,0,70,5,0,0,72,5,1,0,73,5,0,0,75,5,1,0,76,5,0,0,88,4,1,0,89,4,0,0,157,4,1,0,158,4,0,0,159,4,1,0,168,5,1,0,170,5,0,0,171,5,1,0,172,5,0,0,174,4,0,0
0,16,20453326848,70,5,1,0,71,5,0,0,73,5,1,0,74,5,0,0,76,5,1,0,77,5,0,0,89,4,1,0,90,4,0,0,158,4,1,0,159,4,0,0,160,4,1,0,169,5,1,0,171,5,0,0,172,5,1,0,173,5,0,0,175,4,0,0
0,16,20518862848,71,5,1,0,72,5,0,0,74,5,1,0,75,5,0,0,77,5,1,0,78,5,0,0,90,4,1,0,91,4,0,0,159,4,1,0,160,4,0,0,161,4,1,0,170,5,1,0,172,5,0,0,173,5,1,0,174,5,0,0,176,4,0,0
0,16,20584398848,72,5,1,0,73,5,0,0,75,5,1,0,76,5,0,0,78,5,1,0,79,5,0,0,91,4,1,0,92,4,0,0,160,4,1,0,161,4,0,0,162,4,1,0,171,5,1,0,173,5,0,0,174,5,1,0,175,5,0,0,177,4,0,0
0,16,20649934848,73,5,1,0,74,5,0,0,76,5,1,0,77,5,0,0,79,5,1,0,80,5,0,0,92,4,1,0,93,4,0,0,161,4,1,0,162,4,0,0,163,4,1,0,172,5,1,0,174,5,0,0,175,5,1,0,176,5,0,0,178,4,0,0
0,16,20715470848,74,5,1,0,75,5,0,0,77,5,1,0,78,5,0,0,80,5,1,0,81,5,0,0,93,4,1,0,94,4,0,0,162,4,1,0,163,4,0,0,164,4,1,0,173,5,1,0,175,5,0,0,176,5,1,0,177,5,0,0,179,4,0,0
0,16,20781006848,75,5,1,0,76,5,0,0,78,5,1,0,79,5,0,0,81,5,1,0,82,5,0,0,94,4,1,0,95,4,0,0,163,4,1,0,164,4,0,0,165,4,1,0,174,5,1,0,176,5,0,0,177,5,1,0,178,5,0,0,180,4,0,0
0,16,20846542848,76,5,1,0,77,5,0,0,79,5,1,0,80,5,0,0,82,5,1,0,83,5,0,0,95,4,1,0,96,4,0,0,164,4,1,0,165,4,0,0,166,4,1,0,175,5,1,0,177,5,0,0,178,5,1,0,179,5,0,0,181,4,0,0
0,16,20912078848,77,5,1,0,78,5,0,0,80,5,1,0,81,5,0,0,83,5,1,0,84,5,0,0,96,4,1,0,97,4,0,0,165,4,1,0,166,4,0,0,167,4,1,0,176,5,1,0,178,5,0,0,179,5,1,0,180,5,0,0,182,4,0,0
0,16,20977614848,78,5,1,0,79,5,0,0,81,5,1,0,82,5,0,0,84,5,1,0,85,5,0,0,97,4,1,0,98,4,0,0,166,4,1,0,167,4,0,0,168,4,1,0,177,5,1,0,179,5,0,0,180,5,1,0,181,5,0,0,183,4,0,0
0,16,21043150848,79,5,1,0,80,5,0,0,82,5,1,0,83,5,0,0,85,5,1,0,86,5,0,0,98,4,1,0,99,4,0,0,167,4,1,0,168,4,0,0,169,4,1,0,178,5,1,0,180,5,0,0,181,5,1,0,182,5,0,0,184,4,0,0
0,16,21108686848,80,5,1,0,81,5,0,0,83,5,1,0,84,5,0,0,86,5,1,0,87,5,0,0,99,4,1,0,100,4,0,0,168,4,1,0,169,4,0,0,170,4,1,0,179,5,1,0,181,5,0,0,182,5,1,0,183,5,0,0,185,4,0,0
0,16,21239758848,0,5,0,0,0,4,0,0,82,5,1,0,83,5,0,0,85,5,1,0,86,5,0,0,88,5,1,0,89,5,0,0,101,4,1,0,102,4,0,0,170,4,1,0,171,4,0,0,172,4,1,0,181,5,1,0,183,5,0,0,184,5,1,0
0,16,21305294848,0,5,1,0,1,5,0,0,1,4,0,0,83,5,1,0,84,5,0,0,86,5,1,0,87,5,0,0,89,5,1,0,90,5,0,0,102,4,1,0,103,4,0,0,171,4,1,0,172,4,0,0,173,4,1,0,182,5,1,0,184,5,0,0
0,16,21370830848,1,5,1,0,2,5,0,0,2,4,0,0,84,5,1,0,85,5,0,0,87,5,1,0,88,5,0,0,90,5,1,0,91,5,0,0,103,4,1,0,104,4,0,0,172,4,1,0,173,4,0,0,174,4,1,0,183,5,1,0,185,5,0,0
0,16,21436366848,2,5,1,0,3,5,0,0,3,4,0,0,85,5,1,0,86,5,0,0,88,5,1,0,89,5,0,0,91,5,1,0,92,5,0,0,104,4,1,0,105,4,0,0,173,4,1,0,174,4,0,0,175,4,1,0,184,5,1,0,186,5,0,0
0,16,21501902848,3,5,1,0,4,5,0,0,4,4,0,0,86,5,1,0,87,5,0,0,89,5,1,0,90,5,0,0,92,5,1,0,93,5,0,0,105,4,1,0,106,4,0,0,174,4,1,0,175,4,0,0,176,4,1,0,185,5,1,0,187,5,0,0
0,16,21567438848,0,5,0,0,4,5,1,0,5,5,0,0,5,4,0,0,87,5,1,0,88,5,0,0,90,5,1,0,91,5,0,0,93,5,1,0,94,5,0,0,106,4,1,0,107,4,0,0,175,4,1,0,176,4,0,0,177,4,1,0,186,5,1,0
0,16,21632974848,0,5,1,0,1,5,0,0,5,5,1,0,6,5,0,0,6,4,0,0,88,5,1,0,89,5,0,0,91,5,1,0,92,5,0,0,94,5,1,0,95,5,0,0,107,4,1,0,108,4,0,0,176,4,1,0,177,4,0,0,178,4,1,0
0,16,21764046848,0,5,1,0,1,5,0,0,2,5,1,0,3,5,0,0,7,5,1,0,8,5,0,0,8,4,0,0,90,5,1,0,91,5,0,0,93,5,1,0,94,5,0,0,96,5,1,0,97,5,0,0,109,4,1,0,110,4,0,0,178,4,1,0
0,16,21829582848,1,5,1,0,2,5,0,0,3,5,1,0,4,5,0,0,8,5,1,0,9,5,0,0,9,4,0,0,91,5,1,0,92,5,0,0,94,5,1,0,95,5,0,0,97,5,1,0,98,5,0,0,110,4,1,0,111,4,0,0,179,4,1,0
0,16,21895118848,2,5,1,0,3,5,0,0,4,5,1,0,5,5,0,0,9,5,1,0,10,5,0,0,10,4,0,0,92,5,1,0,93,5,0,0,95,5,1,0,96,5,0,0,98,5,1,0,99,5,0,0,111,4,1,0,112,4,0,0,180,4,1,0
0,16,22026190848,4,5,1,0,5,5,0,0,6,5,1,0,7,5,0,0,11,5,1,0,12,5,0,0,12,4,0,0,94,5,1,0,95,5,0,0,97,5,1,0,98,5,0,0,100,5,1,0,101,5,0,0,113,4,1,0,114,4,0,0,182,4,1,0
0,16,22091726848,5,5,1,0,6,5,0,0,7,5,1,0,8,5,0,0,12,5,1,0,13,5,0,0,13,4,0,0,95,5,1,0,96,5,0,0,98,5,1,0,99,5,0,0,101,5,1,0,102,5,0,0,114,4,1,0,115,4,0,0,183,4,1,0
0,16,22157262848,6,5,1,0,7,5,0,0,8,5,1,0,9,5,0,0,13,5,1,0,14,5,0,0,14,4,0,0,96,5,1,0,97,5,0,0,99,5,1,0,100,5,0,0,102,5,1,0,103,5,0,0,115,4,1,0,116,4,0,0,184,4,1,0
0,16,22288334848,8,5,1,0,9,5,0,0,10,5,1,0,11,5,0,0,15,5,1,0,16,5,0,0,16,4,0,0,98,5,1,0,99,5,0,0,101,5,1,0,102,5,0,0,104,5,1,0,105,5,0,0,117,4,1,0,118,4,0,0,186,4,1,0
0,16,22353870848,0,5,0,0,9,5,1,0,10,5,0,0,11,5,1,0,12,5,0,0,16,5,1,0,17,5,0,0,17,4,0,0,99,5,1,0,100,5,0,0,102,5,1,0,103,5,0,0,105,5,1,0,106,5,0,0,118,4,1,0,119,4,0,0
0,16,22419406848,0,5,1,0,1,5,0,0,10,5,1,0,11,5,0,0,12,5,1,0,13,5,0,0,17,5,1,0,18,5,0,0,18,4,0,0,100,5,1,0,101,5,0,0,103,5,1,0,104,5,0,0,106,5,1,0,107,5,0,0,119,4,1,0
