iTOW,gpsFix,gpsFixOk,diffSoln,wknSet,towSet,diffCorr,carrSolnValid,mapMatching,psmState,spoofDetState,carrSoln,ttff,msss
108565000,3,1,0,1,1,0,1,0,0,1,0,497,66599
108565200,3,1,0,1,1,0,1,0,0,1,0,497,66799
108565300,3,1,0,1,1,0,1,0,0,1,0,497,66899
108565500,3,1,0,1,1,0,1,0,0,1,0,497,67099
108565700,3,1,0,1,1,0,1,0,0,1,0,497,67299
108565900,3,1,0,1,1,0,1,0,0,1,0,497,67499
108566000,3,1,0,1,1,0,1,0,0,1,0,497,67599
108566200,3,1,0,1,1,0,1,0,0,1,0,497,67799
108566400,3,1,0,1,1,0,1,0,0,1,0,497,67999
108566600,3,1,0,1,1,0,1,0,0,1,0,497,68199
108566800,3,1,0,1,1,0,1,0,0,1,0,497,68399
108566900,3,1,0,1,1,0,1,0,0,1,0,497,68499
108567100,3,1,0,1,1,0,1,0,0,1,0,497,68699
108567300,3,1,0,1,1,0,1,0,0,1,0,497,68899
108567500,3,1,0,1,1,0,1,0,0,1,0,497,69099
108567700,3,1,0,1,1,0,1,0,0,1,0,497,69299
108567900,3,1,0,1,1,0,1,0,0,1,0,497,69499
108568000,3,1,0,1,1,0,1,0,0,1,0,497,69599
108568200,3,1,0,1,1,0,1,0,0,1,0,497,69799
108568300,3,1,0,1,1,0,1,0,0,1,0,497,69899
108568400,3,1,0,1,1,0,1,0,0,1,0,497,69999
108568500,3,1,0,1,1,0,1,0,0,1,0,497,70099
108568600,3,1,0,1,1,0,1,0,0,1,0,497,70199
108568700,3,1,0,1,1,0,1,0,0,1,0,497,70299
108568800,3,1,0,1,1,0,1,0,0,1,0,497,70399
108568900,3,1,0,1,1,0,1,0,0,1,0,497,70499
108569100,3,1,0,1,1,0,1,0,0,1,0,497,70699
108569300,3,1,0,1,1,0,1,0,0,1,0,497,70899
108569500,3,1,0,1,1,0,1,0,0,1,0,497,71099
108569600,3,1,0,1,1,0,1,0,0,1,0,497,71199
108569800,3,1,0,1,1,0,1,0,0,1,0,497,71399
108570000,3,1,0,1,1,0,1,0,0,1,0,497,71599
108570200,3,1,0,1,1,0,1,0,0,1,0,497,71799
108570300,3,1,0,1,1,0,1,0,0,1,0,497,71899
108570400,3,1,0,1,1,0,1,0,0,1,0,497,71999
108570500,3,1,0,1,1,0,1,0,0,1,0,497,72099
108570700,3,1,0,1,1,0,1,0,0,1,0,497,72299
108570900,3,1,0,1,1,0,1,0,0,1,0,497,72499
108571100,3,1,0,1,1,0,1,0,0,1,0,497,72699
108571300,3,1,0,1,1,0,1,0,0,1,0,497,72899
108571400,3,1,0,1,1,0,1,0,0,1,0,497,72999
108571500,3,1,0,1,1,0,1,0,0,1,0,497,73099
108571600,3,1,0,1,1,0,1,0,0,1,0,497,73199
108571800,3,1,0,1,1,0,1,0,0,1,0,497,73399
108571900,3,1,0,1,1,0,1,0,0,1,0,497,73499
108572100,3,1,0,1,1,0,1,0,0,1,0,497,73699
108572200,3,1,0,1,1,0,1,0,0,1,0,497,73799
108572300,3,1,0,1,1,0,1,0,0,1,0,497,73899
108572500,3,1,0,1,1,0,1,0,0,1,0,497,74099
108572600,3,1,0,1,1,0,1,0,0,1,0,497,74199
108572700,3,1,0,1,1,0,1,0,0,1,0,497,74299
108572900,3,1,0,1,1,0,1,0,0,1,0,497,74499
108573000,3,1,0,1,1,0,1,0,0,1,0,497,74599
108573200,3,1,0,1,1,0,1,0,0,1,0,497,74799
108573300,3,1,0,1,1,0,1,0,0,1,0,497,74899
108573400,3,1,0,1,1,0,1,0,0,1,0,497,74999
108573500,3,1,0,1,1,0,1,0,0,1,0,497,75099
108573600,3,1,0,1,1,0,1,0,0,1,0,497,75199
108573700,3,1,0,1,1,0,1,0,0,1,0,497,75299
108573800,3,1,0,1,1,0,1,0,0,1,0,497,75399
108573900,3,1,0,1,1,0,1,0,0,1,0,497,75499
108574000,3,1,0,1,1,0,1,0,0,1,0,497,75599
108574200,3,1,0,1,1,0,1,0,0,1,0,497,75799
108574300,3,1,0,1,1,0,1,0,0,1,0,497,75899
108574400,3,1,0,1,1,0,1,0,0,1,0,497,75999
108574500,3,1,0,1,1,0,1,0,0,1,0,497,76099
108574600,3,1,0,1,1,0,1,0,0,1,0,497,76199
108574700,3,1,0,1,1,0,1,0,0,1,0,497,76299
108574800,3,1,0,1,1,0,1,0,0,1,0,497,76399
108574900,3,1,0,1,1,0,1,0,0,1,0,497,76499
108575000,3,1,0,1,1,0,1,0,0,1,0,497,76599
108575200,3,1,0,1,1,0,1,0,0,1,0,497,76799
108575300,3,1,0,1,1,0,1,0,0,1,0,497,76899
108575400,3,1,0,1,1,0,1,0,0,1,0,497,76999
108575500,3,1,0,1,1,0,1,0,0,1,0,497,77099
108575600,3,1,0,1,1,0,1,0,0,1,0,497,77199
108575700,3,1,0,1,1,0,1,0,0,1,0,497,77299
108575800,3,1,0,1,1,0,1,0,0,1,0,497,77399
108575900,3,1,0,1,1,0,1,0,0,1,0,497,77499
108576000,3,1,0,1,1,0,1,0,0,1,0,497,77599
108576200,3,1,0,1,1,0,1,0,0,1,0,497,77799
108576400,3,1,0,1,1,0,1,0,0,1,0,497,77999
108576500,3,1,0,1,1,0,1,0,0,1,0,497,78099
108576700,3,1,0,1,1,0,1,0,0,1,0,497,78299
108576800,3,1,0,1,1,0,1,0,0,1,0,497,78399
108577000,3,1,0,1,1,0,1,0,0,1,0,497,78599
108577200,3,1,0,1,1,0,1,0,0,1,0,497,78799
108577300,3,1,0,1,1,0,1,0,0,1,0,497,78899
108577500,3,1,0,1,1,0,1,0,0,1,0,497,79099
108577600,3,1,0,1,1,0,1,0,0,1,0,497,79199
108577700,3,1,0,1,1,0,1,0,0,1,0,497,79299
108577900,3,1,0,1,1,0,1,0,0,1,0,497,79499
108578100,3,1,0,1,1,0,1,0,0,1,0,497,79699
108578300,3,1,0,1,1,0,1,0,0,1,0,497,79899
108578500,3,1,0,1,1,0,1,0,0,1,0,497,80099
108578600,3,1,0,1,1,0,1,0,0,1,0,497,80199
108578800,3,1,0,1,1,0,1,0,0,1,0,497,80399
108579000,3,1,0,1,1,0,1,0,0,1,0,497,80599
108579200,3,1,0,1,1,0,1,0,0,1,0,497,80799
108579400,3,1,0,1,1,0,1,0,0,1,0,497,80999
108579500,3,1,0,1,1,0,1,0,0,1,0,497,81099
108579600,3,1,0,1,1,0,1,0,0,1,0,497,81199
108579700,3,1,0,1,1,0,1,0,0,1,0,497,81299
108579800,3,1,0,1,1,0,1,0,0,1,0,497,81399
108579900,3,1,0,1,1,0,1,0,0,1,0,497,81499
108580000,3,1,0,1,1,0,1,0,0,1,0,497,81599
108580200,3,1,0,1,1,0,1,0,0,1,0,497,81799
108580300,3,1,0,1,1,0,1,0,0,1,0,497,81899
108580500,3,1,0,1,1,0,1,0,0,1,0,497,82099
108580700,3,1,0,1,1,0,1,0,0,1,0,497,82299
108580800,3,1,0,1,1,0,1,0,0,1,0,497,82399
108581000,3,1,0,1,1,0,1,0,0,1,0,497,82599
108581200,3,1,0,1,1,0,1,0,0,1,0,497,82799
108581300,3,1,0,1,1,0,1,0,0,1,0,497,82899
108581500,3,1,0,1,1,0,1,0,0,1,0,497,83099
108581700,3,1,0,1,1,0,1,0,0,1,0,497,83299
108581800,3,1,0,1,1,0,1,0,0,1,0,497,83399
108582000,3,1,0,1,1,0,1,0,0,1,0,497,83599
108582200,3,1,0,1,1,0,1,0,0,1,0,497,83799
108582400,3,1,0,1,1,0,1,0,0,1,0,497,83999
108582600,3,1,0,1,1,0,1,0,0,1,0,497,84199
108582700,3,1,0,1,1,0,1,0,0,1,0,497,84299
108582800,3,1,0,1,1,0,1,0,0,1,0,497,84399
108582900,3,1,0,1,1,0,1,0,0,1,0,497,84499
108583000,3,1,0,1,1,0,1,0,0,1,0,497,84599
108583200,3,1,0,1,1,0,1,0,0,1,0,497,84799
108583400,3,1,0,1,1,0,1,0,0,1,0,497,84999
108583600,3,1,0,1,1,0,1,0,0,1,0,497,85199
108583800,3,1,0,1,1,0,1,0,0,1,0,497,85399
108583900,3,1,0,1,1,0,1,0,0,1,0,497,85499
108584100,3,1,0,1,1,0,1,0,0,1,0,497,85699
108584300,3,1,0,1,1,0,1,0,0,1,0,497,85899
108584500,3,1,0,1,1,0,1,0,0,1,0,497,86099
108584700,3,1,0,1,1,0,1,0,0,1,0,497,86299
108584800,3,1,0,1,1,0,1,0,0,1,0,497,86399
108584900,3,1,0,1,1,0,1,0,0,1,0,497,86499
108585100,3,1,0,1,1,0,1,0,0,1,0,497,86699
108585300,3,1,0,1,1,0,1,0,0,1,0,497,86899
108585500,3,1,0,1,1,0,1,0,0,1,0,497,87099
108585700,3,1,0,1,1,0,1,0,0,1,0,497,87299
108585900,3,1,0,1,1,0,1,0,0,1,0,497,87499
108586000,3,1,0,1,1,0,1,0,0,1,0,497,87599
108586200,3,1,0,1,1,0,1,0,0,1,0,497,87799
108586300,3,1,0,1,1,0,1,0,0,1,0,497,87899
108586500,3,1,0,1,1,0,1,0,0,1,0,497,88099
108586600,3,1,0,1,1,0,1,0,0,1,0,497,88199
108586700,3,1,0,1,1,0,1,0,0,1,0,497,88299
108586800,3,1,0,1,1,0,1,0,0,1,0,497,88399
108586900,3,1,0,1,1,0,1,0,0,1,0,497,88499
108587000,3,1,0,1,1,0,1,0,0,1,0,497,88599
108587200,3,1,0,1,1,0,1,0,0,1,0,497,88799
108587300,3,1,0,1,1,0,1,0,0,1,0,497,88899
108587400,3,1,0,1,1,0,1,0,0,1,0,497,88999
108587500,3,1,0,1,1,0,1,0,0,1,0,497,89099
108587600,3,1,0,1,1,0,1,0,0,1,0,497,89199
108587800,3,1,0,1,1,0,1,0,0,1,0,497,89399
108587900,3,1,0,1,1,0,1,0,0,1,0,497,89499
108588000,3,1,0,1,1,0,1,0,0,1,0,497,89599
108588200,3,1,0,1,1,0,1,0,0,1,0,497,89799
108588400,3,1,0,1,1,0,1,0,0,1,0,497,89999
108588500,3,1,0,1,1,0,1,0,0,1,0,497,90099
108588700,3,1,0,1,1,0,1,0,0,1,0,497,90299
108588800,3,1,0,1,1,0,1,0,0,1,0,497,90399
108589000,3,1,0,1,1,0,1,0,0,1,0,497,90599
108589200,3,1,0,1,1,0,1,0,0,1,0,497,90799
108589300,3,1,0,1,1,0,1,0,0,1,0,497,90899
108589400,3,1,0,1,1,0,1,0,0,1,0,497,90999
108589500,3,1,0,1,1,0,1,0,0,1,0,497,91099
108589600,3,1,0,1,1,0,1,0,0,1,0,497,91199
108589700,3,1,0,1,1,0,1,0,0,1,0,497,91299
108589800,3,1,0,1,1,0,1,0,0,1,0,497,91399
108589900,3,1,0,1,1,0,1,0,0,1,0,497,91499
108590000,3,1,0,1,1,0,1,0,0,1,0,497,91599
108590200,3,1,0,1,1,0,1,0,0,1,0,497,91799
108590300,3,1,0,1,1,0,1,0,0,1,0,497,91899
108590400,3,1,0,1,1,0,1,0,0,1,0,497,91999
108590500,3,1,0,1,1,0,1,0,0,1,0,497,92099
108590600,3,1,0,1,1,0,1,0,0,1,0,497,92199
108590700,3,1,0,1,1,0,1,0,0,1,0,497,92299
108590800,3,1,0,1,1,0,1,0,0,1,0,497,92399
108590900,3,1,0,1,1,0,1,0,0,1,0,497,92499
108591000,3,1,0,1,1,0,1,0,0,1,0,497,92599
108591100,3,1,0,1,1,0,1,0,0,1,0,497,92699
108591200,3,1,0,1,1,0,1,0,0,1,0,497,92799
108591400,3,1,0,1,1,0,1,0,0,1,0,497,92999
108591500,3,1,0,1,1,0,1,0,0,1,0,497,93099
108591700,3,1,0,1,1,0,1,0,0,1,0,497,93299
108591900,3,1,0,1,1,0,1,0,0,1,0,497,93499
108592000,3,1,0,1,1,0,1,0,0,1,0,497,93599
108592200,3,1,0,1,1,0,1,0,0,1,0,497,93799
108592400,3,1,0,1,1,0,1,0,0,1,0,497,93999
108592600,3,1,0,1,1,0,1,0,0,1,0,497,94199
108592800,3,1,0,1,1,0,1,0,0,1,0,497,94399
108592900,3,1,0,1,1,0,1,0,0,1,0,497,94499
108593100,3,1,0,1,1,0,1,0,0,1,0,497,94699
108593300,3,1,0,1,1,0,1,0,0,1,0,497,94899
108593400,3,1,0,1,1,0,1,0,0,1,0,497,94999
108593500,3,1,0,1,1,0,1,0,0,1,0,497,95099
108593700,3,1,0,1,1,0,1,0,0,1,0,497,95299
108593800,3,1,0,1,1,0,1,0,0,1,0,497,95399
108593900,3,1,0,1,1,0,1,0,0,1,0,497,95499
108594100,3,1,0,1,1,0,1,0,0,1,0,497,95699
108594300,3,1,0,1,1,0,1,0,0,1,0,497,95899
108594500,3,1,0,1,1,0,1,0,0,1,0,497,96099
108594700,3,1,0,1,1,0,1,0,0,1,0,497,96299
108594800,3,1,0,1,1,0,1,0,0,1,0,497,96399
108594900,3,1,0,1,1,0,1,0,0,1,0,497,96499
108595100,3,1,0,1,1,0,1,0,0,1,0,497,96699
108595300,3,1,0,1,1,0,1,0,0,1,0,497,96899
108595500,3,1,0,1,1,0,1,0,0,1,0,497,97099
108595600,3,1,0,1,1,0,1,0,0,1,0,497,97199
108595800,3,1,0,1,1,0,1,0,0,1,0,497,97399
108596000,3,1,0,1,1,0,1,0,0,1,0,497,97599
108596200,3,1,0,1,1,0,1,0,0,1,0,497,97799
108596400,3,1,0,1,1,0,1,0,0,1,0,497,97999
108596500,3,1,0,1,1,0,1,0,0,1,0,497,98099
108596600,3,1,0,1,1,0,1,0,0,1,0,497,98199
108596700,3,1,0,1,1,0,1,0,0,1,0,497,98299
108596800,3,1,0,1,1,0,1,0,0,1,0,497,98399
108596900,3,1,0,1,1,0,1,0,0,1,0,497,98499
108597000,3,1,0,1,1,0,1,0,0,1,0,497,98599
108597200,3,1,0,1,1,0,1,0,0,1,0,497,98799
108597300,3,1,0,1,1,0,1,0,0,1,0,497,98899
108597400,3,1,0,1,1,0,1,0,0,1,0,497,98999
108597500,3,1,0,1,1,0,1,0,0,1,0,497,99099
108597600,3,1,0,1,1,0,1,0,0,1,0,497,99199
108597700,3,1,0,1,1,0,1,0,0,1,0,497,99299
108597800,3,1,0,1,1,0,1,0,0,1,0,497,99399
108597900,3,1,0,1,1,0,1,0,0,1,0,497,99499
108598000,3,1,0,1,1,0,1,0,0,1,0,497,99599
108598200,3,1,0,1,1,0,1,0,0,1,0,497,99799
108598300,3,1,0,1,1,0,1,0,0,1,0,497,99899
108598500,3,1,0,1,1,0,1,0,0,1,0,497,100099
108598700,3,1,0,1,1,0,1,0,0,1,0,497,100299
108598900,3,1,0,1,1,0,1,0,0,1,0,497,100499
108599100,3,1,0,1,1,0,1,0,0,1,0,497,100699
108599300,3,1,0,1,1,0,1,0,0,1,0,497,100899
108599500,3,1,0,1,1,0,1,0,0,1,0,497,101099
108599700,3,1,0,1,1,0,1,0,0,1,0,497,101299
108599900,3,1,0,1,1,0,1,0,0,1,0,497,101499
108600100,3,1,0,1,1,0,1,0,0,1,0,497,101699
108600300,3,1,0,1,1,0,1,0,0,1,0,497,101899
108600500,3,1,0,1,1,0,1,0,0,1,0,497,102099
108600700,3,1,0,1,1,0,1,0,0,1,0,497,102299
108600900,3,1,0,1,1,0,1,0,0,1,0,497,102499
108601100,3,1,0,1,1,0,1,0,0,1,0,497,102699
108601300,3,1,0,1,1,0,1,0,0,1,0,497,102899
108601500,3,1,0,1,1,0,1,0,0,1,0,497,103099
108601700,3,1,0,1,1,0,1,0,0,1,0,497,103299
108601900,3,1,0,1,1,0,1,0,0,1,0,497,103499
108602100,3,1,0,1,1,0,1,0,0,1,0,497,103699
108602300,3,1,0,1,1,0,1,0,0,1,0,497,103899
108602500,3,1,0,1,1,0,1,0,0,1,0,497,104099
108602700,3,1,0,1,1,0,1,0,0,1,0,497,104299
108602900,3,1,0,1,1,0,1,0,0,1,0,497,104499
108603100,3,1,0,1,1,0,1,0,0,1,0,497,104699
108603300,3,1,0,1,1,0,1,0,0,1,0,497,104899
108603400,3,1,0,1,1,0,1,0,0,1,0,497,104999
108603600,3,1,0,1,1,0,1,0,0,1,0,497,105199
108603800,3,1,0,1,1,0,1,0,0,1,0,497,105399
108604000,3,1,0,1,1,0,1,0,0,1,0,497,105599
108604200,3,1,0,1,1,0,1,0,0,1,0,497,105799
108604400,3,1,0,1,1,0,1,0,0,1,0,497,105999
108604500,3,1,0,1,1,0,1,0,0,1,0,497,106099
108604600,3,1,0,1,1,0,1,0,0,1,0,497,106199
108604800,3,1,0,1,1,0,1,0,0,1,0,497,106399
108605000,3,1,0,1,1,0,1,0,0,1,0,497,106599
108605200,3,1,0,1,1,0,1,0,0,1,0,497,106799
108605400,3,1,0,1,1,0,1,0,0,1,0,497,106999
108605500,3,1,0,1,1,0,1,0,0,1,0,497,107099
108605700,3,1,0,1,1,0,1,0,0,1,0,497,107299
108605900,3,1,0,1,1,0,1,0,0,1,0,497,107499
108606100,3,1,0,1,1,0,1,0,0,1,0,497,107699
108606300,3,1,0,1,1,0,1,0,0,1,0,497,107899
108606500,3,1,0,1,1,0,1,0,0,1,0,497,108099
108606700,3,1,0,1,1,0,1,0,0,1,0,497,108299
108606900,3,1,0,1,1,0,1,0,0,1,0,497,108499
108607100,3,1,0,1,1,0,1,0,0,1,0,497,108699
108607300,3,1,0,1,1,0,1,0,0,1,0,497,108899
108607500,3,1,0,1,1,0,1,0,0,1,0,497,109099
108607700,3,1,0,1,1,0,1,0,0,1,0,497,109299
108607900,3,1,0,1,1,0,1,0,0,1,0,497,109499
108608100,3,1,0,1,1,0,1,0,0,1,0,497,109699
108608300,3,1,0,1,1,0,1,0,0,1,0,497,109899
108608500,3,1,0,1,1,0,1,0,0,1,0,497,110099
108608700,3,1,0,1,1,0,1,0,0,1,0,497,110299
108608900,3,1,0,1,1,0,1,0,0,1,0,497,110499
108609100,3,1,0,1,1,0,1,0,0,1,0,497,110699
108609300,3,1,0,1,1,0,1,0,0,1,0,497,110899
108609500,3,1,0,1,1,0,1,0,0,1,0,497,111099
108609700,3,1,0,1,1,0,1,0,0,1,0,497,111299
108609900,3,1,0,1,1,0,1,0,0,1,0,497,111499
108610000,3,1,0,1,1,0,1,0,0,1,0,497,111599
108610200,3,1,0,1,1,0,1,0,0,1,0,497,111799
108610400,3,1,0,1,1,0,1,0,0,1,0,497,111999
108610600,3,1,0,1,1,0,1,0,0,1,0,497,112199
108610800,3,1,0,1,1,0,1,0,0,1,0,497,112399
108610900,3,1,0,1,1,0,1,0,0,1,0,497,112499
108611100,3,1,0,1,1,0,1,0,0,1,0,497,112699
108611300,3,1,0,1,1,0,1,0,0,1,0,497,112899
108611500,3,1,0,1,1,0,1,0,0,1,0,497,113099
108611700,3,1,0,1,1,0,1,0,0,1,0,497,113299
108611800,3,1,0,1,1,0,1,0,0,1,0,497,113399
108612000,3,1,0,1,1,0,1,0,0,1,0,497,113599
108612200,3,1,0,1,1,0,1,0,0,1,0,497,113799
108612400,3,1,0,1,1,0,1,0,0,1,0,497,113999
108612500,3,1,0,1,1,0,1,0,0,1,0,497,114099
108612700,3,1,0,1,1,0,1,0,0,1,0,497,114299
108612800,3,1,0,1,1,0,1,0,0,1,0,497,114399
108613000,3,1,0,1,1,0,1,0,0,1,0,497,114599
108613200,3,1,0,1,1,0,1,0,0,1,0,497,114799
108613300,3,1,0,1,1,0,1,0,0,1,0,497,114899
108613500,3,1,0,1,1,0,1,0,0,1,0,497,115099
108613700,3,1,0,1,1,0,1,0,0,1,0,497,115299
108613900,3,1,0,1,1,0,1,0,0,1,0,497,115499
108614100,3,1,0,1,1,0,1,0,0,1,0,497,115699
108614300,3,1,0,1,1,0,1,0,0,1,0,497,115899
108614500,3,1,0,1,1,0,1,0,0,1,0,497,116099
108614600,3,1,0,1,1,0,1,0,0,1,0,497,116199
108614800,3,1,0,1,1,0,1,0,0,1,0,497,116399
108615000,3,1,0,1,1,0,1,0,0,1,0,497,116599
108615200,3,1,0,1,1,0,1,0,0,1,0,497,116799
108615400,3,1,0,1,1,0,1,0,0,1,0,497,116999
108615500,3,1,0,1,1,0,1,0,0,1,0,497,117099
108615700,3,1,0,1,1,0,1,0,0,1,0,497,117299
108615900,3,1,0,1,1,0,1,0,0,1,0,497,117499
108616000,3,1,0,1,1,0,1,0,0,1,0,497,117599
108616200,3,1,0,1,1,0,1,0,0,1,0,497,117799
108616300,3,1,0,1,1,0,1,0,0,1,0,497,117899
108616400,3,1,0,1,1,0,1,0,0,1,0,497,117999
108616600,3,1,0,1,1,0,1,0,0,1,0,497,118199
108616800,3,1,0,1,1,0,1,0,0,1,0,497,118399
108617000,3,1,0,1,1,0,1,0,0,1,0,497,118599
108617200,3,1,0,1,1,0,1,0,0,1,0,497,118799
108617400,3,1,0,1,1,0,1,0,0,1,0,497,118999
108617600,3,1,0,1,1,0,1,0,0,1,0,497,119199
108617800,3,1,0,1,1,0,1,0,0,1,0,497,119399
108617900,3,1,0,1,1,0,1,0,0,1,0,497,119499
108618100,3,1,0,1,1,0,1,0,0,1,0,497,119699
108618300,3,1,0,1,1,0,1,0,0,1,0,497,119899
108618500,3,1,0,1,1,0,1,0,0,1,0,497,120099
108618600,3,1,0,1,1,0,1,0,0,1,0,497,120199
108618700,3,1,0,1,1,0,1,0,0,1,0,497,120299
108618800,3,1,0,1,1,0,1,0,0,1,0,497,120399
108618900,3,1,0,1,1,0,1,0,0,1,0,497,120499
108619000,3,1,0,1,1,0,1,0,0,1,0,497,120599
108619200,3,1,0,1,1,0,1,0,0,1,0,497,120799
108619300,3,1,0,1,1,0,1,0,0,1,0,497,120899
108619500,3,1,0,1,1,0,1,0,0,1,0,497,121099
108619600,3,1,0,1,1,0,1,0,0,1,0,497,121199
108619800,3,1,0,1,1,0,1,0,0,1,0,497,121399
108619900,3,1,0,1,1,0,1,0,0,1,0,497,121499
108620000,3,1,0,1,1,0,1,0,0,1,0,497,121599
108620200,3,1,0,1,1,0,1,0,0,1,0,497,121799
108620400,3,1,0,1,1,0,1,0,0,1,0,497,121999
108620600,3,1,0,1,1,0,1,0,0,1,0,497,122199
108620800,3,1,0,1,1,0,1,0,0,1,0,497,122399
108621000,3,1,0,1,1,0,1,0,0,1,0,497,122599
108621200,3,1,0,1,1,0,1,0,0,1,0,497,122799
108621300,3,1,0,1,1,0,1,0,0,1,0,497,122899
108621400,3,1,0,1,1,0,1,0,0,1,0,497,122999
108621600,3,1,0,1,1,0,1,0,0,1,0,497,123199
108621700,3,1,0,1,1,0,1,0,0,1,0,497,123299
108621800,3,1,0,1,1,0,1,0,0,1,0,497,123399
108621900,3,1,0,1,1,0,1,0,0,1,0,497,123499
108622100,3,1,0,1,1,0,1,0,0,1,0,497,123699
108622300,3,1,0,1,1,0,1,0,0,1,0,497,123899
108622400,3,1,0,1,1,0,1,0,0,1,0,497,123999
108622500,3,1,0,1,1,0,1,0,0,1,0,497,124099
108622700,3,1,0,1,1,0,1,0,0,1,0,497,124299
108622800,3,1,0,1,1,0,1,0,0,1,0,497,124399
108623000,3,1,0,1,1,0,1,0,0,1,0,497,124599
108623200,3,1,0,1,1,0,1,0,0,1,0,497,124799
108623400,3,1,0,1,1,0,1,0,0,1,0,497,124999
108623600,3,1,0,1,1,0,1,0,0,1,0,497,125199
108623800,3,1,0,1,1,0,1,0,0,1,0,497,125399
108624000,3,1,0,1,1,0,1,0,0,1,0,497,125599
108624200,3,1,0,1,1,0,1,0,0,1,0,497,125799
108624400,3,1,0,1,1,0,1,0,0,1,0,497,125999
108624600,3,1,0,1,1,0,1,0,0,1,0,497,126199
108624700,3,1,0,1,1,0,1,0,0,1,0,497,126299
108624900,3,1,0,1,1,0,1,0,0,1,0,497,126499
108625100,3,1,0,1,1,0,1,0,0,1,0,497,126699
108625300,3,1,0,1,1,0,1,0,0,1,0,497,126899
108625500,3,1,0,1,1,0,1,0,0,1,0,497,127099
108625700,3,1,0,1,1,0,1,0,0,1,0,497,127299
108625900,3,1,0,1,1,0,1,0,0,1,0,497,127499
108626100,3,1,0,1,1,0,1,0,0,1,0,497,127699
108626300,3,1,0,1,1,0,1,0,0,1,0,497,127899
108626500,3,1,0,1,1,0,1,0,0,1,0,497,128099
108626700,3,1,0,1,1,0,1,0,0,1,0,497,128299
108626800,3,1,0,1,1,0,1,0,0,1,0,497,128399
108627000,3,1,0,1,1,0,1,0,0,1,0,497,128599
108627200,3,1,0,1,1,0,1,0,0,1,0,497,128799
108627400,3,1,0,1,1,0,1,0,0,1,0,497,128999
108627600,3,1,0,1,1,0,1,0,0,1,0,497,129199
108627800,3,1,0,1,1,0,1,0,0,1,0,497,129399
108628000,3,1,0,1,1,0,1,0,0,1,0,497,129599
108628200,3,1,0,1,1,0,1,0,0,1,0,497,129799
108628300,3,1,0,1,1,0,1,0,0,1,0,497,129899
108628400,3,1,0,1,1,0,1,0,0,1,0,497,129999
108628600,3,1,0,1,1,0,1,0,0,1,0,497,130199
108628800,3,1,0,1,1,0,1,0,0,1,0,497,130399
108628900,3,1,0,1,1,0,1,0,0,1,0,497,130499
108629000,3,1,0,1,1,0,1,0,0,1,0,497,130599
108629200,3,1,0,1,1,0,1,0,0,1,0,497,130799
108629400,3,1,0,1,1,0,1,0,0,1,0,497,130999
108629500,3,1,0,1,1,0,1,0,0,1,0,497,131099
108629700,3,1,0,1,1,0,1,0,0,1,0,497,131299
108629800,3,1,0,1,1,0,1,0,0,1,0,497,131399
108629900,3,1,0,1,1,0,1,0,0,1,0,497,131499
108630100,3,1,0,1,1,0,1,0,0,1,0,497,131699
108630300,3,1,0,1,1,0,1,0,0,1,0,497,131899
108630500,3,1,0,1,1,0,1,0,0,1,0,497,132099
108630600,3,1,0,1,1,0,1,0,0,1,0,497,132199
108630700,3,1,0,1,1,0,1,0,0,1,0,497,132299
108630800,3,1,0,1,1,0,1,0,0,1,0,497,132399
108630900,3,1,0,1,1,0,1,0,0,1,0,497,132499
108631100,3,1,0,1,1,0,1,0,0,1,0,497,132699
108631300,3,1,0,1,1,0,1,0,0,1,0,497,132899
108631400,3,1,0,1,1,0,1,0,0,1,0,497,132999
108631500,3,1,0,1,1,0,1,0,0,1,0,497,133099
108631600,3,1,0,1,1,0,1,0,0,1,0,497,133199
108631700,3,1,0,1,1,0,1,0,0,1,0,497,133299
108631800,3,1,0,1,1,0,1,0,0,1,0,497,133399
108631900,3,1,0,1,1,0,1,0,0,1,0,497,133499
108632000,3,1,0,1,1,0,1,0,0,1,0,497,133599
108632200,3,1,0,1,1,0,1,0,0,1,0,497,133799
108632400,3,1,0,1,1,0,1,0,0,1,0,497,133999
108632500,3,1,0,1,1,0,1,0,0,1,0,497,134099
108632700,3,1,0,1,1,0,1,0,0,1,0,497,134299
108632800,3,1,0,1,1,0,1,0,0,1,0,497,134399
108633000,3,1,0,1,1,0,1,0,0,1,0,497,134599
108633200,3,1,0,1,1,0,1,0,0,1,0,497,134799
108633300,3,1,0,1,1,0,1,0,0,1,0,497,134899
108633400,3,1,0,1,1,0,1,0,0,1,0,497,134999
108633500,3,1,0,1,1,0,1,0,0,1,0,497,135099
108633600,3,1,0,1,1,0,1,0,0,1,0,497,135199
108633700,3,1,0,1,1,0,1,0,0,1,0,497,135299
108633900,3,1,0,1,1,0,1,0,0,1,0,497,135499
108634000,3,1,0,1,1,0,1,0,0,1,0,497,135599
108634200,3,1,0,1,1,0,1,0,0,1,0,497,135799
108634300,3,1,0,1,1,0,1,0,0,1,0,497,135899
108634400,3,1,0,1,1,0,1,0,0,1,0,497,135999
108634500,3,1,0,1,1,0,1,0,0,1,0,497,136099
108634600,3,1,0,1,1,0,1,0,0,1,0,497,136199
108634700,3,1,0,1,1,0,1,0,0,1,0,497,136299
108634900,3,1,0,1,1,0,1,0,0,1,0,497,136499
108635000,3,1,0,1,1,0,1,0,0,1,0,497,136599
108635200,3,1,0,1,1,0,1,0,0,1,0,497,136799
108635500,3,1,0,1,1,0,1,0,0,1,0,497,137099
108635600,3,1,0,1,1,0,1,0,0,1,0,497,137199
108635800,3,1,0,1,1,0,1,0,0,1,0,497,137399
108636000,3,1,0,1,1,0,1,0,0,1,0,497,137599
108636200,3,1,0,1,1,0,1,0,0,1,0,497,137799
108636400,3,1,0,1,1,0,1,0,0,1,0,497,137999
108636600,3,1,0,1,1,0,1,0,0,1,0,497,138199
108636800,3,1,0,1,1,0,1,0,0,1,0,497,138399
108637000,3,1,0,1,1,0,1,0,0,1,0,497,138599
108637200,3,1,0,1,1,0,1,0,0,1,0,497,138799
108637400,3,1,0,1,1,0,1,0,0,1,0,497,138999
108637600,3,1,0,1,1,0,1,0,0,1,0,497,139199
108637800,3,1,0,1,1,0,1,0,0,1,0,497,139399
108637900,3,1,0,1,1,0,1,0,0,1,0,497,139499
108638000,3,1,0,1,1,0,1,0,0,1,0,497,139599
108638200,3,1,0,1,1,0,1,0,0,1,0,497,139799
108638400,3,1,0,1,1,0,1,0,0,1,0,497,139999
108638500,3,1,0,1,1,0,1,0,0,1,0,497,140099
108638700,3,1,0,1,1,0,1,0,0,1,0,497,140299
108638800,3,1,0,1,1,0,1,0,0,1,0,497,140399
108638900,3,1,0,1,1,0,1,0,0,1,0,497,140499
108639100,3,1,0,1,1,0,1,0,0,1,0,497,140699
108639300,3,1,0,1,1,0,1,0,0,1,0,497,140899
108639500,3,1,0,1,1,0,1,0,0,1,0,497,141099
108639700,3,1,0,1,1,0,1,0,0,1,0,497,141299
108639900,3,1,0,1,1,0,1,0,0,1,0,497,141499
108640100,3,1,0,1,1,0,1,0,0,1,0,497,141699
108640300,3,1,0,1,1,0,1,0,0,1,0,497,141899
108640500,3,1,0,1,1,0,1,0,0,1,0,497,142099
108640600,3,1,0,1,1,0,1,0,0,1,0,497,142199
108640800,3,1,0,1,1,0,1,0,0,1,0,497,142399
108641000,3,1,0,1,1,0,1,0,0,1,0,497,142599
108641200,3,1,0,1,1,0,1,0,0,1,0,497,142799
108641400,3,1,0,1,1,0,1,0,0,1,0,497,142999
108641600,3,1,0,1,1,0,1,0,0,1,0,497,143199
108641800,3,1,0,1,1,0,1,0,0,1,0,497,143399
108642000,3,1,0,1,1,0,1,0,0,1,0,497,143599
108642200,3,1,0,1,1,0,1,0,0,1,0,497,143799
108642400,3,1,0,1,1,0,1,0,0,1,0,497,143999
108642600,3,1,0,1,1,0,1,0,0,1,0,497,144199
108642800,3,1,0,1,1,0,1,0,0,1,0,497,144399
108643000,3,1,0,1,1,0,1,0,0,1,0,497,144599
108643200,3,1,0,1,1,0,1,0,0,1,0,497,144799
108643300,3,1,0,1,1,0,1,0,0,1,0,497,144899
108643400,3,1,0,1,1,0,1,0,0,1,0,497,144999
108643500,3,1,0,1,1,0,1,0,0,1,0,497,145099
108643700,3,1,0,1,1,0,1,0,0,1,0,497,145299
108643800,3,1,0,1,1,0,1,0,0,1,0,497,145399
108644000,3,1,0,1,1,0,1,0,0,1,0,497,145599
108644200,3,1,0,1,1,0,1,0,0,1,0,497,145799
108644300,3,1,0,1,1,0,1,0,0,1,0,497,145899
108644400,3,1,0,1,1,0,1,0,0,1,0,497,145999
108644500,3,1,0,1,1,0,1,0,0,1,0,497,146099
108644600,3,1,0,1,1,0,1,0,0,1,0,497,146199
108644700,3,1,0,1,1,0,1,0,0,1,0,497,146299
108644800,3,1,0,1,1,0,1,0,0,1,0,497,146399
108644900,3,1,0,1,1,0,1,0,0,1,0,497,146499
108645000,3,1,0,1,1,0,1,0,0,1,0,497,146599
108645100,3,1,0,1,1,0,1,0,0,1,0,497,146699
108645200,3,1,0,1,1,0,1,0,0,1,0,497,146799
108645400,3,1,0,1,1,0,1,0,0,1,0,497,146999
108645500,3,1,0,1,1,0,1,0,0,1,0,497,147099
108645600,3,1,0,1,1,0,1,0,0,1,0,497,147199
108645700,3,1,0,1,1,0,1,0,0,1,0,497,147299
108645800,3,1,0,1,1,0,1,0,0,1,0,497,147399
108645900,3,1,0,1,1,0,1,0,0,1,0,497,147499
108646000,3,1,0,1,1,0,1,0,0,1,0,497,147599
