iTOW,year,month,day,hour,min,second,validDate,validTime,fullyResolved,validMag,tAcc,nano,fixType,gnssFixOk,diffSoln,psmState,headVehValid,carrSoln,confirmedAvai,confirmedDate,confirmedTime,numSV,lon,lat,height,hMSL,hAcc,vAcc,velN,velE,velD,gSpeed,headMot,sAcc,headAcc,pDOP,invalidLlh,lastCorrectionAge,authTime,nmaFixStatus,reserved0,headVeh,magDec,magAcc
108565200,2025,5,19,6,9,7,1,1,1,0,22,199923789,3,1,0,0,0,0,1,1,1,31,114.1811038,22.3009806,16737,18341,361,653,6,-4,-13,7,8.60058,11,41.79983,1.02,0,0,0,0,558842204,0.0,0.0,0.0
108565300,2025,5,19,6,9,7,1,1,1,0,22,299923772,3,1,0,0,0,0,1,1,1,31,114.1811038,22.3009807,16735,18339,360,652,6,-4,-13,8,8.60058,11,40.47958,1.02,0,0,0,0,558842204,0.0,0.0,0.0
108565500,2025,5,19,6,9,7,1,1,1,0,22,499923739,3,1,0,0,0,0,1,1,1,32,114.1811038,22.3009807,16731,18334,360,651,7,-4,-13,8,8.60058,11,40.21364,1.02,0,0,0,0,558842204,0.0,0.0,0.0
108565700,2025,5,19,6,9,7,1,1,1,0,22,699923705,3,1,0,0,0,0,1,1,1,32,114.1811038,22.3009808,16726,18330,360,651,7,-4,-13,8,8.60058,11,40.20076,1.02,0,0,0,0,558842204,0.0,0.0,0.0
108565900,2025,5,19,6,9,7,1,1,1,0,22,899923671,3,1,0,0,0,0,1,1,1,32,114.1811038,22.3009808,16723,18327,360,650,7,-4,-13,8,8.60058,11,40.00898,1.02,0,0,0,0,558842204,0.0,0.0,0.0
108566000,2025,5,19,6,9,8,1,1,1,0,22,-76345,3,1,0,0,0,0,1,1,1,32,114.1811038,22.3009808,16706,18310,359,649,7,-4,-12,8,8.60058,10,40.19112,1.02,0,0,0,0,558842204,0.0,0.0,0.0
108566200,2025,5,19,6,9,8,1,1,1,0,22,199923621,3,1,0,0,0,0,1,1,1,32,114.1811038,22.3009808,16702,18306,359,649,7,-3,-12,7,8.60058,10,40.41264,0.97,0,0,0,0,558842204,0.0,0.0,0.0
108566400,2025,5,19,6,9,8,1,1,1,0,22,399923587,3,1,0,0,0,0,1,1,1,32,114.1811038,22.3009809,16702,18306,359,648,7,-3,-12,8,8.60058,10,40.12569,0.97,0,0,0,0,558842204,0.0,0.0,0.0
108566600,2025,5,19,6,9,8,1,1,1,0,22,599923554,3,1,0,0,0,0,1,1,1,32,114.1811038,22.3009809,16690,18294,358,648,7,-3,-11,8,8.60058,10,39.83377,0.97,0,0,0,0,558842204,0.0,0.0,0.0
108566800,2025,5,19,6,9,8,1,1,1,0,22,799923520,3,1,0,0,0,0,1,1,1,32,114.1811038,22.3009809,16678,18282,358,647,7,-3,-11,7,8.60058,10,39.78127,0.97,0,0,0,0,558842204,0.0,0.0,0.0
108566900,2025,5,19,6,9,8,1,1,1,0,22,899923503,3,1,0,0,0,0,1,1,1,32,114.1811037,22.300981,16668,18272,358,646,7,-3,-11,8,8.60058,10,39.27571,0.97,0,0,0,0,558842204,0.0,0.0,0.0
108567100,2025,5,19,6,9,9,1,1,1,0,22,99923470,3,1,0,0,0,0,1,1,1,32,114.1811037,22.300981,16658,18262,357,645,6,-3,-10,6,8.60058,12,52.15749,0.97,0,0,0,0,558842204,0.0,0.0,0.0
108567300,2025,5,19,6,9,9,1,1,1,0,22,299923437,3,1,0,0,0,0,1,1,1,32,114.1811037,22.300981,16665,18269,357,645,5,-4,-12,6,8.60058,12,49.78523,0.97,0,0,0,0,558842204,0.0,0.0,0.0
108567500,2025,5,19,6,9,9,1,1,1,0,22,499923404,3,1,0,0,0,0,1,1,1,32,114.1811036,22.300981,16656,18260,357,644,5,-4,-11,7,8.60058,11,48.01722,0.97,0,0,0,0,558842204,0.0,0.0,0.0
108567700,2025,5,19,6,9,9,1,1,1,0,22,699923370,3,1,0,0,0,0,1,1,1,32,114.1811036,22.300981,16655,18259,357,644,4,-5,-11,6,8.60058,11,46.52709,1.02,0,0,0,0,558842204,0.0,0.0,0.0
108567900,2025,5,19,6,9,9,1,1,1,0,22,899923337,3,1,0,0,0,0,1,1,1,32,114.1811035,22.3009811,16655,18259,356,643,6,-5,-11,8,8.60058,11,44.92026,1.02,0,0,0,0,558842204,0.0,0.0,0.0
108568000,2025,5,19,6,9,10,1,1,1,0,22,-76679,3,1,0,0,0,0,1,1,1,32,114.1811035,22.3009811,16659,18263,356,642,7,-6,-12,9,8.60058,11,42.57769,1.02,0,0,0,0,558842204,0.0,0.0,0.0
108568200,2025,5,19,6,9,10,1,1,1,0,22,199923287,3,1,0,0,0,0,1,1,1,31,114.1811034,22.3009812,16665,18269,356,642,8,-6,-12,10,8.60058,12,48.54802,1.02,0,0,0,0,558842204,0.0,0.0,0.0
108568300,2025,5,19,6,9,10,1,1,1,0,22,299923270,3,1,0,0,0,0,1,1,1,32,114.1811034,22.3009812,16662,18265,355,641,8,-6,-12,10,8.60058,11,47.1554,1.02,0,0,0,0,558842204,0.0,0.0,0.0
108568400,2025,5,19,6,9,10,1,1,1,0,22,399923253,3,1,0,0,0,0,1,1,1,32,114.1811034,22.3009813,16638,18242,355,640,8,-6,-11,10,8.60058,11,47.55386,0.97,0,0,0,0,558842204,0.0,0.0,0.0
108568500,2025,5,19,6,9,10,1,1,1,0,22,499923236,3,1,0,0,0,0,1,1,1,32,114.1811034,22.3009814,16637,18241,354,639,11,-6,-11,13,8.60058,11,37.88008,0.97,0,0,0,0,558842204,0.0,0.0,0.0
108568600,2025,5,19,6,9,10,1,1,1,0,22,599923220,3,1,0,0,0,0,1,1,1,32,114.1811034,22.3009814,16633,18236,353,638,10,-5,-11,11,8.60058,11,41.94167,0.97,0,0,0,0,558842204,0.0,0.0,0.0
108568700,2025,5,19,6,9,10,1,1,1,0,22,699923203,3,1,0,0,0,0,1,1,1,32,114.1811035,22.3009814,16615,18219,353,637,10,-5,-11,11,8.60058,11,43.20536,0.97,0,0,0,0,558842204,0.0,0.0,0.0
108568800,2025,5,19,6,9,10,1,1,1,0,22,799923186,3,1,0,0,0,0,1,1,1,32,114.1811035,22.3009814,16611,18214,352,636,10,-4,-11,10,8.60058,11,44.82685,0.97,0,0,0,0,558842204,0.0,0.0,0.0
108568900,2025,5,19,6,9,10,1,1,1,0,22,899923169,3,1,0,0,0,0,1,1,1,32,114.1811035,22.3009814,16600,18204,352,635,9,-4,-10,10,8.60058,10,43.35213,0.97,0,0,0,0,558842204,0.0,0.0,0.0
108569100,2025,5,19,6,9,11,1,1,1,0,22,99923136,3,1,0,0,0,0,1,1,1,32,114.1811035,22.3009815,16602,18206,352,634,9,-4,-11,10,8.60058,11,45.4158,0.97,0,0,0,0,558842204,0.0,0.0,0.0
108569300,2025,5,19,6,9,11,1,1,1,0,22,299923103,3,1,0,0,0,0,1,1,1,32,114.1811035,22.3009815,16588,18192,351,634,9,-3,-10,10,8.60058,10,42.9691,0.97,0,0,0,0,558842204,0.0,0.0,0.0
108569500,2025,5,19,6,9,11,1,1,1,0,22,499923069,3,1,0,0,0,0,1,1,1,32,114.1811035,22.3009815,16580,18184,351,633,9,-3,-10,9,8.60058,10,42.46582,0.97,0,0,0,0,558842204,0.0,0.0,0.0
108569600,2025,5,19,6,9,11,1,1,1,0,22,599923053,3,1,0,0,0,0,1,1,1,32,114.1811035,22.3009816,16573,18177,351,632,9,-4,-10,10,8.60058,10,41.66757,0.97,0,0,0,0,558842204,0.0,0.0,0.0
108569800,2025,5,19,6,9,11,1,1,1,0,22,799923019,3,1,0,0,0,0,1,1,1,32,114.1811035,22.3009816,16571,18175,350,632,9,-3,-10,10,8.60058,10,42.14383,0.97,0,0,0,0,558842204,0.0,0.0,0.0
108570000,2025,5,19,6,9,12,1,1,1,0,22,-77013,3,1,0,0,0,0,1,1,1,32,114.1811037,22.3009816,16567,18171,350,631,9,0,-10,9,8.60058,10,43.8045,0.97,0,0,0,0,558842204,0.0,0.0,0.0
108570200,2025,5,19,6,9,12,1,1,1,0,22,199922953,3,1,0,0,0,0,1,1,1,32,114.1811045,22.3009817,16563,18167,350,631,10,11,-9,15,8.60058,9,28.08657,0.97,0,0,0,0,558842204,0.0,0.0,0.0
108570300,2025,5,19,6,9,12,1,1,1,0,22,299922936,3,1,0,0,0,0,1,1,1,32,114.181105,22.300982,16545,18148,349,630,15,19,-8,24,8.60058,9,19.62506,0.97,0,0,0,0,558842204,0.0,0.0,0.0
108570400,2025,5,19,6,9,12,1,1,1,0,22,399922919,3,1,0,0,0,0,1,1,1,32,114.181106,22.300982,16509,18113,349,629,13,37,-5,39,8.60058,13,17.94653,0.97,0,0,0,0,558842204,0.0,0.0,0.0
108570500,2025,5,19,6,9,12,1,1,1,0,22,499922902,3,1,0,0,0,0,1,1,1,32,114.1811066,22.300982,16528,18132,348,628,14,48,-7,50,8.60058,13,13.58646,0.97,0,0,0,0,558842204,0.0,0.0,0.0
108570700,2025,5,19,6,9,12,1,1,1,0,22,699922869,3,1,0,0,0,0,1,1,1,32,114.181107,22.300982,16566,18170,348,628,9,56,-11,57,8.60058,13,12.54606,0.97,0,0,0,0,558842204,0.0,0.0,0.0
108570900,2025,5,19,6,9,12,1,1,1,0,22,899922836,3,1,0,0,0,0,1,1,1,31,114.1811073,22.3009817,16621,18225,348,628,0,59,-17,59,8.60058,14,12.87886,1.02,0,0,0,0,558842204,0.0,0.0,0.0
108571100,2025,5,19,6,9,13,1,1,1,0,22,99922804,3,1,0,0,0,0,1,1,1,31,114.181107,22.3009813,16685,18289,348,627,-16,50,-23,53,8.60058,16,15.76785,1.02,0,0,0,0,558842204,0.0,0.0,0.0
108571300,2025,5,19,6,9,13,1,1,1,0,22,299922772,3,1,0,0,0,0,1,1,1,31,114.1811074,22.3009808,16700,18304,348,627,-31,57,-25,64,8.60058,15,12.1447,1.02,0,0,0,0,558842204,0.0,0.0,0.0
108571400,2025,5,19,6,9,13,1,1,1,0,22,399922755,3,1,0,0,0,0,1,1,1,31,114.1811077,22.3009805,16713,18317,347,626,-40,63,-26,75,8.60058,13,9.15865,1.02,0,0,0,0,558842204,0.0,0.0,0.0
108571500,2025,5,19,6,9,13,1,1,1,0,22,499922739,3,1,0,0,0,0,1,1,1,32,114.1811081,22.3009802,16715,18319,347,625,-49,71,-26,86,8.60058,11,7.18569,1.02,0,0,0,0,558842204,0.0,0.0,0.0
108571600,2025,5,19,6,9,13,1,1,1,0,22,599922722,3,1,0,0,0,0,1,1,1,32,114.1811087,22.3009797,16708,18312,347,624,-61,84,-25,103,125.9492,13,6.76771,1.02,0,0,0,0,558842204,0.0,0.0,0.0
108571800,2025,5,19,6,9,13,1,1,1,0,22,799922690,3,1,0,0,0,0,1,1,1,32,114.1811094,22.3009793,16725,18328,346,624,-68,97,-26,119,125.23018,13,5.89992,1.02,0,0,0,0,558842204,0.0,0.0,0.0
108571900,2025,5,19,6,9,13,1,1,1,0,22,899922673,3,1,0,0,0,0,1,1,1,32,114.1811103,22.3009789,16749,18353,346,623,-81,115,-28,141,125.15972,15,5.92803,1.02,0,0,0,0,558842204,0.0,0.0,0.0
108572100,2025,5,19,6,9,14,1,1,1,0,22,99922640,3,1,0,0,0,0,1,1,1,32,114.1811115,22.3009783,16765,18369,346,623,-94,137,-29,166,124.46312,17,5.7354,1.02,0,0,0,0,558842204,0.0,0.0,0.0
108572200,2025,5,19,6,9,14,1,1,1,0,22,199922623,3,1,0,0,0,0,1,1,1,32,114.181112,22.3009777,16759,18363,345,622,-111,147,-29,185,127.12638,17,5.09255,1.02,0,0,0,0,558842204,0.0,0.0,0.0
108572300,2025,5,19,6,9,14,1,1,1,0,22,299922607,3,1,0,0,0,0,1,1,1,32,114.1811127,22.300977,16753,18357,345,621,-131,162,-28,209,129.05282,18,4.84145,1.02,0,0,0,0,558842204,0.0,0.0,0.0
108572500,2025,5,19,6,9,14,1,1,1,0,22,499922574,3,1,0,0,0,0,1,1,1,32,114.1811136,22.300976,16783,18387,345,621,-162,179,-32,241,132.08822,21,5.05591,1.02,0,0,0,0,558842204,0.0,0.0,0.0
108572600,2025,5,19,6,9,14,1,1,1,0,22,599922557,3,1,0,0,0,0,1,1,1,32,114.1811143,22.3009754,16792,18396,344,620,-182,196,-33,268,132.82218,20,4.18585,1.02,0,0,0,0,558842204,0.0,0.0,0.0
108572700,2025,5,19,6,9,14,1,1,1,0,22,699922541,3,1,0,0,0,0,1,1,1,32,114.1811154,22.3009752,16784,18388,344,619,-181,225,-31,289,128.9323,19,3.75903,1.02,0,0,0,0,558842204,0.0,0.0,0.0
108572900,2025,5,19,6,9,14,1,1,1,0,22,899922507,3,1,0,0,0,0,1,1,1,32,114.1811167,22.3009747,16751,18355,344,619,-191,251,-26,315,127.24764,19,3.43684,1.02,0,0,0,0,558842204,0.0,0.0,0.0
108573000,2025,5,19,6,9,15,1,1,1,0,22,-77508,3,1,0,0,0,0,1,1,1,32,114.1811183,22.3009741,16738,18341,343,618,-206,288,-24,354,125.50012,23,3.73586,0.97,0,0,0,0,558842204,0.0,0.0,0.0
108573200,2025,5,19,6,9,15,1,1,1,0,22,199922457,3,1,0,0,0,0,1,1,1,32,114.1811196,22.3009732,16743,18347,343,617,-224,308,-24,381,125.97706,22,3.18503,0.97,0,0,0,0,558842204,0.0,0.0,0.0
108573300,2025,5,19,6,9,15,1,1,1,0,22,299922441,3,1,0,0,0,0,1,1,1,32,114.181121,22.3009724,16722,18326,342,616,-243,338,-22,416,125.71758,23,3.14502,0.97,0,0,0,0,558842204,0.0,0.0,0.0
108573400,2025,5,19,6,9,15,1,1,1,0,22,399922424,3,1,0,0,0,0,1,1,1,32,114.1811222,22.3009715,16698,18302,342,616,-262,359,-19,445,126.18128,22,2.81865,0.97,0,0,0,0,558842204,0.0,0.0,0.0
108573500,2025,5,19,6,9,15,1,1,1,0,22,499922408,3,1,0,0,0,0,1,1,1,32,114.1811232,22.300971,16650,18254,341,615,-271,375,-14,462,125.82164,19,2.32265,0.97,0,0,0,0,558842204,0.0,0.0,0.0
108573600,2025,5,19,6,9,15,1,1,1,0,22,599922391,3,1,0,0,0,0,1,1,1,32,114.1811243,22.3009702,16631,18235,341,614,-292,397,-12,493,126.33368,21,2.4065,0.97,0,0,0,0,558842204,0.0,0.0,0.0
108573700,2025,5,19,6,9,15,1,1,1,0,22,699922374,3,1,0,0,0,0,1,1,1,32,114.1811252,22.3009695,16636,18239,341,613,-306,409,-13,511,126.73998,18,2.0158,0.97,0,0,0,0,558842204,0.0,0.0,0.0
108573800,2025,5,19,6,9,15,1,1,1,0,22,799922358,3,1,0,0,0,0,1,1,1,32,114.1811262,22.3009692,16636,18240,340,612,-308,425,-12,525,125.9393,16,1.6854,0.97,0,0,0,0,558842204,0.0,0.0,0.0
108573900,2025,5,19,6,9,15,1,1,1,0,22,899922341,3,1,0,0,0,0,1,1,1,32,114.1811274,22.3009686,16614,18217,340,611,-318,448,-10,549,125.37898,17,1.75426,0.97,0,0,0,0,558842204,0.0,0.0,0.0
108574000,2025,5,19,6,9,16,1,1,1,0,22,-77675,3,1,0,0,0,0,1,1,1,32,114.1811283,22.300968,16588,18191,339,611,-327,462,-7,566,125.29882,15,1.51908,0.97,0,0,0,0,558842204,0.0,0.0,0.0
108574200,2025,5,19,6,9,16,1,1,1,0,22,199922291,3,1,0,0,0,0,1,1,1,32,114.1811303,22.3009672,16574,18178,339,610,-340,499,-5,604,124.28954,21,1.99078,0.97,0,0,0,0,558842204,0.0,0.0,0.0
108574300,2025,5,19,6,9,16,1,1,1,0,22,299922274,3,1,0,0,0,0,1,1,1,32,114.1811315,22.3009668,16586,18189,339,609,-342,526,-5,627,123.02492,20,1.76191,0.97,0,0,0,0,558842204,0.0,0.0,0.0
108574400,2025,5,19,6,9,16,1,1,1,0,22,399922258,3,1,0,0,0,0,1,1,1,32,114.1811326,22.3009665,16590,18194,338,609,-345,544,-6,644,122.34478,17,1.46043,0.97,0,0,0,0,558842204,0.0,0.0,0.0
108574500,2025,5,19,6,9,16,1,1,1,0,22,499922241,3,1,0,0,0,0,1,1,1,32,114.1811336,22.3009658,16564,18168,338,608,-358,562,-2,666,122.50548,16,1.36331,0.97,0,0,0,0,558842204,0.0,0.0,0.0
108574600,2025,5,19,6,9,16,1,1,1,0,22,599922224,3,1,0,0,0,0,1,1,1,32,114.1811348,22.3009652,16530,18134,337,607,-369,581,2,689,122.44198,16,1.33231,0.97,0,0,0,0,558842204,0.0,0.0,0.0
108574700,2025,5,19,6,9,16,1,1,1,0,22,699922208,3,1,0,0,0,0,1,1,1,32,114.181136,22.3009648,16531,18134,337,606,-372,600,2,706,121.7902,15,1.21946,0.97,0,0,0,0,558842204,0.0,0.0,0.0
108574800,2025,5,19,6,9,16,1,1,1,0,22,799922191,3,1,0,0,0,0,1,1,1,32,114.181137,22.3009645,16557,18161,336,605,-373,614,-1,718,121.28546,14,1.05426,0.97,0,0,0,0,558842204,0.0,0.0,0.0
108574900,2025,5,19,6,9,16,1,1,1,0,22,899922174,3,1,0,0,0,0,1,1,1,32,114.1811379,22.300964,16571,18174,336,605,-379,624,-2,730,121.24544,12,0.90356,0.97,0,0,0,0,558842204,0.0,0.0,0.0
108575000,2025,5,19,6,9,17,1,1,1,0,22,-77841,3,1,0,0,0,0,1,1,1,32,114.1811389,22.3009636,16561,18165,336,604,-381,634,-1,740,120.99042,10,0.78358,0.97,0,0,0,0,558842204,0.0,0.0,0.0
108575200,2025,5,19,6,9,17,1,1,1,0,22,199922124,3,1,0,0,0,0,1,1,1,32,114.1811405,22.3009629,16555,18158,335,604,-382,650,0,753,120.452,12,0.87659,0.97,0,0,0,0,558842204,0.0,0.0,0.0
108575300,2025,5,19,6,9,17,1,1,1,0,22,299922108,3,1,0,0,0,0,1,1,1,32,114.1811419,22.3009624,16567,18171,335,603,-387,678,-1,781,119.73374,15,1.11324,0.97,0,0,0,0,558842204,0.0,0.0,0.0
108575400,2025,5,19,6,9,17,1,1,1,0,22,399922091,3,1,0,0,0,0,1,1,1,32,114.1811432,22.3009617,16586,18190,335,602,-403,698,-4,806,119.99556,16,1.14051,0.97,0,0,0,0,558842204,0.0,0.0,0.0
108575500,2025,5,19,6,9,17,1,1,1,0,22,499922074,3,1,0,0,0,0,1,1,1,32,114.1811441,22.3009611,16589,18193,334,601,-412,706,-4,817,120.2479,13,0.92027,0.97,0,0,0,0,558842204,0.0,0.0,0.0
108575600,2025,5,19,6,9,17,1,1,1,0,22,599922058,3,1,0,0,0,0,1,1,1,32,114.1811451,22.3009605,16564,18168,334,601,-422,719,-1,834,120.40028,13,0.86485,0.97,0,0,0,0,558842204,0.0,0.0,0.0
108575700,2025,5,19,6,9,17,1,1,1,0,22,699922041,3,1,0,0,0,0,1,1,1,32,114.1811461,22.3009598,16554,18158,333,600,-432,727,0,846,120.71732,12,0.77783,0.97,0,0,0,0,558842204,0.0,0.0,0.0
108575800,2025,5,19,6,9,17,1,1,1,0,22,799922024,3,1,0,0,0,0,1,1,1,32,114.1811471,22.3009591,16567,18171,333,599,-447,738,-1,863,121.17406,13,0.82759,0.97,0,0,0,0,558842204,0.0,0.0,0.0
108575900,2025,5,19,6,9,17,1,1,1,0,22,899922008,3,1,0,0,0,0,1,1,1,32,114.1811479,22.3009586,16595,18199,332,598,-448,740,-5,865,121.20878,10,0.67098,0.97,0,0,0,0,558842204,0.0,0.0,0.0
108576000,2025,5,19,6,9,18,1,1,1,0,22,-78008,3,1,0,0,0,0,1,1,1,32,114.1811489,22.3009582,16621,18225,332,598,-451,749,-8,874,121.03666,10,0.63996,0.97,0,0,0,0,558842204,0.0,0.0,0.0
108576200,2025,5,19,6,9,18,1,1,1,0,22,199921957,3,1,0,0,0,0,1,1,1,32,114.1811506,22.3009573,16609,18213,332,597,-451,760,-6,883,120.68738,12,0.73638,1.0,0,0,0,0,558842204,0.0,0.0,0.0
108576400,2025,5,19,6,9,18,1,1,1,0,22,399921923,3,1,0,0,0,0,1,1,1,32,114.1811525,22.3009563,16622,18226,332,597,-461,774,-8,901,120.77146,11,0.70405,1.0,0,0,0,0,558842204,0.0,0.0,0.0
108576500,2025,5,19,6,9,18,1,1,1,0,22,499921906,3,1,0,0,0,0,1,1,1,32,114.1811535,22.3009557,16646,18250,331,596,-470,785,-12,915,120.92432,11,0.68153,1.0,0,0,0,0,558842204,0.0,0.0,0.0
108576700,2025,5,19,6,9,18,1,1,1,0,22,699921873,3,1,0,0,0,0,1,1,1,32,114.1811552,22.3009546,16604,18208,331,596,-479,788,-6,923,121.27528,11,0.65724,1.0,0,0,0,0,558842204,0.0,0.0,0.0
108576800,2025,5,19,6,9,18,1,1,1,0,22,799921857,3,1,0,0,0,0,1,1,1,32,114.1811563,22.3009538,16577,18181,331,595,-491,800,-3,939,121.55406,11,0.66311,1.0,0,0,0,0,558842204,0.0,0.0,0.0
108577000,2025,5,19,6,9,19,1,1,1,0,22,-78176,3,1,0,0,0,0,1,1,1,32,114.1811579,22.3009529,16595,18199,331,595,-490,804,-6,942,121.35294,10,0.61659,1.0,0,0,0,0,558842204,0.0,0.0,0.0
108577200,2025,5,19,6,9,19,1,1,1,0,22,199921790,3,1,0,0,0,0,1,1,1,32,114.1811596,22.3009522,16601,18205,331,594,-484,807,-6,941,120.96996,10,0.6055,1.0,0,0,0,0,558842204,0.0,0.0,0.0
108577300,2025,5,19,6,9,19,1,1,1,0,22,299921773,3,1,0,0,0,0,1,1,1,32,114.1811604,22.300952,16567,18170,330,594,-478,809,-2,940,120.58092,10,0.59475,1.0,0,0,0,0,558842204,0.0,0.0,0.0
108577500,2025,5,19,6,9,19,1,1,1,0,22,499921740,3,1,0,0,0,0,1,1,1,32,114.1811626,22.3009511,16591,18194,330,593,-478,826,-5,954,120.05686,10,0.58915,1.0,0,0,0,0,558842204,0.0,0.0,0.0
108577600,2025,5,19,6,9,19,1,1,1,0,22,599921724,3,1,0,0,0,0,1,1,1,32,114.1811636,22.3009506,16598,18202,329,592,-481,831,-6,960,120.06776,10,0.58982,1.0,0,0,0,0,558842204,0.0,0.0,0.0
108577700,2025,5,19,6,9,19,1,1,1,0,22,699921707,3,1,0,0,0,0,1,1,1,32,114.1811648,22.30095,16594,18198,329,592,-486,841,-6,972,119.98838,10,0.57247,1.0,0,0,0,0,558842204,0.0,0.0,0.0
108577900,2025,5,19,6,9,19,1,1,1,0,22,899921674,3,1,0,0,0,0,1,1,1,32,114.1811667,22.3009488,16572,18175,329,591,-494,850,-4,984,120.16022,10,0.55515,1.0,0,0,0,0,558842204,0.0,0.0,0.0
108578100,2025,5,19,6,9,20,1,1,1,0,22,99921641,3,1,0,0,0,0,1,1,1,32,114.1811686,22.300948,16596,18199,329,591,-489,860,-7,989,119.64724,11,0.6455,1.0,0,0,0,0,558842204,0.0,0.0,0.0
108578300,2025,5,19,6,9,20,1,1,1,0,22,299921607,3,1,0,0,0,0,1,1,1,32,114.1811705,22.3009474,16564,18168,329,590,-481,868,-3,992,119.01382,11,0.62885,1.0,0,0,0,0,558842204,0.0,0.0,0.0
108578500,2025,5,19,6,9,20,1,1,1,0,22,499921574,3,1,0,0,0,0,1,1,1,32,114.1811728,22.3009467,16551,18154,329,590,-474,885,-1,1004,118.20072,11,0.60779,1.0,0,0,0,0,558842204,0.0,0.0,0.0
108578600,2025,5,19,6,9,20,1,1,1,0,22,599921557,3,1,0,0,0,0,1,1,1,32,114.181174,22.3009462,16577,18181,328,589,-476,897,-5,1016,117.96442,11,0.5878,1.0,0,0,0,0,558842204,0.0,0.0,0.0
108578800,2025,5,19,6,9,20,1,1,1,0,22,799921524,3,1,0,0,0,0,1,1,1,32,114.1811759,22.3009452,16564,18167,328,589,-480,901,-4,1021,118.04232,11,0.57232,1.0,0,0,0,0,558842204,0.0,0.0,0.0
108579000,2025,5,19,6,9,21,1,1,1,0,22,-78508,3,1,0,0,0,0,1,1,1,32,114.1811777,22.300944,16544,18147,328,589,-492,903,-2,1028,118.58386,10,0.55734,1.0,0,0,0,0,558842204,0.0,0.0,0.0
108579200,2025,5,19,6,9,21,1,1,1,0,22,199921458,3,1,0,0,0,0,1,1,1,32,114.1811797,22.3009422,16518,18121,328,588,-517,911,1,1047,119.5759,14,0.74986,1.0,0,0,0,0,558842204,0.0,0.0,0.0
108579400,2025,5,19,6,9,21,1,1,1,0,22,399921423,3,1,0,0,0,0,1,1,1,32,114.1811813,22.3009413,16515,18119,328,588,-517,906,1,1043,119.745,11,0.58421,1.0,0,0,0,0,558842204,0.0,0.0,0.0
108579500,2025,5,19,6,9,21,1,1,1,0,22,499921405,3,1,0,0,0,0,1,1,1,32,114.1811822,22.3009409,16489,18092,327,587,-515,907,3,1043,119.55294,10,0.54593,1.0,0,0,0,0,558842204,0.0,0.0,0.0
108579600,2025,5,19,6,9,21,1,1,1,0,22,599921388,3,1,0,0,0,0,1,1,1,32,114.1811834,22.3009402,16484,18087,327,586,-522,915,4,1053,119.70306,10,0.53047,1.0,0,0,0,0,558842204,0.0,0.0,0.0
108579700,2025,5,19,6,9,21,1,1,1,0,22,699921372,3,1,0,0,0,0,1,1,1,32,114.1811846,22.3009395,16446,18050,326,585,-529,924,8,1065,119.79312,10,0.5198,1.0,0,0,0,0,558842204,0.0,0.0,0.0
108579800,2025,5,19,6,9,21,1,1,1,0,22,799921356,3,1,0,0,0,0,1,1,1,32,114.1811859,22.3009391,16479,18083,326,584,-525,935,3,1073,119.3184,10,0.52692,1.0,0,0,0,0,558842204,0.0,0.0,0.0
108579900,2025,5,19,6,9,21,1,1,1,0,22,899921340,3,1,0,0,0,0,1,1,1,32,114.1811869,22.3009385,16452,18055,325,583,-528,939,6,1077,119.37624,10,0.51436,1.0,0,0,0,0,558842204,0.0,0.0,0.0
108580000,2025,5,19,6,9,22,1,1,1,0,22,-78675,3,1,0,0,0,0,1,1,1,32,114.1811877,22.3009381,16435,18039,325,582,-528,936,8,1074,119.4361,10,0.53186,1.0,0,0,0,0,558842204,0.0,0.0,0.0
108580200,2025,5,19,6,9,22,1,1,1,0,22,199921291,3,1,0,0,0,0,1,1,1,32,114.1811894,22.3009371,16445,18049,325,582,-527,932,6,1071,119.47576,10,0.52354,1.0,0,0,0,0,558842204,0.0,0.0,0.0
108580300,2025,5,19,6,9,22,1,1,1,0,22,299921275,3,1,0,0,0,0,1,1,1,32,114.1811901,22.3009369,16481,18085,324,581,-520,928,1,1064,119.25076,10,0.51737,1.0,0,0,0,0,558842204,0.0,0.0,0.0
108580500,2025,5,19,6,9,22,1,1,1,0,22,499921242,3,1,0,0,0,0,1,1,1,32,114.1811917,22.3009361,16476,18079,324,581,-514,921,1,1055,119.18892,12,0.61175,1.0,0,0,0,0,558842204,0.0,0.0,0.0
108580700,2025,5,19,6,9,22,1,1,1,0,22,699921209,3,1,0,0,0,0,1,1,1,32,114.1811937,22.3009356,16459,18063,324,581,-497,927,3,1052,118.19686,11,0.59769,1.0,0,0,0,0,558842204,0.0,0.0,0.0
108580800,2025,5,19,6,9,22,1,1,1,0,22,799921192,3,1,0,0,0,0,1,1,1,32,114.1811949,22.3009352,16475,18078,324,580,-497,939,1,1062,117.87562,11,0.57867,1.0,0,0,0,0,558842204,0.0,0.0,0.0
108581000,2025,5,19,6,9,23,1,1,1,0,22,-78840,3,1,0,0,0,0,1,1,1,32,114.1811968,22.300934,16479,18082,324,580,-508,942,0,1070,118.31038,11,0.56098,1.0,0,0,0,0,558842204,0.0,0.0,0.0
108581200,2025,5,19,6,9,23,1,1,1,0,22,199921126,3,1,0,0,0,0,1,1,1,32,114.1811984,22.300933,16460,18064,324,579,-508,936,2,1065,118.47164,11,0.55245,1.0,0,0,0,0,558842204,0.0,0.0,0.0
108581300,2025,5,19,6,9,23,1,1,1,0,22,299921110,3,1,0,0,0,0,1,1,1,32,114.1811993,22.3009324,16459,18063,323,579,-512,936,1,1067,118.7062,10,0.54098,1.0,0,0,0,0,558842204,0.0,0.0,0.0
108581500,2025,5,19,6,9,23,1,1,1,0,22,499921077,3,1,0,0,0,0,1,1,1,32,114.181201,22.3009315,16456,18060,323,578,-513,932,1,1064,118.8574,10,0.53261,1.0,0,0,0,0,558842204,0.0,0.0,0.0
108581700,2025,5,19,6,9,23,1,1,1,0,22,699921044,3,1,0,0,0,0,1,1,1,32,114.1812026,22.3009309,16431,18035,323,578,-504,928,4,1056,118.51354,10,0.52645,1.0,0,0,0,0,558842204,0.0,0.0,0.0
108581800,2025,5,19,6,9,23,1,1,1,0,22,799921027,3,1,0,0,0,0,1,1,1,32,114.1812038,22.3009303,16413,18016,323,577,-506,936,6,1064,118.38478,10,0.51333,1.0,0,0,0,0,558842204,0.0,0.0,0.0
108582000,2025,5,19,6,9,24,1,1,1,0,22,-79005,3,1,0,0,0,0,1,1,1,32,114.1812053,22.3009294,16457,18061,323,577,-509,927,-1,1057,118.75852,11,0.60458,1.0,0,0,0,0,558842204,0.0,0.0,0.0
108582200,2025,5,19,6,9,24,1,1,1,0,22,199920961,3,1,0,0,0,0,1,1,1,32,114.1812069,22.3009277,16434,18038,323,577,-536,920,1,1065,120.24972,14,0.70841,1.0,0,0,0,0,558842204,0.0,0.0,0.0
108582400,2025,5,19,6,9,24,1,1,1,0,22,399920928,3,1,0,0,0,0,1,1,1,32,114.1812087,22.3009262,16416,18019,323,577,-555,922,3,1076,121.03692,13,0.65743,1.0,0,0,0,0,558842204,0.0,0.0,0.0
108582600,2025,5,19,6,9,24,1,1,1,0,22,599920895,3,1,0,0,0,0,1,1,1,32,114.18121,22.3009251,16410,18013,323,576,-557,907,3,1064,121.5474,12,0.61734,1.0,0,0,0,0,558842204,0.0,0.0,0.0
108582700,2025,5,19,6,9,24,1,1,1,0,22,699920878,3,1,0,0,0,0,1,1,1,32,114.1812114,22.3009249,16392,17996,322,576,-545,923,5,1072,120.5672,13,0.66449,1.0,0,0,0,0,558842204,0.0,0.0,0.0
108582800,2025,5,19,6,9,24,1,1,1,0,22,799920862,3,1,0,0,0,0,1,1,1,32,114.1812122,22.3009247,16350,17953,322,575,-538,918,10,1065,120.3847,11,0.56119,1.0,0,0,0,0,558842204,0.0,0.0,0.0
108582900,2025,5,19,6,9,24,1,1,1,0,22,899920845,3,1,0,0,0,0,1,1,1,32,114.1812133,22.3009244,16337,17941,321,574,-531,925,12,1066,119.84314,10,0.52651,1.0,0,0,0,0,558842204,0.0,0.0,0.0
108583000,2025,5,19,6,9,25,1,1,1,0,22,-79170,3,1,0,0,0,0,1,1,1,32,114.1812146,22.3009242,16332,17936,321,573,-522,937,12,1073,119.1464,10,0.51681,1.0,0,0,0,0,558842204,0.0,0.0,0.0
108583200,2025,5,19,6,9,25,1,1,1,0,22,199920795,3,1,0,0,0,0,1,1,1,32,114.1812167,22.3009232,16324,17928,321,573,-524,946,13,1081,118.96688,12,0.59341,1.0,0,0,0,0,558842204,0.0,0.0,0.0
108583400,2025,5,19,6,9,25,1,1,1,0,22,399920762,3,1,0,0,0,0,1,1,1,32,114.1812185,22.3009219,16287,17890,321,573,-538,946,17,1088,119.64896,11,0.57648,1.0,0,0,0,0,558842204,0.0,0.0,0.0
108583600,2025,5,19,6,9,25,1,1,1,0,22,599920729,3,1,0,0,0,0,1,1,1,32,114.1812203,22.3009212,16312,17915,321,573,-530,945,13,1083,119.29636,11,0.5655,1.0,0,0,0,0,558842204,0.0,0.0,0.0
108583800,2025,5,19,6,9,25,1,1,1,0,22,799920696,3,1,0,0,0,0,1,1,1,32,114.1812223,22.3009205,16294,17897,321,572,-521,949,15,1082,118.76604,11,0.55331,1.0,0,0,0,0,558842204,0.0,0.0,0.0
108583900,2025,5,19,6,9,25,1,1,1,0,22,899920680,3,1,0,0,0,0,1,1,1,32,114.1812231,22.3009202,16277,17880,320,572,-513,948,17,1077,118.41636,11,0.5431,1.0,0,0,0,0,558842204,0.0,0.0,0.0
108584100,2025,5,19,6,9,26,1,1,1,0,22,99920646,3,1,0,0,0,0,1,1,1,32,114.1812253,22.3009194,16294,17897,320,571,-511,957,14,1085,118.07702,10,0.52824,1.0,0,0,0,0,558842204,0.0,0.0,0.0
108584300,2025,5,19,6,9,26,1,1,1,0,22,299920613,3,1,0,0,0,0,1,1,1,32,114.1812275,22.3009185,16284,17888,320,571,-509,966,15,1092,117.7809,10,0.51387,1.0,0,0,0,0,558842204,0.0,0.0,0.0
108584500,2025,5,19,6,9,26,1,1,1,0,22,499920580,3,1,0,0,0,0,1,1,1,32,114.1812299,22.3009172,16201,17804,320,571,-519,979,24,1108,117.95126,11,0.53415,1.0,0,0,0,0,558842204,0.0,0.0,0.0
108584700,2025,5,19,6,9,26,1,1,1,0,22,699920547,3,1,0,0,0,0,1,1,1,32,114.1812316,22.3009165,16241,17845,320,571,-513,974,19,1101,117.74798,10,0.4916,1.0,0,0,0,0,558842204,0.0,0.0,0.0
108584800,2025,5,19,6,9,26,1,1,1,0,22,799920530,3,1,0,0,0,0,1,1,1,32,114.1812325,22.3009159,16246,17849,320,570,-516,972,18,1100,117.9663,10,0.50854,1.0,0,0,0,0,558842204,0.0,0.0,0.0
108584900,2025,5,19,6,9,26,1,1,1,0,22,899920514,3,1,0,0,0,0,1,1,1,32,114.1812334,22.3009155,16215,17819,319,569,-514,973,21,1100,117.82926,10,0.49893,1.0,0,0,0,0,558842204,0.0,0.0,0.0
108585100,2025,5,19,6,9,27,1,1,1,0,22,99920481,3,1,0,0,0,0,1,1,1,32,114.1812357,22.3009148,16197,17800,319,569,-504,984,23,1106,117.13832,11,0.5798,1.0,0,0,0,0,558842204,0.0,0.0,0.0
108585300,2025,5,19,6,9,27,1,1,1,0,22,299920448,3,1,0,0,0,0,1,1,1,32,114.181238,22.3009139,16214,17817,319,569,-506,996,20,1117,116.91754,11,0.56047,1.0,0,0,0,0,558842204,0.0,0.0,0.0
108585500,2025,5,19,6,9,27,1,1,1,0,22,499920415,3,1,0,0,0,0,1,1,1,32,114.1812398,22.3009125,16187,17790,319,569,-523,993,23,1122,117.78412,11,0.5452,1.0,0,0,0,0,558842204,0.0,0.0,0.0
108585700,2025,5,19,6,9,27,1,1,1,0,22,699920382,3,1,0,0,0,0,1,1,1,32,114.1812417,22.3009114,16191,17794,319,568,-527,992,21,1123,117.9931,11,0.53319,1.0,0,0,0,0,558842204,0.0,0.0,0.0
108585900,2025,5,19,6,9,27,1,1,1,0,22,899920348,3,1,0,0,0,0,1,1,1,32,114.1812433,22.300911,16218,17822,319,568,-511,984,17,1109,117.44604,11,0.52874,1.0,0,0,0,0,558842204,0.0,0.0,0.0
108586000,2025,5,19,6,9,28,1,1,1,0,22,-79667,3,1,0,0,0,0,1,1,1,32,114.1812441,22.3009107,16199,17802,319,567,-505,983,19,1105,117.18292,10,0.52022,1.0,0,0,0,0,558842204,0.0,0.0,0.0
108586200,2025,5,19,6,9,28,1,1,1,0,22,199920299,3,1,0,0,0,0,1,1,1,32,114.1812461,22.3009104,16196,17799,318,567,-489,984,19,1099,116.4135,10,0.51211,1.0,0,0,0,0,558842204,0.0,0.0,0.0
108586300,2025,5,19,6,9,28,1,1,1,0,22,299920282,3,1,0,0,0,0,1,1,1,32,114.1812473,22.3009101,16214,17818,318,567,-485,991,16,1103,116.0745,10,0.50032,1.0,0,0,0,0,558842204,0.0,0.0,0.0
108586500,2025,5,19,6,9,28,1,1,1,0,22,499920249,3,1,0,0,0,0,1,1,1,32,114.1812494,22.3009093,16213,17816,318,566,-480,996,16,1106,115.72586,11,0.58106,1.0,0,0,0,0,558842204,0.0,0.0,0.0
108586600,2025,5,19,6,9,28,1,1,1,0,22,599920233,3,1,0,0,0,0,1,1,1,32,114.1812505,22.3009084,16183,17787,318,566,-497,1000,19,1117,116.43874,11,0.56106,1.0,0,0,0,0,558842204,0.0,0.0,0.0
108586700,2025,5,19,6,9,28,1,1,1,0,22,699920216,3,1,0,0,0,0,1,1,1,32,114.1812514,22.3009079,16157,17761,317,565,-498,998,22,1116,116.5055,11,0.55177,1.0,0,0,0,0,558842204,0.0,0.0,0.0
108586800,2025,5,19,6,9,28,1,1,1,0,22,799920200,3,1,0,0,0,0,1,1,1,32,114.1812527,22.3009075,16137,17741,317,564,-497,1007,25,1123,116.26936,11,0.53744,1.0,0,0,0,0,558842204,0.0,0.0,0.0
108586900,2025,5,19,6,9,28,1,1,1,0,22,899920183,3,1,0,0,0,0,1,1,1,32,114.1812537,22.3009073,16140,17743,316,564,-488,1011,24,1122,115.7506,11,0.52638,1.0,0,0,0,0,558842204,0.0,0.0,0.0
108587000,2025,5,19,6,9,29,1,1,1,0,22,-79832,3,1,0,0,0,0,1,1,1,32,114.1812545,22.3009069,16135,17738,316,563,-486,1004,24,1115,115.8047,10,0.51803,1.0,0,0,0,0,558842204,0.0,0.0,0.0
108587200,2025,5,19,6,9,29,1,1,1,0,22,199920134,3,1,0,0,0,0,1,1,1,32,114.1812566,22.3009064,16081,17685,316,563,-475,1010,30,1116,115.1924,10,0.50692,1.0,0,0,0,0,558842204,0.0,0.0,0.0
108587300,2025,5,19,6,9,29,1,1,1,0,22,299920117,3,1,0,0,0,0,1,1,1,32,114.1812579,22.3009062,16077,17681,316,562,-467,1019,30,1121,114.60572,10,0.49456,1.0,0,0,0,0,558842204,0.0,0.0,0.0
108587400,2025,5,19,6,9,29,1,1,1,0,22,399920100,3,1,0,0,0,0,1,1,1,32,114.1812593,22.3009057,16086,17690,315,561,-471,1029,28,1132,114.58454,10,0.48018,1.0,0,0,0,0,558842204,0.0,0.0,0.0
108587500,2025,5,19,6,9,29,1,1,1,0,22,499920084,3,1,0,0,0,0,1,1,1,32,114.1812605,22.3009051,16124,17728,315,560,-476,1033,23,1138,114.7206,10,0.49315,1.0,0,0,0,0,558842204,0.0,0.0,0.0
108587600,2025,5,19,6,9,29,1,1,1,0,21,599920067,3,1,0,0,0,0,1,1,1,32,114.1812617,22.3009044,16126,17729,314,560,-482,1040,22,1146,114.84954,10,0.47972,1.0,0,0,0,0,558842204,0.0,0.0,0.0
108587800,2025,5,19,6,9,29,1,1,1,0,22,799920035,3,1,0,0,0,0,1,1,1,32,114.1812638,22.3009035,16086,17689,314,560,-484,1045,27,1151,114.88162,12,0.55536,1.0,0,0,0,0,558842204,0.0,0.0,0.0
108587900,2025,5,19,6,9,29,1,1,1,0,21,899920018,3,1,0,0,0,0,1,1,1,32,114.1812647,22.3009029,16115,17718,314,559,-489,1040,22,1149,115.19106,11,0.54256,1.0,0,0,0,0,558842204,0.0,0.0,0.0
108588000,2025,5,19,6,9,30,1,1,1,0,21,-79998,3,1,0,0,0,0,1,1,1,32,114.1812657,22.3009027,16141,17744,314,558,-482,1040,18,1146,114.87148,11,0.53101,1.0,0,0,0,0,558842204,0.0,0.0,0.0
108588200,2025,5,19,6,9,30,1,1,1,0,21,199919968,3,1,0,0,0,0,1,1,1,32,114.1812676,22.300902,16105,17709,314,558,-474,1037,22,1140,114.56356,11,0.5223,1.0,0,0,0,0,558842204,0.0,0.0,0.0
108588400,2025,5,19,6,9,30,1,1,1,0,22,399919935,3,1,0,0,0,0,1,1,1,32,114.1812702,22.3009013,16087,17690,314,558,-469,1055,24,1154,113.9521,11,0.51762,1.0,0,0,0,0,558842204,0.0,0.0,0.0
108588500,2025,5,19,6,9,30,1,1,1,0,21,499919919,3,1,0,0,0,0,1,1,1,32,114.1812717,22.3009008,16073,17676,313,557,-473,1068,26,1168,113.90524,11,0.51105,1.0,0,0,0,0,558842204,0.0,0.0,0.0
108588700,2025,5,19,6,9,30,1,1,1,0,22,699919886,3,1,0,0,0,0,1,1,1,32,114.1812736,22.3008996,16091,17694,313,557,-483,1064,22,1169,114.41824,10,0.48215,1.0,0,0,0,0,558842204,0.0,0.0,0.0
108588800,2025,5,19,6,9,30,1,1,1,0,21,799919869,3,1,0,0,0,0,1,1,1,32,114.1812745,22.300899,16083,17686,313,557,-487,1062,23,1168,114.63936,10,0.47439,1.0,0,0,0,0,558842204,0.0,0.0,0.0
108589000,2025,5,19,6,9,31,1,1,1,0,22,-80163,3,1,0,0,0,0,1,1,1,32,114.1812764,22.3008982,16104,17708,313,556,-485,1057,20,1163,114.66038,10,0.46746,1.0,0,0,0,0,558842204,0.0,0.0,0.0
108589200,2025,5,19,6,9,31,1,1,1,0,22,199919803,3,1,0,0,0,0,1,1,1,32,114.1812783,22.3008975,16106,17709,313,556,-479,1052,19,1156,114.46288,12,0.5523,1.0,0,0,0,0,558842204,0.0,0.0,0.0
108589300,2025,5,19,6,9,31,1,1,1,0,22,299919787,3,1,0,0,0,0,1,1,1,32,114.1812792,22.3008974,16100,17703,313,556,-465,1049,19,1148,113.92538,11,0.54385,1.0,0,0,0,0,558842204,0.0,0.0,0.0
108589400,2025,5,19,6,9,31,1,1,1,0,21,399919770,3,1,0,0,0,0,1,1,1,32,114.18128,22.3008971,16101,17704,312,555,-461,1041,18,1139,113.889,11,0.53669,1.0,0,0,0,0,558842204,0.0,0.0,0.0
108589500,2025,5,19,6,9,31,1,1,1,0,21,499919754,3,1,0,0,0,0,1,1,1,32,114.1812808,22.300897,16120,17723,312,554,-449,1036,15,1130,113.43642,11,0.52939,1.0,0,0,0,0,558842204,0.0,0.0,0.0
108589600,2025,5,19,6,9,31,1,1,1,0,21,599919737,3,1,0,0,0,0,1,1,1,32,114.1812817,22.3008966,16146,17749,312,554,-450,1034,11,1128,113.49728,11,0.51931,1.0,0,0,0,0,558842204,0.0,0.0,0.0
108589700,2025,5,19,6,9,31,1,1,1,0,21,699919721,3,1,0,0,0,0,1,1,1,32,114.1812828,22.3008962,16152,17755,311,553,-450,1036,10,1129,113.48862,10,0.50863,1.0,0,0,0,0,558842204,0.0,0.0,0.0
108589800,2025,5,19,6,9,31,1,1,1,0,21,799919704,3,1,0,0,0,0,1,1,1,32,114.1812838,22.3008957,16126,17730,311,553,-453,1037,13,1132,113.61722,10,0.49828,1.0,0,0,0,0,558842204,0.0,0.0,0.0
108589900,2025,5,19,6,9,31,1,1,1,0,21,899919688,3,1,0,0,0,0,1,1,1,32,114.1812847,22.3008951,16090,17693,311,552,-458,1034,18,1131,113.88112,10,0.49006,1.0,0,0,0,0,558842204,0.0,0.0,0.0
108590000,2025,5,19,6,9,32,1,1,1,0,21,-80327,3,1,0,0,0,0,1,1,1,32,114.181286,22.3008947,16096,17699,310,551,-456,1043,16,1139,113.6252,10,0.47858,1.0,0,0,0,0,558842204,0.0,0.0,0.0
108590200,2025,5,19,6,9,32,1,1,1,0,21,199919639,3,1,0,0,0,0,1,1,1,32,114.181288,22.3008941,16116,17720,310,551,-449,1043,13,1135,113.29962,12,0.56178,1.0,0,0,0,0,558842204,0.0,0.0,0.0
108590300,2025,5,19,6,9,32,1,1,1,0,21,299919623,3,1,0,0,0,0,1,1,1,32,114.181289,22.3008939,16091,17695,310,551,-441,1042,16,1131,112.93578,11,0.55032,1.0,0,0,0,0,558842204,0.0,0.0,0.0
108590400,2025,5,19,6,9,32,1,1,1,0,21,399919606,3,1,0,0,0,0,1,1,1,32,114.1812899,22.3008936,16059,17662,310,550,-436,1039,20,1126,112.75104,11,0.54073,1.0,0,0,0,0,558842204,0.0,0.0,0.0
108590500,2025,5,19,6,9,32,1,1,1,0,21,499919590,3,1,0,0,0,0,1,1,1,32,114.181291,22.3008934,16026,17629,309,549,-429,1042,24,1127,112.39682,11,0.52945,1.0,0,0,0,0,558842204,0.0,0.0,0.0
108590600,2025,5,19,6,9,32,1,1,1,0,21,599919574,3,1,0,0,0,0,1,1,1,32,114.1812926,22.300893,15977,17581,309,549,-428,1062,30,1145,111.96892,11,0.53229,1.0,0,0,0,0,558842204,0.0,0.0,0.0
108590700,2025,5,19,6,9,32,1,1,1,0,21,699919557,3,1,0,0,0,0,1,1,1,32,114.1812941,22.3008925,15979,17582,309,548,-434,1076,29,1160,111.94752,11,0.5357,1.0,0,0,0,0,558842204,0.0,0.0,0.0
108590800,2025,5,19,6,9,32,1,1,1,0,21,799919541,3,1,0,0,0,0,1,1,1,32,114.1812951,22.3008922,15998,17601,308,547,-430,1076,26,1159,111.79792,10,0.48416,1.0,0,0,0,0,558842204,0.0,0.0,0.0
108590900,2025,5,19,6,9,32,1,1,1,0,21,899919524,3,1,0,0,0,0,1,1,1,32,114.181296,22.3008914,15978,17582,308,547,-443,1072,28,1160,112.4688,10,0.47502,1.0,0,0,0,0,558842204,0.0,0.0,0.0
108591000,2025,5,19,6,9,33,1,1,1,0,21,-80491,3,1,0,0,0,0,1,1,1,32,114.181297,22.300891,15959,17562,308,546,-444,1072,30,1160,112.49554,10,0.46697,1.0,0,0,0,0,558842204,0.0,0.0,0.0
108591100,2025,5,19,6,9,33,1,1,1,0,21,99919492,3,1,0,0,0,0,1,1,1,32,114.1812981,22.3008906,15946,17549,307,546,-443,1075,31,1163,112.40198,10,0.45859,1.0,0,0,0,0,558842204,0.0,0.0,0.0
108591200,2025,5,19,6,9,33,1,1,1,0,21,199919475,3,1,0,0,0,0,1,1,1,32,114.1812991,22.3008901,15953,17556,307,545,-446,1074,30,1163,112.55968,10,0.47582,1.0,0,0,0,0,558842204,0.0,0.0,0.0
108591400,2025,5,19,6,9,33,1,1,1,0,21,399919442,3,1,0,0,0,0,1,1,1,32,114.1813011,22.3008894,15954,17558,307,545,-444,1070,29,1158,112.51824,10,0.46957,1.0,0,0,0,0,558842204,0.0,0.0,0.0
108591500,2025,5,19,6,9,33,1,1,1,0,21,499919426,3,1,0,0,0,0,1,1,1,32,114.181302,22.3008892,15929,17532,307,545,-437,1066,31,1152,112.26762,10,0.46424,1.0,0,0,0,0,558842204,0.0,0.0,0.0
108591700,2025,5,19,6,9,33,1,1,1,0,21,699919392,3,1,0,0,0,0,1,1,1,32,114.1813043,22.3008885,15908,17511,307,545,-434,1076,33,1160,111.97872,12,0.54401,1.0,0,0,0,0,558842204,0.0,0.0,0.0
108591900,2025,5,19,6,9,33,1,1,1,0,21,899919359,3,1,0,0,0,0,1,1,1,32,114.1813063,22.3008876,15924,17527,307,545,-440,1073,30,1159,112.28006,11,0.53319,1.0,0,0,0,0,558842204,0.0,0.0,0.0
108592000,2025,5,19,6,9,34,1,1,1,0,21,-80656,3,1,0,0,0,0,1,1,1,32,114.1813069,22.3008872,15915,17518,306,544,-440,1061,30,1148,112.50378,11,0.52692,1.0,0,0,0,0,558842204,0.0,0.0,0.0
108592200,2025,5,19,6,9,34,1,1,1,0,21,199919310,3,1,0,0,0,0,1,1,1,32,114.181309,22.3008864,15895,17498,306,544,-439,1060,32,1147,112.49224,11,0.51757,1.0,0,0,0,0,558842204,0.0,0.0,0.0
108592400,2025,5,19,6,9,34,1,1,1,0,21,399919278,3,1,0,0,0,0,1,1,1,32,114.181311,22.3008859,15898,17501,306,544,-427,1059,30,1142,111.9589,11,0.51015,1.0,0,0,0,0,558842204,0.0,0.0,0.0
108592600,2025,5,19,6,9,34,1,1,1,0,21,599919245,3,1,0,0,0,0,1,1,1,32,114.1813128,22.3008852,15886,17489,306,544,-424,1053,31,1135,111.95302,10,0.50434,1.0,0,0,0,0,558842204,0.0,0.0,0.0
108592800,2025,5,19,6,9,34,1,1,1,0,21,799919212,3,1,0,0,0,0,1,1,1,32,114.1813148,22.3008842,15915,17518,306,544,-434,1053,26,1139,112.39802,10,0.49303,1.0,0,0,0,0,558842204,0.0,0.0,0.0
108592900,2025,5,19,6,9,34,1,1,1,0,21,899919196,3,1,0,0,0,0,1,1,1,32,114.1813155,22.3008838,15962,17565,306,543,-434,1044,19,1131,112.58876,10,0.48731,1.0,0,0,0,0,558842204,0.0,0.0,0.0
108593100,2025,5,19,6,9,35,1,1,1,0,21,99919163,3,1,0,0,0,0,1,1,1,32,114.1813173,22.3008827,15962,17565,306,543,-441,1039,19,1129,113.0074,10,0.47982,1.0,0,0,0,0,558842204,0.0,0.0,0.0
108593300,2025,5,19,6,9,35,1,1,1,0,21,299919130,3,1,0,0,0,0,1,1,1,32,114.1813189,22.3008819,15974,17577,306,543,-443,1027,16,1119,113.31378,11,0.56918,1.0,0,0,0,0,558842204,0.0,0.0,0.0
108593400,2025,5,19,6,9,35,1,1,1,0,21,399919114,3,1,0,0,0,0,1,1,1,32,114.1813196,22.3008817,15989,17592,306,542,-436,1018,14,1108,113.15662,11,0.56144,1.0,0,0,0,0,558842204,0.0,0.0,0.0
108593500,2025,5,19,6,9,35,1,1,1,0,21,499919098,3,1,0,0,0,0,1,1,1,32,114.1813205,22.3008817,16009,17612,306,542,-421,1016,10,1100,112.52804,11,0.5522,1.0,0,0,0,0,558842204,0.0,0.0,0.0
108593700,2025,5,19,6,9,35,1,1,1,0,21,699919065,3,1,0,0,0,0,1,1,1,32,114.1813221,22.3008814,15992,17595,306,542,-406,1005,12,1084,112.0206,12,0.59756,1.0,0,0,0,0,558842204,0.0,0.0,0.0
108593800,2025,5,19,6,9,35,1,1,1,0,21,799919048,3,1,0,0,0,0,1,1,1,32,114.1813228,22.3008812,15996,17599,305,541,-400,997,11,1074,111.8863,11,0.54333,1.0,0,0,0,0,558842204,0.0,0.0,0.0
108593900,2025,5,19,6,9,35,1,1,1,0,21,899919032,3,1,0,0,0,0,1,1,1,32,114.1813235,22.300881,16022,17625,305,540,-394,991,8,1067,111.69484,10,0.53658,1.0,0,0,0,0,558842204,0.0,0.0,0.0
108594100,2025,5,19,6,9,36,1,1,1,0,21,99918999,3,1,0,0,0,0,1,1,1,32,114.1813258,22.3008802,16033,17636,305,540,-396,1000,6,1075,111.59366,10,0.52242,1.0,0,0,0,0,558842204,0.0,0.0,0.0
108594300,2025,5,19,6,9,36,1,1,1,0,21,299918966,3,1,0,0,0,0,1,1,1,32,114.1813277,22.3008797,16008,17611,305,540,-391,1000,8,1074,111.37004,10,0.51356,1.0,0,0,0,0,558842204,0.0,0.0,0.0
108594500,2025,5,19,6,9,36,1,1,1,0,21,499918932,3,1,0,0,0,0,1,1,1,32,114.1813295,22.3008788,16029,17632,305,540,-396,999,5,1074,111.61192,10,0.50436,1.0,0,0,0,0,558842204,0.0,0.0,0.0
108594700,2025,5,19,6,9,36,1,1,1,0,21,699918899,3,1,0,0,0,0,1,1,1,32,114.1813315,22.3008782,16014,17617,305,540,-392,998,7,1072,111.43018,11,0.5931,1.0,0,0,0,0,558842204,0.0,0.0,0.0
108594800,2025,5,19,6,9,36,1,1,1,0,21,799918883,3,1,0,0,0,0,1,1,1,32,114.1813324,22.3008778,15984,17587,305,540,-393,997,11,1072,111.52722,11,0.58008,1.0,0,0,0,0,558842204,0.0,0.0,0.0
108594900,2025,5,19,6,9,36,1,1,1,0,21,899918867,3,1,0,0,0,0,1,1,1,32,114.1813336,22.3008775,15953,17557,304,539,-390,1006,15,1080,111.20452,11,0.56418,1.0,0,0,0,0,558842204,0.0,0.0,0.0
108595100,2025,5,19,6,9,37,1,1,1,0,21,99918834,3,1,0,0,0,0,1,1,1,32,114.1813354,22.3008772,15968,17571,304,539,-378,1002,12,1071,110.65984,11,0.55653,1.0,0,0,0,0,558842204,0.0,0.0,0.0
108595300,2025,5,19,6,9,37,1,1,1,0,21,299918801,3,1,0,0,0,0,1,1,1,32,114.1813375,22.3008759,15959,17562,304,539,-398,1006,13,1082,111.5509,11,0.58282,1.0,0,0,0,0,558842204,0.0,0.0,0.0
108595500,2025,5,19,6,9,37,1,1,1,0,21,499918768,3,1,0,0,0,0,1,1,1,32,114.1813401,22.3008748,15941,17545,304,539,-409,1024,14,1103,111.77442,13,0.65447,1.0,0,0,0,0,558842204,0.0,0.0,0.0
108595600,2025,5,19,6,9,37,1,1,1,0,21,599918752,3,1,0,0,0,0,1,1,1,32,114.1813404,22.3008741,15988,17591,304,538,-418,1006,8,1089,112.54302,14,0.69976,1.0,0,0,0,0,558842204,0.0,0.0,0.0
108595800,2025,5,19,6,9,37,1,1,1,0,21,799918719,3,1,0,0,0,0,1,1,1,32,114.1813423,22.3008731,15976,17579,304,538,-425,1005,9,1091,112.94674,11,0.56702,1.0,0,0,0,0,558842204,0.0,0.0,0.0
108596000,2025,5,19,6,9,38,1,1,1,0,21,-81313,3,1,0,0,0,0,1,1,1,32,114.1813439,22.3008727,15956,17559,304,538,-415,996,11,1079,112.59576,11,0.54711,1.0,0,0,0,0,558842204,0.0,0.0,0.0
108596200,2025,5,19,6,9,38,1,1,1,0,21,199918653,3,1,0,0,0,0,1,1,1,32,114.1813459,22.3008722,15983,17586,304,538,-404,1000,7,1079,112.0067,11,0.5881,1.0,0,0,0,0,558842204,0.0,0.0,0.0
108596400,2025,5,19,6,9,38,1,1,1,0,21,399918620,3,1,0,0,0,0,1,1,1,32,114.1813481,22.3008715,15976,17579,304,538,-404,1009,7,1087,111.80978,11,0.57042,1.0,0,0,0,0,558842204,0.0,0.0,0.0
108596500,2025,5,19,6,9,38,1,1,1,0,21,499918604,3,1,0,0,0,0,1,1,1,32,114.181349,22.3008711,15959,17562,304,538,-406,1007,9,1086,111.9342,11,0.55846,1.0,0,0,0,0,558842204,0.0,0.0,0.0
108596600,2025,5,19,6,9,38,1,1,1,0,21,599918587,3,1,0,0,0,0,1,1,1,32,114.18135,22.3008707,15933,17536,304,537,-405,1006,12,1085,111.94234,11,0.54649,1.0,0,0,0,0,558842204,0.0,0.0,0.0
108596700,2025,5,19,6,9,38,1,1,1,0,21,699918571,3,1,0,0,0,0,1,1,1,32,114.1813512,22.3008703,15929,17532,303,537,-407,1013,12,1091,111.89768,11,0.53224,1.0,0,0,0,0,558842204,0.0,0.0,0.0
108596800,2025,5,19,6,9,38,1,1,1,0,21,799918554,3,1,0,0,0,0,1,1,1,32,114.1813518,22.30087,15954,17557,303,536,-406,1004,9,1083,111.99308,10,0.52574,1.0,0,0,0,0,558842204,0.0,0.0,0.0
108596900,2025,5,19,6,9,38,1,1,1,0,21,899918538,3,1,0,0,0,0,1,1,1,32,114.1813527,22.3008698,15978,17581,303,535,-400,1001,5,1078,111.75722,10,0.51807,1.0,0,0,0,0,558842204,0.0,0.0,0.0
108597000,2025,5,19,6,9,39,1,1,1,0,21,-81478,3,1,0,0,0,0,1,1,1,32,114.1813537,22.3008697,15968,17571,302,535,-391,1002,6,1076,111.32278,10,0.50963,1.0,0,0,0,0,558842204,0.0,0.0,0.0
108597200,2025,5,19,6,9,39,1,1,1,0,21,199918488,3,1,0,0,0,0,1,1,1,32,114.1813555,22.3008697,15940,17543,302,535,-373,1000,9,1068,110.44582,11,0.56899,1.0,0,0,0,0,558842204,0.0,0.0,0.0
108597300,2025,5,19,6,9,39,1,1,1,0,21,299918472,3,1,0,0,0,0,1,1,1,32,114.181357,22.3008698,15951,17554,302,534,-358,1014,7,1075,109.47022,13,0.66026,1.0,0,0,0,0,558842204,0.0,0.0,0.0
108597400,2025,5,19,6,9,39,1,1,1,0,21,399918455,3,1,0,0,0,0,1,1,1,32,114.181358,22.3008697,15971,17574,302,534,-351,1016,4,1075,109.0302,11,0.55508,1.0,0,0,0,0,558842204,0.0,0.0,0.0
108597500,2025,5,19,6,9,39,1,1,1,0,21,499918439,3,1,0,0,0,0,1,1,1,32,114.1813589,22.3008696,15969,17572,301,533,-346,1013,4,1071,108.84644,10,0.50153,1.0,0,0,0,0,558842204,0.0,0.0,0.0
108597600,2025,5,19,6,9,39,1,1,1,0,21,599918422,3,1,0,0,0,0,1,1,1,32,114.1813602,22.3008696,15955,17558,301,533,-335,1021,5,1075,108.15352,10,0.51737,1.0,0,0,0,0,558842204,0.0,0.0,0.0
108597700,2025,5,19,6,9,39,1,1,1,0,21,699918406,3,1,0,0,0,0,1,1,1,32,114.1813611,22.3008697,15931,17534,301,532,-323,1021,8,1071,107.57098,10,0.50979,1.0,0,0,0,0,558842204,0.0,0.0,0.0
108597800,2025,5,19,6,9,39,1,1,1,0,21,799918389,3,1,0,0,0,0,1,1,1,32,114.1813622,22.3008697,15902,17505,300,531,-312,1024,11,1070,106.9729,10,0.52794,1.0,0,0,0,0,558842204,0.0,0.0,0.0
108597900,2025,5,19,6,9,39,1,1,1,0,21,899918373,3,1,0,0,0,0,1,1,1,32,114.1813632,22.3008699,15932,17535,300,531,-298,1025,7,1068,106.202,11,0.54457,1.0,0,0,0,0,558842204,0.0,0.0,0.0
108598000,2025,5,19,6,9,40,1,1,1,0,21,-81643,3,1,0,0,0,0,1,1,1,32,114.1813639,22.3008702,15958,17561,300,530,-279,1017,3,1055,105.3522,13,0.67953,1.0,0,0,0,0,558842204,0.0,0.0,0.0
108598200,2025,5,19,6,9,40,1,1,1,0,21,199918322,3,1,0,0,0,0,1,1,1,32,114.1813654,22.3008705,15973,17576,300,530,-247,1001,1,1031,103.8293,19,1.0144,1.0,0,0,0,0,558842204,0.0,0.0,0.0
108598300,2025,5,19,6,9,40,1,1,1,0,21,299918305,3,1,0,0,0,0,1,1,1,32,114.1813658,22.300871,15990,17593,299,530,-216,981,-2,1004,102.4476,21,1.15852,1.0,0,0,0,0,558842204,0.0,0.0,0.0
108598500,2025,5,19,6,9,40,1,1,1,0,21,499918271,3,1,0,0,0,0,1,1,1,32,114.1813676,22.3008714,15997,17600,299,530,-184,980,-3,997,100.66372,21,1.16413,1.0,0,0,0,0,558842204,0.0,0.0,0.0
108598700,2025,5,19,6,9,40,1,1,1,0,21,699918239,3,1,0,0,0,0,1,1,1,32,114.1813694,22.3008716,15982,17585,300,530,-165,977,-1,991,99.60212,18,0.99993,1.0,0,0,0,0,558842204,0.0,0.0,0.0
108598900,2025,5,19,6,9,40,1,1,1,0,21,899918206,3,1,0,0,0,0,1,1,1,32,114.181371,22.3008719,15954,17557,300,530,-145,968,2,979,98.53322,17,0.93743,1.0,0,0,0,0,558842204,0.0,0.0,0.0
108599100,2025,5,19,6,9,41,1,1,1,0,21,99918173,3,1,0,0,0,0,1,1,1,32,114.1813722,22.3008723,15933,17536,300,530,-125,951,5,959,97.49056,18,1.02741,1.0,0,0,0,0,558842204,0.0,0.0,0.0
108599300,2025,5,19,6,9,41,1,1,1,0,21,299918141,3,1,0,0,0,0,1,1,1,32,114.1813735,22.3008729,15871,17474,300,530,-98,937,12,942,95.94368,20,1.16965,1.0,0,0,0,0,558842204,0.0,0.0,0.0
108599500,2025,5,19,6,9,41,1,1,1,0,21,499918108,3,1,0,0,0,0,1,1,1,32,114.1813745,22.3008742,15815,17418,300,530,-55,917,19,919,93.43576,27,1.61259,1.0,0,0,0,0,558842204,0.0,0.0,0.0
108599700,2025,5,19,6,9,41,1,1,1,0,21,699918075,3,1,0,0,0,0,1,1,1,32,114.1813755,22.3008754,15826,17428,300,530,-20,898,17,898,91.26916,28,1.71081,1.0,0,0,0,0,558842204,0.0,0.0,0.0
108599900,2025,5,19,6,9,41,1,1,1,0,21,899918042,3,1,0,0,0,0,1,1,1,32,114.1813768,22.3008766,15782,17385,300,530,23,884,22,884,88.48982,31,1.91565,1.0,0,0,0,0,558842204,0.0,0.0,0.0
108600100,2025,5,19,6,9,42,1,1,1,0,21,99918009,3,1,0,0,0,0,1,1,1,32,114.1813779,22.3008778,15756,17359,300,530,66,866,25,868,85.6231,30,1.9306,1.0,0,0,0,0,558842204,0.0,0.0,0.0
108600300,2025,5,19,6,9,42,1,1,1,0,21,299917975,3,1,0,0,0,0,1,1,1,32,114.1813784,22.3008791,15791,17394,300,530,103,834,20,840,82.95131,30,2.00491,1.0,0,0,0,0,558842204,0.0,0.0,0.0
108600500,2025,5,19,6,9,42,1,1,1,0,21,499917941,3,1,0,0,0,0,1,1,1,32,114.181379,22.3008803,15782,17385,300,530,135,806,21,817,80.47307,29,1.98274,1.0,0,0,0,0,558842204,0.0,0.0,0.0
108600700,2025,5,19,6,9,42,1,1,1,0,21,699917908,3,1,0,0,0,0,1,1,1,32,114.1813794,22.3008824,15774,17377,300,530,190,778,22,800,76.28555,34,2.37811,1.0,0,0,0,0,558842204,0.0,0.0,0.0
108600900,2025,5,19,6,9,42,1,1,1,0,21,899917875,3,1,0,0,0,0,1,1,1,32,114.1813807,22.3008835,15813,17416,300,530,210,772,17,800,74.77946,27,1.87524,1.0,0,0,0,0,558842204,0.0,0.0,0.0
108601100,2025,5,19,6,9,43,1,1,1,0,21,99917842,3,1,0,0,0,0,1,1,1,32,114.1813811,22.3008851,15849,17452,300,530,243,748,12,786,71.97899,27,1.93595,1.0,0,0,0,0,558842204,0.0,0.0,0.0
108601300,2025,5,19,6,9,43,1,1,1,0,21,299917809,3,1,0,0,0,0,1,1,1,32,114.1813818,22.3008863,15892,17495,300,530,264,732,7,778,70.19569,24,1.69869,1.0,0,0,0,0,558842204,0.0,0.0,0.0
108601500,2025,5,19,6,9,43,1,1,1,0,21,499917776,3,1,0,0,0,0,1,1,1,32,114.1813826,22.300888,15892,17495,301,530,303,713,7,775,66.95644,27,1.99029,1.0,0,0,0,0,558842204,0.0,0.0,0.0
108601700,2025,5,19,6,9,43,1,1,1,0,21,699917743,3,1,0,0,0,0,1,1,1,32,114.181383,22.3008896,15884,17487,301,530,340,685,8,765,63.58113,28,2.05512,1.0,0,0,0,0,558842204,0.0,0.0,0.0
108601900,2025,5,19,6,9,43,1,1,1,0,21,899917710,3,1,0,0,0,0,1,1,1,32,114.1813832,22.3008918,15939,17542,301,530,386,655,1,761,59.46838,31,2.32269,1.0,0,0,0,0,558842204,0.0,0.0,0.0
108602100,2025,5,19,6,9,44,1,1,1,0,21,99917678,3,1,0,0,0,0,1,1,1,32,114.1813842,22.3008934,15903,17506,301,531,415,651,5,772,57.48737,26,1.9248,1.0,0,0,0,0,558842204,0.0,0.0,0.0
108602300,2025,5,19,6,9,44,1,1,1,0,21,299917645,3,1,0,0,0,0,1,1,1,32,114.181385,22.3008956,15879,17482,301,531,453,640,8,784,54.7041,27,1.9434,1.0,0,0,0,0,558842204,0.0,0.0,0.0
108602500,2025,5,19,6,9,44,1,1,1,0,21,499917612,3,1,0,0,0,0,1,1,1,32,114.1813855,22.3008977,15897,17500,301,531,487,623,6,791,51.94118,27,1.92485,1.0,0,0,0,0,558842204,0.0,0.0,0.0
108602700,2025,5,19,6,9,44,1,1,1,0,21,699917579,3,1,0,0,0,0,1,1,1,32,114.1813858,22.3008991,15868,17470,301,531,502,603,9,785,50.22441,23,1.65277,1.0,0,0,0,0,558842204,0.0,0.0,0.0
108602900,2025,5,19,6,9,44,1,1,1,0,21,899917546,3,1,0,0,0,0,1,1,1,32,114.1813862,22.3009013,15842,17445,301,531,533,586,12,792,47.70601,24,1.71458,1.0,0,0,0,0,558842204,0.0,0.0,0.0
108603100,2025,5,19,6,9,45,1,1,1,0,22,99917513,3,1,0,0,0,0,1,1,1,32,114.1813867,22.3009031,15858,17461,301,531,559,570,9,798,45.5667,24,1.72633,1.0,0,0,0,0,558842204,0.0,0.0,0.0
108603300,2025,5,19,6,9,45,1,1,1,0,22,299917480,3,1,0,0,0,0,1,1,1,32,114.181387,22.300905,15837,17440,302,531,588,548,12,804,42.99572,24,1.66287,1.0,0,0,0,0,558842204,0.0,0.0,0.0
108603400,2025,5,19,6,9,45,1,1,1,0,21,399917463,3,1,0,0,0,0,1,1,1,31,114.1813868,22.3009064,15856,17459,301,531,613,528,9,809,40.74041,23,1.61211,1.02,0,0,0,0,558842204,0.0,0.0,0.0
108603600,2025,5,19,6,9,45,1,1,1,0,21,599917430,3,1,0,0,0,0,1,1,1,32,114.1813867,22.3009082,15887,17490,301,531,632,502,5,807,38.48445,22,1.58755,1.02,0,0,0,0,558842204,0.0,0.0,0.0
108603800,2025,5,19,6,9,45,1,1,1,0,21,799917398,3,1,0,0,0,0,1,1,1,32,114.1813868,22.3009097,15853,17456,302,531,641,480,9,801,36.83153,20,1.4228,1.0,0,0,0,0,558842204,0.0,0.0,0.0
108604000,2025,5,19,6,9,46,1,1,1,0,21,-82634,3,1,0,0,0,0,1,1,1,32,114.1813863,22.3009122,15830,17433,302,531,676,447,12,811,33.49538,26,1.8031,1.0,0,0,0,0,558842204,0.0,0.0,0.0
108604200,2025,5,19,6,9,46,1,1,1,0,21,199917332,3,1,0,0,0,0,1,1,1,32,114.1813863,22.3009145,15837,17440,302,531,703,429,11,824,31.42039,24,1.65932,1.0,0,0,0,0,558842204,0.0,0.0,0.0
108604400,2025,5,19,6,9,46,1,1,1,0,22,399917299,3,1,0,0,0,0,1,1,1,31,114.1813867,22.3009164,15844,17447,302,531,719,420,10,833,30.2751,20,1.38666,1.02,0,0,0,0,558842204,0.0,0.0,0.0
108604500,2025,5,19,6,9,46,1,1,1,0,21,499917283,3,1,0,0,0,0,1,1,1,31,114.1813868,22.3009178,15845,17448,302,531,735,414,9,844,29.39277,17,1.1815,1.02,0,0,0,0,558842204,0.0,0.0,0.0
108604600,2025,5,19,6,9,46,1,1,1,0,21,599917266,3,1,0,0,0,0,1,1,1,31,114.1813867,22.300919,15897,17500,301,530,749,403,3,851,28.26931,16,1.11087,1.02,0,0,0,0,558842204,0.0,0.0,0.0
108604800,2025,5,19,6,9,46,1,1,1,0,21,799917234,3,1,0,0,0,0,1,1,1,31,114.1813868,22.3009209,15857,17460,301,530,761,389,7,855,27.0904,15,1.04138,1.02,0,0,0,0,558842204,0.0,0.0,0.0
108605000,2025,5,19,6,9,47,1,1,1,0,21,-82799,3,1,0,0,0,0,1,1,1,31,114.1813868,22.3009229,15846,17449,301,530,784,369,9,867,25.17404,18,1.22822,1.02,0,0,0,0,558842204,0.0,0.0,0.0
108605200,2025,5,19,6,9,47,1,1,1,0,21,199917167,3,1,0,0,0,0,1,1,1,31,114.1813868,22.3009248,15887,17489,302,530,798,350,4,872,23.69892,17,1.11647,1.02,0,0,0,0,558842204,0.0,0.0,0.0
108605400,2025,5,19,6,9,47,1,1,1,0,21,399917134,3,1,0,0,0,0,1,1,1,32,114.1813872,22.3009268,15831,17434,302,531,813,342,10,882,22.79177,15,0.96379,0.97,0,0,0,0,558842204,0.0,0.0,0.0
108605500,2025,5,19,6,9,47,1,1,1,0,21,499917117,3,1,0,0,0,0,1,1,1,31,114.181387,22.3009283,15783,17386,301,530,835,330,16,898,21.59524,16,1.0043,1.02,0,0,0,0,558842204,0.0,0.0,0.0
108605700,2025,5,19,6,9,47,1,1,1,0,21,699917084,3,1,0,0,0,0,1,1,1,31,114.1813871,22.3009302,15796,17399,301,530,847,318,14,904,20.58639,14,0.90483,1.02,0,0,0,0,558842204,0.0,0.0,0.0
108605900,2025,5,19,6,9,47,1,1,1,0,21,899917051,3,1,0,0,0,0,1,1,1,31,114.1813875,22.3009321,15773,17375,302,530,854,312,16,909,20.05462,12,0.74362,1.02,0,0,0,0,558842204,0.0,0.0,0.0
108606100,2025,5,19,6,9,48,1,1,1,0,21,99917018,3,1,0,0,0,0,1,1,1,32,114.1813875,22.3009341,15738,17341,302,530,867,299,19,917,19.00837,13,0.79051,1.0,0,0,0,0,558842204,0.0,0.0,0.0
108606300,2025,5,19,6,9,48,1,1,1,0,21,299916985,3,1,0,0,0,0,1,1,1,31,114.1813875,22.3009362,15761,17364,302,530,879,287,16,925,18.10581,13,0.78555,1.02,0,0,0,0,558842204,0.0,0.0,0.0
108606500,2025,5,19,6,9,48,1,1,1,0,21,499916952,3,1,0,0,0,0,1,1,1,31,114.181388,22.3009383,15718,17321,302,530,895,287,21,940,17.79936,13,0.80258,1.02,0,0,0,0,558842204,0.0,0.0,0.0
108606700,2025,5,19,6,9,48,1,1,1,0,21,699916919,3,1,0,0,0,0,1,1,1,31,114.1813882,22.3009406,15730,17333,302,531,914,277,19,955,16.85491,13,0.79405,1.02,0,0,0,0,558842204,0.0,0.0,0.0
108606900,2025,5,19,6,9,48,1,1,1,0,21,899916887,3,1,0,0,0,0,1,1,1,31,114.1813886,22.3009425,15730,17333,302,531,921,274,19,961,16.55857,11,0.65746,1.02,0,0,0,0,558842204,0.0,0.0,0.0
108607100,2025,5,19,6,9,49,1,1,1,0,21,99916854,3,1,0,0,0,0,1,1,1,31,114.1813885,22.3009443,15718,17321,302,531,925,259,20,961,15.61642,11,0.65373,1.02,0,0,0,0,558842204,0.0,0.0,0.0
108607300,2025,5,19,6,9,49,1,1,1,0,21,299916821,3,1,0,0,0,0,1,1,1,31,114.1813887,22.3009466,15751,17354,302,531,942,252,15,975,14.99077,11,0.68235,1.02,0,0,0,0,558842204,0.0,0.0,0.0
108607500,2025,5,19,6,9,49,1,1,1,0,22,499916788,3,1,0,0,0,0,1,1,1,31,114.1813888,22.3009489,15762,17365,302,531,957,244,14,987,14.31683,12,0.69489,1.02,0,0,0,0,558842204,0.0,0.0,0.0
108607700,2025,5,19,6,9,49,1,1,1,0,22,699916756,3,1,0,0,0,0,1,1,1,31,114.1813891,22.3009509,15752,17355,302,531,962,241,14,992,14.05116,10,0.58893,1.02,0,0,0,0,558842204,0.0,0.0,0.0
108607900,2025,5,19,6,9,49,1,1,1,0,22,899916723,3,1,0,0,0,0,1,1,1,31,114.1813884,22.3009525,15801,17404,303,531,959,216,9,984,12.71546,14,0.83099,1.02,0,0,0,0,558842204,0.0,0.0,0.0
108608100,2025,5,19,6,9,50,1,1,1,0,22,99916690,3,1,0,0,0,0,1,1,1,31,114.1813877,22.3009541,15730,17333,303,531,954,188,18,973,11.16492,17,1.022,1.02,0,0,0,0,558842204,0.0,0.0,0.0
108608300,2025,5,19,6,9,50,1,1,1,0,22,299916657,3,1,0,0,0,0,1,1,1,31,114.1813871,22.300956,15710,17313,303,531,960,161,20,973,9.54778,17,1.0185,1.02,0,0,0,0,558842204,0.0,0.0,0.0
108608500,2025,5,19,6,9,50,1,1,1,0,22,499916624,3,1,0,0,0,0,1,1,1,31,114.1813861,22.3009577,15724,17327,303,531,959,130,18,968,7.73961,18,1.08287,1.02,0,0,0,0,558842204,0.0,0.0,0.0
108608700,2025,5,19,6,9,50,1,1,1,0,22,699916592,3,1,0,0,0,0,1,1,1,31,114.1813858,22.3009596,15685,17288,303,531,961,118,22,968,6.99834,14,0.87084,1.02,0,0,0,0,558842204,0.0,0.0,0.0
108608900,2025,5,19,6,9,50,1,1,1,0,22,899916559,3,1,0,0,0,0,1,1,1,31,114.1813852,22.3009617,15692,17295,303,531,972,99,21,977,5.79207,15,0.88155,1.02,0,0,0,0,558842204,0.0,0.0,0.0
108609100,2025,5,19,6,9,51,1,1,1,0,22,99916526,3,1,0,0,0,0,1,1,1,31,114.1813847,22.3009635,15677,17280,303,532,972,83,22,975,4.89996,13,0.78787,1.02,0,0,0,0,558842204,0.0,0.0,0.0
108609300,2025,5,19,6,9,51,1,1,1,0,22,299916493,3,1,0,0,0,0,1,1,1,31,114.1813835,22.300965,15683,17286,303,532,965,56,22,967,3.30293,16,0.9611,1.02,0,0,0,0,558842204,0.0,0.0,0.0
108609500,2025,5,19,6,9,51,1,1,1,0,22,499916461,3,1,0,0,0,0,1,1,1,31,114.1813829,22.3009669,15717,17320,303,532,969,38,17,970,2.26616,16,0.96208,1.02,0,0,0,0,558842204,0.0,0.0,0.0
108609700,2025,5,19,6,9,51,1,1,1,0,22,699916428,3,1,0,0,0,0,1,1,1,31,114.1813818,22.3009695,15727,17330,303,532,997,6,16,997,0.33897,20,1.2079,1.02,0,0,0,0,558842204,0.0,0.0,0.0
108609900,2025,5,19,6,9,51,1,1,1,0,22,899916395,3,1,0,0,0,0,1,1,1,31,114.1813805,22.3009719,15701,17304,304,532,1014,-27,19,1014,358.4872,21,1.24443,1.02,0,0,0,0,558842204,0.0,0.0,0.0
108610000,2025,5,19,6,9,52,1,1,1,0,22,-83620,3,1,0,0,0,0,1,1,1,31,114.1813794,22.300973,15772,17375,303,531,1017,-51,11,1018,357.1262,19,1.12059,1.02,0,0,0,0,558842204,0.0,0.0,0.0
108610200,2025,5,19,6,9,52,1,1,1,0,22,199916346,3,1,0,0,0,0,1,1,1,31,114.1813784,22.3009744,15759,17362,303,532,1006,-73,12,1008,355.82484,18,1.05413,1.02,0,0,0,0,558842204,0.0,0.0,0.0
108610400,2025,5,19,6,9,52,1,1,1,0,22,399916313,3,1,0,0,0,0,1,1,1,31,114.1813771,22.3009759,15755,17358,303,532,998,-97,13,1003,354.44632,17,1.01932,1.02,0,0,0,0,558842204,0.0,0.0,0.0
108610600,2025,5,19,6,9,52,1,1,1,0,22,599916280,3,1,0,0,0,0,1,1,1,31,114.181376,22.3009778,15793,17396,303,532,1000,-117,9,1007,353.34728,16,0.93901,1.02,0,0,0,0,558842204,0.0,0.0,0.0
108610800,2025,5,19,6,9,52,1,1,1,0,22,799916248,3,1,0,0,0,0,1,1,1,31,114.181375,22.3009797,15758,17361,304,532,1003,-133,13,1011,352.47068,14,0.84022,1.02,0,0,0,0,558842204,0.0,0.0,0.0
108610900,2025,5,19,6,9,52,1,1,1,0,21,899916231,3,1,0,0,0,0,1,1,1,31,114.1813739,22.300981,15729,17332,303,532,1012,-154,16,1024,351.35336,16,0.90699,1.08,0,0,0,0,558842204,0.0,0.0,0.0
108611100,2025,5,19,6,9,53,1,1,1,0,22,99916198,3,1,0,0,0,0,1,1,1,31,114.1813731,22.3009824,15783,17386,303,532,1002,-164,10,1015,350.6766,14,0.81754,1.08,0,0,0,0,558842204,0.0,0.0,0.0
108611300,2025,5,19,6,9,53,1,1,1,0,22,299916166,3,1,0,0,0,0,1,1,1,31,114.181372,22.3009837,15759,17362,304,532,984,-186,13,1002,349.27696,17,0.98277,1.08,0,0,0,0,558842204,0.0,0.0,0.0
108611500,2025,5,19,6,9,53,1,1,1,0,22,499916133,3,1,0,0,0,0,1,1,1,31,114.1813704,22.3009857,15761,17364,304,532,991,-217,13,1014,347.64864,18,1.07497,1.08,0,0,0,0,558842204,0.0,0.0,0.0
108611700,2025,5,19,6,9,53,1,1,1,0,22,699916100,3,1,0,0,0,0,1,1,1,31,114.1813691,22.3009873,15773,17376,304,533,985,-241,11,1014,346.258,18,1.02227,1.08,0,0,0,0,558842204,0.0,0.0,0.0
108611800,2025,5,19,6,9,53,1,1,1,0,21,799916084,3,1,0,0,0,0,1,1,1,31,114.1813681,22.3009883,15780,17383,303,532,989,-257,11,1022,345.42428,15,0.88334,1.08,0,0,0,0,558842204,0.0,0.0,0.0
108612000,2025,5,19,6,9,54,1,1,1,0,22,-83948,3,1,0,0,0,0,1,1,1,31,114.1813668,22.300991,15696,17299,304,532,1012,-278,20,1050,344.61932,18,1.02383,1.02,0,0,0,0,558842204,0.0,0.0,0.0
108612200,2025,5,19,6,9,54,1,1,1,0,22,199916018,3,1,0,0,0,0,1,1,1,32,114.1813655,22.3009923,15708,17311,304,532,998,-294,18,1040,343.6046,17,0.94734,1.0,0,0,0,0,558842204,0.0,0.0,0.0
108612400,2025,5,19,6,9,54,1,1,1,0,22,399915986,3,1,0,0,0,0,1,1,1,32,114.1813642,22.3009937,15648,17251,304,533,987,-309,24,1034,342.63952,15,0.87149,1.0,0,0,0,0,558842204,0.0,0.0,0.0
108612500,2025,5,19,6,9,54,1,1,1,0,21,499915969,3,1,0,0,0,0,1,1,1,32,114.181363,22.3009943,15602,17205,303,532,981,-328,29,1034,341.52948,15,0.83974,1.0,0,0,0,0,558842204,0.0,0.0,0.0
108612700,2025,5,19,6,9,54,1,1,1,0,21,699915937,3,1,0,0,0,0,1,1,1,32,114.181362,22.300996,15622,17225,304,532,980,-338,26,1037,340.95872,14,0.79576,1.0,0,0,0,0,558842204,0.0,0.0,0.0
108612800,2025,5,19,6,9,54,1,1,1,0,21,799915920,3,1,0,0,0,0,1,1,1,32,114.1813612,22.3009972,15654,17257,303,531,988,-349,22,1048,340.52616,13,0.70933,1.0,0,0,0,0,558842204,0.0,0.0,0.0
108613000,2025,5,19,6,9,55,1,1,1,0,21,-84112,3,1,0,0,0,0,1,1,1,32,114.1813605,22.3009993,15631,17234,303,531,996,-349,24,1055,340.71024,11,0.61579,1.0,0,0,0,0,558842204,0.0,0.0,0.0
108613200,2025,5,19,6,9,55,1,1,1,0,21,199915854,3,1,0,0,0,0,1,1,1,32,114.1813595,22.3010012,15672,17275,303,532,999,-357,19,1061,340.33592,11,0.60105,1.0,0,0,0,0,558842204,0.0,0.0,0.0
108613300,2025,5,19,6,9,55,1,1,1,0,21,299915838,3,1,0,0,0,0,1,1,1,32,114.181359,22.301002,15682,17285,303,531,997,-359,17,1059,340.16524,10,0.59113,1.0,0,0,0,0,558842204,0.0,0.0,0.0
108613500,2025,5,19,6,9,55,1,1,1,0,21,499915805,3,1,0,0,0,0,1,1,1,32,114.1813579,22.3010032,15660,17263,303,531,980,-369,19,1048,339.36824,11,0.62084,1.0,0,0,0,0,558842204,0.0,0.0,0.0
108613700,2025,5,19,6,9,55,1,1,1,0,21,699915772,3,1,0,0,0,0,1,1,1,32,114.1813566,22.3010055,15645,17248,303,532,992,-380,21,1063,339.04812,11,0.63591,1.0,0,0,0,0,558842204,0.0,0.0,0.0
108613900,2025,5,19,6,9,55,1,1,1,0,21,899915739,3,1,0,0,0,0,1,1,1,32,114.1813559,22.3010082,15637,17240,304,532,1021,-378,21,1089,339.66908,16,0.86213,1.0,0,0,0,0,558842204,0.0,0.0,0.0
108614100,2025,5,19,6,9,56,1,1,1,0,21,99915705,3,1,0,0,0,0,1,1,1,32,114.1813555,22.3010103,15594,17197,304,532,1031,-371,25,1095,340.21324,14,0.75885,1.0,0,0,0,0,558842204,0.0,0.0,0.0
108614300,2025,5,19,6,9,56,1,1,1,0,21,299915672,3,1,0,0,0,0,1,1,1,32,114.1813545,22.3010118,15637,17240,304,532,1019,-376,20,1086,339.73624,12,0.69703,1.0,0,0,0,0,558842204,0.0,0.0,0.0
108614500,2025,5,19,6,9,56,1,1,1,0,22,499915639,3,1,0,0,0,0,1,1,1,32,114.1813539,22.3010135,15584,17187,304,532,1013,-371,25,1079,339.8946,11,0.64403,1.0,0,0,0,0,558842204,0.0,0.0,0.0
108614600,2025,5,19,6,9,56,1,1,1,0,21,599915623,3,1,0,0,0,0,1,1,1,32,114.1813538,22.3010144,15519,17123,304,532,1013,-365,32,1077,340.21352,10,0.59846,1.0,0,0,0,0,558842204,0.0,0.0,0.0
108614800,2025,5,19,6,9,56,1,1,1,0,21,799915589,3,1,0,0,0,0,1,1,1,32,114.1813529,22.3010166,15546,17149,304,532,1021,-369,28,1086,340.12664,10,0.58296,1.0,0,0,0,0,558842204,0.0,0.0,0.0
108615000,2025,5,19,6,9,57,1,1,1,0,21,-84443,3,1,0,0,0,0,1,1,1,32,114.1813522,22.3010193,15524,17127,304,532,1043,-368,29,1106,340.55804,13,0.71308,1.0,0,0,0,0,558842204,0.0,0.0,0.0
108615200,2025,5,19,6,9,57,1,1,1,0,22,199915522,3,1,0,0,0,0,1,1,1,32,114.1813514,22.3010217,15494,17097,304,532,1061,-371,32,1124,340.72004,14,0.75522,1.0,0,0,0,0,558842204,0.0,0.0,0.0
108615400,2025,5,19,6,9,57,1,1,1,0,22,399915490,3,1,0,0,0,0,1,1,1,32,114.1813501,22.3010231,15470,17073,304,532,1043,-385,34,1112,339.75952,14,0.79314,1.0,0,0,0,0,558842204,0.0,0.0,0.0
108615500,2025,5,19,6,9,57,1,1,1,0,21,499915474,3,1,0,0,0,0,1,1,1,32,114.1813496,22.3010239,15421,17024,304,532,1037,-388,40,1107,339.50088,12,0.66619,1.0,0,0,0,0,558842204,0.0,0.0,0.0
108615700,2025,5,19,6,9,57,1,1,1,0,21,699915441,3,1,0,0,0,0,1,1,1,32,114.181348,22.3010254,15417,17020,304,532,1026,-407,39,1104,338.38204,13,0.72534,1.0,0,0,0,0,558842204,0.0,0.0,0.0
108615900,2025,5,19,6,9,57,1,1,1,0,21,899915408,3,1,0,0,0,0,1,1,1,32,114.1813466,22.301027,15413,17016,304,532,1019,-422,39,1103,337.51352,13,0.70816,1.0,0,0,0,0,558842204,0.0,0.0,0.0
108616000,2025,5,19,6,9,58,1,1,1,0,21,-84608,3,1,0,0,0,0,1,1,1,32,114.1813456,22.3010278,15430,17033,304,532,1015,-436,37,1104,336.76684,12,0.64841,1.0,0,0,0,0,558842204,0.0,0.0,0.0
108616200,2025,5,19,6,9,58,1,1,1,0,21,199915358,3,1,0,0,0,0,1,1,1,31,114.1813441,22.3010295,15412,17015,304,532,1010,-449,38,1105,336.0536,11,0.60664,1.05,0,0,0,0,558842204,0.0,0.0,0.0
108616300,2025,5,19,6,9,58,1,1,1,0,21,299915342,3,1,0,0,0,0,1,1,1,31,114.1813432,22.3010304,15434,17037,304,532,1011,-459,36,1110,335.6006,10,0.55799,1.05,0,0,0,0,558842204,0.0,0.0,0.0
108616400,2025,5,19,6,9,58,1,1,1,0,21,399915325,3,1,0,0,0,0,1,1,1,31,114.1813422,22.3010306,15487,17091,303,531,991,-471,29,1097,334.56622,13,0.74922,1.05,0,0,0,0,558842204,0.0,0.0,0.0
108616600,2025,5,19,6,9,58,1,1,1,0,21,599915292,3,1,0,0,0,0,1,1,1,31,114.1813406,22.3010317,15481,17084,304,531,970,-485,30,1085,333.46574,15,0.8427,1.05,0,0,0,0,558842204,0.0,0.0,0.0
108616800,2025,5,19,6,9,58,1,1,1,0,21,799915259,3,1,0,0,0,0,1,1,1,32,114.1813385,22.3010334,15468,17071,304,532,971,-509,31,1096,332.33912,16,0.88714,1.0,0,0,0,0,558842204,0.0,0.0,0.0
108617000,2025,5,19,6,9,59,1,1,1,0,21,-84773,3,1,0,0,0,0,1,1,1,31,114.1813368,22.3010351,15475,17078,304,532,968,-530,30,1103,331.31038,17,0.89681,1.05,0,0,0,0,558842204,0.0,0.0,0.0
108617200,2025,5,19,6,9,59,1,1,1,0,21,199915193,3,1,0,0,0,0,1,1,1,32,114.1813357,22.301037,15447,17050,304,532,970,-530,32,1106,331.35236,13,0.70751,1.0,0,0,0,0,558842204,0.0,0.0,0.0
108617400,2025,5,19,6,9,59,1,1,1,0,21,399915160,3,1,0,0,0,0,1,1,1,32,114.1813342,22.3010389,15433,17036,304,533,976,-541,33,1116,330.99674,12,0.62078,1.0,0,0,0,0,558842204,0.0,0.0,0.0
108617600,2025,5,19,6,9,59,1,1,1,0,21,599915127,3,1,0,0,0,0,1,1,1,32,114.1813326,22.3010406,15404,17008,304,533,974,-555,36,1121,330.34424,11,0.57793,1.0,0,0,0,0,558842204,0.0,0.0,0.0
108617800,2025,5,19,6,9,59,1,1,1,0,22,799915094,3,1,0,0,0,0,1,1,1,32,114.1813313,22.3010423,15380,16983,305,533,971,-560,38,1121,330.0477,11,0.56842,1.0,0,0,0,0,558842204,0.0,0.0,0.0
108617900,2025,5,19,6,9,59,1,1,1,0,21,899915078,3,1,0,0,0,0,1,1,1,32,114.1813303,22.3010433,15394,16997,304,533,974,-568,36,1127,329.74714,10,0.55583,1.0,0,0,0,0,558842204,0.0,0.0,0.0
108618100,2025,5,19,6,10,0,1,1,1,0,21,99915045,3,1,0,0,0,0,1,1,1,32,114.1813289,22.3010453,15381,16985,304,533,980,-575,37,1136,329.59752,10,0.54264,1.0,0,0,0,0,558842204,0.0,0.0,0.0
108618300,2025,5,19,6,10,0,1,1,1,0,21,299915012,3,1,0,0,0,0,1,1,1,32,114.1813275,22.3010471,15333,16936,305,533,980,-581,41,1139,329.33994,10,0.53231,1.0,0,0,0,0,558842204,0.0,0.0,0.0
108618500,2025,5,19,6,10,0,1,1,1,0,22,499914979,3,1,0,0,0,0,1,1,1,32,114.1813256,22.3010487,15386,16989,305,534,974,-600,34,1144,328.37088,12,0.61241,1.0,0,0,0,0,558842204,0.0,0.0,0.0
108618600,2025,5,19,6,10,0,1,1,1,0,21,599914962,3,1,0,0,0,0,1,1,1,32,114.1813249,22.3010494,15354,16957,304,533,969,-603,37,1141,328.09986,11,0.59367,1.0,0,0,0,0,558842204,0.0,0.0,0.0
108618700,2025,5,19,6,10,0,1,1,1,0,21,699914946,3,1,0,0,0,0,1,1,1,32,114.1813242,22.30105,15316,16920,304,533,958,-605,41,1133,327.71152,11,0.58567,1.0,0,0,0,0,558842204,0.0,0.0,0.0
108618800,2025,5,19,6,10,0,1,1,1,0,21,799914929,3,1,0,0,0,0,1,1,1,32,114.1813233,22.3010506,15299,16902,304,532,950,-612,43,1130,327.19156,11,0.5755,1.0,0,0,0,0,558842204,0.0,0.0,0.0
108618900,2025,5,19,6,10,0,1,1,1,0,21,899914913,3,1,0,0,0,0,1,1,1,32,114.1813221,22.3010517,15251,16854,303,532,956,-626,48,1143,326.75926,11,0.55851,1.0,0,0,0,0,558842204,0.0,0.0,0.0
108619000,2025,5,19,6,10,1,1,1,1,0,21,-85103,3,1,0,0,0,0,1,1,1,32,114.1813209,22.3010525,15274,16878,303,531,953,-640,45,1148,326.1231,11,0.56412,1.0,0,0,0,0,558842204,0.0,0.0,0.0
108619200,2025,5,19,6,10,1,1,1,1,0,21,199914863,3,1,0,0,0,0,1,1,1,32,114.1813198,22.3010546,15270,16873,303,532,964,-636,45,1155,326.5785,10,0.53273,1.0,0,0,0,0,558842204,0.0,0.0,0.0
108619300,2025,5,19,6,10,1,1,1,1,0,21,299914847,3,1,0,0,0,0,1,1,1,32,114.1813194,22.3010556,15221,16824,303,531,966,-629,49,1153,326.90072,10,0.5254,1.0,0,0,0,0,558842204,0.0,0.0,0.0
108619500,2025,5,19,6,10,1,1,1,1,0,21,499914814,3,1,0,0,0,0,1,1,1,32,114.1813181,22.3010575,15218,16821,303,531,971,-632,49,1158,326.92196,10,0.51442,1.0,0,0,0,0,558842204,0.0,0.0,0.0
108619600,2025,5,19,6,10,1,1,1,1,0,21,599914797,3,1,0,0,0,0,1,1,1,32,114.1813172,22.3010583,15230,16833,303,531,968,-637,47,1159,326.6491,10,0.5284,1.0,0,0,0,0,558842204,0.0,0.0,0.0
108619800,2025,5,19,6,10,1,1,1,1,0,21,799914765,3,1,0,0,0,0,1,1,1,31,114.1813166,22.3010599,15270,16873,303,531,964,-623,41,1148,327.13948,10,0.52533,1.05,0,0,0,0,558842204,0.0,0.0,0.0
108619900,2025,5,19,6,10,1,1,1,1,0,21,899914748,3,1,0,0,0,0,1,1,1,31,114.1813165,22.3010608,15275,16878,303,531,962,-612,40,1140,327.554,10,0.52091,1.05,0,0,0,0,558842204,0.0,0.0,0.0
108620000,2025,5,19,6,10,2,1,1,1,0,21,-85267,3,1,0,0,0,0,1,1,1,31,114.1813161,22.3010618,15312,16915,303,531,967,-606,35,1142,327.9222,10,0.53535,1.05,0,0,0,0,558842204,0.0,0.0,0.0
108620200,2025,5,19,6,10,2,1,1,1,0,21,199914698,3,1,0,0,0,0,1,1,1,31,114.181315,22.3010638,15342,16946,303,531,972,-604,31,1144,328.15316,10,0.52601,1.05,0,0,0,0,558842204,0.0,0.0,0.0
108620400,2025,5,19,6,10,2,1,1,1,0,21,399914665,3,1,0,0,0,0,1,1,1,31,114.1813143,22.3010657,15326,16930,303,531,974,-593,32,1141,328.65444,10,0.52045,1.05,0,0,0,0,558842204,0.0,0.0,0.0
108620600,2025,5,19,6,10,2,1,1,1,0,21,599914632,3,1,0,0,0,0,1,1,1,32,114.1813129,22.3010674,15373,16976,303,532,973,-598,26,1142,328.42856,12,0.59637,1.05,0,0,0,0,558842204,0.0,0.0,0.0
108620800,2025,5,19,6,10,2,1,1,1,0,21,799914599,3,1,0,0,0,0,1,1,1,32,114.1813115,22.3010692,15345,16949,303,532,975,-603,29,1146,328.24734,11,0.58255,1.0,0,0,0,0,558842204,0.0,0.0,0.0
108621000,2025,5,19,6,10,3,1,1,1,0,21,-85433,3,1,0,0,0,0,1,1,1,32,114.1813102,22.3010709,15335,16939,304,532,973,-608,30,1147,327.98606,11,0.57071,1.0,0,0,0,0,558842204,0.0,0.0,0.0
108621200,2025,5,19,6,10,3,1,1,1,0,21,199914533,3,1,0,0,0,0,1,1,1,32,114.181309,22.3010722,15383,16987,304,533,958,-608,24,1135,327.61748,11,0.56586,1.0,0,0,0,0,558842204,0.0,0.0,0.0
108621300,2025,5,19,6,10,3,1,1,1,0,21,299914516,3,1,0,0,0,0,1,1,1,32,114.1813083,22.3010729,15392,16996,304,532,951,-609,23,1129,327.38976,11,0.55841,1.0,0,0,0,0,558842204,0.0,0.0,0.0
108621400,2025,5,19,6,10,3,1,1,1,0,21,399914500,3,1,0,0,0,0,1,1,1,32,114.1813077,22.3010734,15374,16978,303,532,943,-609,25,1122,327.16652,11,0.5522,1.0,0,0,0,0,558842204,0.0,0.0,0.0
108621600,2025,5,19,6,10,3,1,1,1,0,21,599914466,3,1,0,0,0,0,1,1,1,32,114.181306,22.3010743,15377,16980,303,532,920,-620,25,1109,326.031,14,0.76451,1.0,0,0,0,0,558842204,0.0,0.0,0.0
108621700,2025,5,19,6,10,3,1,1,1,0,21,699914450,3,1,0,0,0,0,1,1,1,32,114.1813053,22.301074,15422,17025,303,532,889,-622,20,1085,325.03518,19,1.02359,1.0,0,0,0,0,558842204,0.0,0.0,0.0
108621800,2025,5,19,6,10,3,1,1,1,0,21,799914433,3,1,0,0,0,0,1,1,1,32,114.1813042,22.3010741,15410,17014,303,531,871,-631,22,1076,324.06516,18,0.94746,1.0,0,0,0,0,558842204,0.0,0.0,0.0
108621900,2025,5,19,6,10,3,1,1,1,0,21,899914417,3,1,0,0,0,0,1,1,1,32,114.1813034,22.3010738,15373,16976,303,531,843,-635,26,1055,322.98844,21,1.13499,1.0,0,0,0,0,558842204,0.0,0.0,0.0
108622100,2025,5,19,6,10,4,1,1,1,0,21,99914383,3,1,0,0,0,0,1,1,1,32,114.1813011,22.3010742,15323,16927,303,532,803,-664,33,1042,320.4291,27,1.48721,1.0,0,0,0,0,558842204,0.0,0.0,0.0
108622300,2025,5,19,6,10,4,1,1,1,0,21,299914350,3,1,0,0,0,0,1,1,1,32,114.1812996,22.3010745,15368,16971,303,532,764,-668,27,1015,318.8276,27,1.49926,1.0,0,0,0,0,558842204,0.0,0.0,0.0
108622400,2025,5,19,6,10,4,1,1,1,0,21,399914333,3,1,0,0,0,0,1,1,1,32,114.1812985,22.3010744,15383,16987,303,532,741,-679,26,1005,317.47562,23,1.31607,1.0,0,0,0,0,558842204,0.0,0.0,0.0
108622500,2025,5,19,6,10,4,1,1,1,0,21,499914317,3,1,0,0,0,0,1,1,1,32,114.1812977,22.3010739,15381,16984,303,531,704,-684,27,982,315.83054,25,1.40394,1.05,0,0,0,0,558842204,0.0,0.0,0.0
108622700,2025,5,19,6,10,4,1,1,1,0,21,699914283,3,1,0,0,0,0,1,1,1,31,114.1812959,22.3010737,15400,17003,303,532,659,-695,25,958,313.49046,28,1.64588,1.05,0,0,0,0,558842204,0.0,0.0,0.0
108622800,2025,5,19,6,10,4,1,1,1,0,21,799914267,3,1,0,0,0,0,1,1,1,31,114.181295,22.301073,15442,17045,302,531,620,-698,20,934,311.63656,29,1.6886,1.05,0,0,0,0,558842204,0.0,0.0,0.0
108623000,2025,5,19,6,10,5,1,1,1,0,21,-85766,3,1,0,0,0,0,1,1,1,32,114.1812935,22.3010724,15467,17070,303,532,573,-700,17,905,309.2914,32,1.91223,1.05,0,0,0,0,558842204,0.0,0.0,0.0
108623200,2025,5,19,6,10,5,1,1,1,0,21,199914200,3,1,0,0,0,0,1,1,1,32,114.1812918,22.3010718,15467,17070,303,532,530,-707,18,884,306.84238,32,1.94137,1.0,0,0,0,0,558842204,0.0,0.0,0.0
108623400,2025,5,19,6,10,5,1,1,1,0,21,399914166,3,1,0,0,0,0,1,1,1,31,114.1812904,22.3010719,15581,17185,303,533,509,-707,6,871,305.74486,29,1.79982,1.05,0,0,0,0,558842204,0.0,0.0,0.0
108623600,2025,5,19,6,10,5,1,1,1,0,21,599914132,3,1,0,0,0,0,1,1,1,31,114.1812884,22.301072,15586,17190,303,533,488,-720,6,870,304.14188,28,1.68998,1.05,0,0,0,0,558842204,0.0,0.0,0.0
108623800,2025,5,19,6,10,5,1,1,1,0,21,799914099,3,1,0,0,0,0,1,1,1,31,114.1812862,22.3010713,15672,17275,304,534,453,-733,-2,862,301.68706,29,1.74528,1.05,0,0,0,0,558842204,0.0,0.0,0.0
108624000,2025,5,19,6,10,6,1,1,1,0,21,-85933,3,1,0,0,0,0,1,1,1,30,114.1812843,22.3010714,15692,17295,304,534,435,-742,-4,860,300.40688,24,1.46081,1.13,0,0,0,0,558842204,0.0,0.0,0.0
108624200,2025,5,19,6,10,6,1,1,1,0,22,199914032,3,1,0,0,0,0,1,1,1,31,114.1812824,22.301071,15707,17310,304,534,410,-750,-5,855,298.68768,23,1.42504,1.05,0,0,0,0,558842204,0.0,0.0,0.0
108624400,2025,5,19,6,10,6,1,1,1,0,22,399913999,3,1,0,0,0,0,1,1,1,31,114.1812805,22.3010708,15698,17301,304,535,380,-761,-3,851,296.50384,29,1.81596,1.05,0,0,0,0,558842204,0.0,0.0,0.0
108624600,2025,5,19,6,10,6,1,1,1,0,22,599913966,3,1,0,0,0,0,1,1,1,31,114.1812788,22.3010713,15691,17294,305,536,376,-765,-2,853,296.16668,29,1.79843,1.05,0,0,0,0,558842204,0.0,0.0,0.0
108624700,2025,5,19,6,10,6,1,1,1,0,22,699913949,3,1,0,0,0,0,1,1,1,31,114.1812778,22.3010716,15680,17283,305,536,374,-771,-1,857,295.85516,28,1.7572,1.05,0,0,0,0,558842204,0.0,0.0,0.0
108624900,2025,5,19,6,10,6,1,1,1,0,22,899913916,3,1,0,0,0,0,1,1,1,31,114.1812757,22.3010718,15698,17302,305,536,359,-783,-2,861,294.6671,29,1.77777,1.05,0,0,0,0,558842204,0.0,0.0,0.0
108625100,2025,5,19,6,10,7,1,1,1,0,22,99913882,3,1,0,0,0,0,1,1,1,31,114.1812736,22.3010712,15763,17366,305,537,329,-794,-8,860,292.46996,27,1.62401,1.05,0,0,0,0,558842204,0.0,0.0,0.0
108625300,2025,5,19,6,10,7,1,1,1,0,22,299913849,3,1,0,0,0,0,1,1,1,31,114.1812718,22.3010704,15789,17393,305,537,292,-799,-11,850,290.06432,26,1.61582,1.05,0,0,0,0,558842204,0.0,0.0,0.0
108625500,2025,5,19,6,10,7,1,1,1,0,22,499913813,3,1,0,0,0,0,1,1,1,31,114.1812695,22.3010701,15824,17427,305,537,272,-813,-13,857,288.48854,22,1.34961,1.05,0,0,0,0,558842204,0.0,0.0,0.0
108625700,2025,5,19,6,10,7,1,1,1,0,22,699913779,3,1,0,0,0,0,1,1,1,31,114.1812671,22.3010684,15819,17422,306,537,222,-828,-12,857,285.01074,30,1.8097,1.05,0,0,0,0,558842204,0.0,0.0,0.0
108625900,2025,5,19,6,10,7,1,1,1,0,22,899913747,3,1,0,0,0,0,1,1,1,31,114.181265,22.3010671,15802,17406,306,538,184,-837,-10,857,282.39284,29,1.75275,1.05,0,0,0,0,558842204,0.0,0.0,0.0
108626100,2025,5,19,6,10,8,1,1,1,0,22,99913714,3,1,0,0,0,0,1,1,1,31,114.1812635,22.3010665,15877,17480,306,538,163,-834,-17,850,281.08988,26,1.5294,1.05,0,0,0,0,558842204,0.0,0.0,0.0
108626300,2025,5,19,6,10,8,1,1,1,0,22,299913681,3,1,0,0,0,0,1,1,1,31,114.1812619,22.3010656,15850,17453,306,538,140,-833,-14,845,279.5586,23,1.3782,1.05,0,0,0,0,558842204,0.0,0.0,0.0
108626500,2025,5,19,6,10,8,1,1,1,0,22,499913647,3,1,0,0,0,0,1,1,1,31,114.1812597,22.3010644,15846,17450,306,538,111,-843,-13,850,277.47912,24,1.45145,1.05,0,0,0,0,558842204,0.0,0.0,0.0
108626700,2025,5,19,6,10,8,1,1,1,0,22,699913613,3,1,0,0,0,0,1,1,1,31,114.1812577,22.3010638,15876,17480,306,539,95,-848,-16,853,276.36396,21,1.23379,1.05,0,0,0,0,558842204,0.0,0.0,0.0
108626800,2025,5,19,6,10,8,1,1,1,0,22,799913596,3,1,0,0,0,0,1,1,1,31,114.1812562,22.3010625,15910,17514,306,538,65,-860,-18,863,274.3084,24,1.39963,1.05,0,0,0,0,558842204,0.0,0.0,0.0
108627000,2025,5,19,6,10,9,1,1,1,0,22,-86435,3,1,0,0,0,0,1,1,1,31,114.181254,22.3010615,15896,17500,306,538,42,-869,-17,870,272.77052,22,1.29962,1.05,0,0,0,0,558842204,0.0,0.0,0.0
108627200,2025,5,19,6,10,9,1,1,1,0,22,199913532,3,1,0,0,0,0,1,1,1,31,114.1812522,22.3010606,15925,17528,306,539,23,-870,-19,870,271.52134,20,1.15472,1.05,0,0,0,0,558842204,0.0,0.0,0.0
108627400,2025,5,19,6,10,9,1,1,1,0,22,399913498,3,1,0,0,0,0,1,1,1,31,114.1812501,22.3010598,15908,17511,306,539,-3,-879,-17,879,269.81472,21,1.28385,1.05,0,0,0,0,558842204,0.0,0.0,0.0
108627600,2025,5,19,6,10,9,1,1,1,0,22,599913464,3,1,0,0,0,0,1,1,1,31,114.1812481,22.3010585,15873,17476,306,539,-39,-886,-13,887,267.4783,23,1.39135,1.05,0,0,0,0,558842204,0.0,0.0,0.0
108627800,2025,5,19,6,10,9,1,1,1,0,22,799913431,3,1,0,0,0,0,1,1,1,31,114.1812465,22.301058,15891,17494,307,540,-49,-882,-14,883,266.8125,20,1.19679,1.05,0,0,0,0,558842204,0.0,0.0,0.0
108628000,2025,5,19,6,10,10,1,1,1,0,22,-86601,3,1,0,0,0,0,1,1,1,31,114.1812447,22.3010573,15873,17476,307,540,-66,-885,-12,887,265.748,18,1.07918,1.05,0,0,0,0,558842204,0.0,0.0,0.0
108628200,2025,5,19,6,10,10,1,1,1,0,22,199913366,3,1,0,0,0,0,1,1,1,31,114.1812428,22.3010561,15911,17515,307,540,-92,-888,-16,893,264.10456,18,1.07472,1.05,0,0,0,0,558842204,0.0,0.0,0.0
108628300,2025,5,19,6,10,10,1,1,1,0,22,299913350,3,1,0,0,0,0,1,1,1,31,114.181242,22.3010549,15932,17536,306,540,-117,-886,-18,894,262.45186,19,1.12637,1.05,0,0,0,0,558842204,0.0,0.0,0.0
108628400,2025,5,19,6,10,10,1,1,1,0,22,399913333,3,1,0,0,0,0,1,1,1,31,114.1812413,22.3010539,15930,17533,306,539,-140,-882,-18,893,260.97278,18,1.07732,1.05,0,0,0,0,558842204,0.0,0.0,0.0
108628600,2025,5,19,6,10,10,1,1,1,0,22,599913299,3,1,0,0,0,0,1,1,1,31,114.1812396,22.3010524,15917,17521,306,540,-167,-883,-17,899,259.31466,19,1.1207,1.05,0,0,0,0,558842204,0.0,0.0,0.0
108628800,2025,5,19,6,10,10,1,1,1,0,22,799913265,3,1,0,0,0,0,1,1,1,31,114.1812379,22.3010509,16000,17604,306,540,-194,-881,-24,902,257.58852,20,1.18564,1.05,0,0,0,0,558842204,0.0,0.0,0.0
108628900,2025,5,19,6,10,10,1,1,1,0,22,899913249,3,1,0,0,0,0,1,1,1,31,114.1812372,22.3010503,16019,17622,306,539,-202,-879,-26,902,257.03012,16,0.92915,1.05,0,0,0,0,558842204,0.0,0.0,0.0
108629000,2025,5,19,6,10,11,1,1,1,0,21,-86767,3,1,0,0,0,0,1,1,1,31,114.1812359,22.3010493,16001,17604,305,538,-222,-886,-24,913,255.9168,17,0.95333,1.05,0,0,0,0,558842204,0.0,0.0,0.0
108629200,2025,5,19,6,10,11,1,1,1,0,22,199913200,3,1,0,0,0,0,1,1,1,31,114.181234,22.3010482,15993,17597,306,539,-238,-890,-23,921,255.05932,15,0.86392,1.05,0,0,0,0,558842204,0.0,0.0,0.0
108629400,2025,5,19,6,10,11,1,1,1,0,22,399913168,3,1,0,0,0,0,1,1,1,31,114.1812322,22.3010472,16013,17617,306,539,-250,-890,-25,925,254.33226,13,0.75982,1.05,0,0,0,0,558842204,0.0,0.0,0.0
108629500,2025,5,19,6,10,11,1,1,1,0,21,499913151,3,1,0,0,0,0,1,1,1,31,114.1812307,22.3010469,16007,17611,305,538,-253,-902,-24,937,254.3536,12,0.70269,1.05,0,0,0,0,558842204,0.0,0.0,0.0
108629700,2025,5,19,6,10,11,1,1,1,0,21,699913118,3,1,0,0,0,0,1,1,1,31,114.1812286,22.3010462,15966,17569,305,538,-260,-908,-20,944,254.03246,11,0.617,1.05,0,0,0,0,558842204,0.0,0.0,0.0
108629800,2025,5,19,6,10,11,1,1,1,0,21,799913101,3,1,0,0,0,0,1,1,1,31,114.1812271,22.3010456,15953,17557,305,538,-268,-919,-18,958,253.75388,11,0.60831,1.05,0,0,0,0,558842204,0.0,0.0,0.0
108629900,2025,5,19,6,10,11,1,1,1,0,21,899913084,3,1,0,0,0,0,1,1,1,31,114.1812259,22.301045,15976,17579,305,537,-277,-924,-20,964,253.2799,10,0.57597,1.05,0,0,0,0,558842204,0.0,0.0,0.0
108630100,2025,5,19,6,10,12,1,1,1,0,21,99913051,3,1,0,0,0,0,1,1,1,31,114.1812235,22.3010444,15978,17582,305,538,-280,-936,-20,977,253.33486,10,0.54602,1.05,0,0,0,0,558842204,0.0,0.0,0.0
108630300,2025,5,19,6,10,12,1,1,1,0,21,299913017,3,1,0,0,0,0,1,1,1,31,114.1812206,22.3010432,15927,17530,305,538,-296,-956,-14,1001,252.79566,16,0.83442,1.05,0,0,0,0,558842204,0.0,0.0,0.0
108630500,2025,5,19,6,10,12,1,1,1,0,21,499912982,3,1,0,0,0,0,1,1,1,31,114.1812186,22.3010425,15983,17587,305,538,-302,-957,-20,1004,252.46442,15,0.79516,1.05,0,0,0,0,558842204,0.0,0.0,0.0
108630600,2025,5,19,6,10,12,1,1,1,0,21,599912965,3,1,0,0,0,0,1,1,1,31,114.1812172,22.3010423,15944,17548,305,538,-301,-967,-15,1013,252.6904,13,0.69958,1.05,0,0,0,0,558842204,0.0,0.0,0.0
108630700,2025,5,19,6,10,12,1,1,1,0,21,699912948,3,1,0,0,0,0,1,1,1,31,114.1812161,22.3010422,15917,17521,304,537,-295,-972,-12,1016,253.09534,11,0.5858,1.05,0,0,0,0,558842204,0.0,0.0,0.0
108630800,2025,5,19,6,10,12,1,1,1,0,21,799912931,3,1,0,0,0,0,1,1,1,31,114.1812148,22.3010417,15864,17467,304,536,-301,-980,-7,1026,252.92762,11,0.56682,1.05,0,0,0,0,558842204,0.0,0.0,0.0
108630900,2025,5,19,6,10,12,1,1,1,0,21,899912914,3,1,0,0,0,0,1,1,1,31,114.1812131,22.3010413,15867,17471,304,536,-307,-996,-6,1043,252.86016,12,0.59536,1.05,0,0,0,0,558842204,0.0,0.0,0.0
108631100,2025,5,19,6,10,13,1,1,1,0,21,99912880,3,1,0,0,0,0,1,1,1,31,114.1812107,22.3010407,15863,17467,304,536,-309,-1006,-6,1052,252.92694,11,0.55294,1.05,0,0,0,0,558842204,0.0,0.0,0.0
108631300,2025,5,19,6,10,13,1,1,1,0,21,299912847,3,1,0,0,0,0,1,1,1,31,114.1812084,22.3010402,15812,17416,304,536,-309,-1013,0,1059,253.05688,10,0.51702,1.05,0,0,0,0,558842204,0.0,0.0,0.0
108631400,2025,5,19,6,10,13,1,1,1,0,21,399912831,3,1,0,0,0,0,1,1,1,31,114.1812073,22.3010398,15821,17425,303,536,-312,-1015,-1,1061,252.9278,10,0.50626,1.05,0,0,0,0,558842204,0.0,0.0,0.0
108631500,2025,5,19,6,10,13,1,1,1,0,21,499912814,3,1,0,0,0,0,1,1,1,31,114.1812065,22.3010397,15877,17481,303,535,-307,-1011,-7,1057,253.11348,10,0.49881,1.05,0,0,0,0,558842204,0.0,0.0,0.0
108631600,2025,5,19,6,10,13,1,1,1,0,21,599912798,3,1,0,0,0,0,1,1,1,31,114.1812052,22.3010398,15891,17495,303,534,-297,-1017,-8,1060,253.7033,10,0.51484,1.05,0,0,0,0,558842204,0.0,0.0,0.0
108631700,2025,5,19,6,10,13,1,1,1,0,21,699912781,3,1,0,0,0,0,1,1,1,31,114.1812042,22.3010396,15843,17447,302,534,-294,-1018,-3,1059,253.89642,10,0.50518,1.05,0,0,0,0,558842204,0.0,0.0,0.0
108631800,2025,5,19,6,10,13,1,1,1,0,21,799912765,3,1,0,0,0,0,1,1,1,31,114.1812031,22.3010395,15832,17435,302,533,-292,-1019,-2,1060,254.02728,10,0.49526,1.05,0,0,0,0,558842204,0.0,0.0,0.0
108631900,2025,5,19,6,10,13,1,1,1,0,21,899912748,3,1,0,0,0,0,1,1,1,31,114.1812019,22.3010393,15826,17430,302,533,-290,-1023,-1,1063,254.19398,10,0.51212,1.05,0,0,0,0,558842204,0.0,0.0,0.0
108632000,2025,5,19,6,10,14,1,1,1,0,21,-87269,3,1,0,0,0,0,1,1,1,31,114.1812007,22.301039,15829,17432,301,532,-291,-1028,-1,1068,254.19164,10,0.50002,1.05,0,0,0,0,558842204,0.0,0.0,0.0
108632200,2025,5,19,6,10,14,1,1,1,0,21,199912696,3,1,0,0,0,0,1,1,1,31,114.1811985,22.3010381,15810,17414,301,532,-300,-1032,1,1075,253.77794,10,0.48865,1.05,0,0,0,0,558842204,0.0,0.0,0.0
108632400,2025,5,19,6,10,14,1,1,1,0,21,399912663,3,1,0,0,0,0,1,1,1,31,114.1811962,22.3010376,15780,17383,302,533,-299,-1038,4,1080,253.95136,11,0.57617,1.05,0,0,0,0,558842204,0.0,0.0,0.0
108632500,2025,5,19,6,10,14,1,1,1,0,21,499912648,3,1,0,0,0,0,1,1,1,31,114.1811954,22.3010372,15776,17380,301,532,-305,-1034,4,1078,253.58548,11,0.57154,1.05,0,0,0,0,558842204,0.0,0.0,0.0
108632700,2025,5,19,6,10,14,1,1,1,0,21,699912616,3,1,0,0,0,0,1,1,1,31,114.1811931,22.3010367,15763,17366,301,533,-305,-1040,6,1084,253.67052,11,0.54934,1.05,0,0,0,0,558842204,0.0,0.0,0.0
108632800,2025,5,19,6,10,14,1,1,1,0,21,799912599,3,1,0,0,0,0,1,1,1,31,114.1811925,22.3010363,15770,17373,301,532,-307,-1029,4,1074,253.40216,11,0.54306,1.05,0,0,0,0,558842204,0.0,0.0,0.0
108633000,2025,5,19,6,10,15,1,1,1,0,21,-87435,3,1,0,0,0,0,1,1,1,31,114.1811904,22.3010352,15779,17383,301,532,-324,-1030,3,1080,252.52382,13,0.64061,1.05,0,0,0,0,558842204,0.0,0.0,0.0
108633200,2025,5,19,6,10,15,1,1,1,0,21,199912530,3,1,0,0,0,0,1,1,1,31,114.1811886,22.3010343,15812,17415,301,533,-335,-1026,-1,1079,251.88634,13,0.64029,1.05,0,0,0,0,558842204,0.0,0.0,0.0
108633300,2025,5,19,6,10,15,1,1,1,0,21,299912514,3,1,0,0,0,0,1,1,1,31,114.1811876,22.3010337,15791,17395,301,532,-346,-1025,1,1082,251.35836,12,0.58068,1.05,0,0,0,0,558842204,0.0,0.0,0.0
108633400,2025,5,19,6,10,15,1,1,1,0,21,399912497,3,1,0,0,0,0,1,1,1,31,114.1811868,22.3010333,15738,17342,301,532,-347,-1021,6,1078,251.2068,10,0.50279,1.05,0,0,0,0,558842204,0.0,0.0,0.0
108633500,2025,5,19,6,10,15,1,1,1,0,21,499912481,3,1,0,0,0,0,1,1,1,31,114.1811858,22.3010327,15735,17338,300,531,-356,-1019,6,1080,250.73702,10,0.49374,1.05,0,0,0,0,558842204,0.0,0.0,0.0
108633600,2025,5,19,6,10,15,1,1,1,0,21,599912465,3,1,0,0,0,0,1,1,1,31,114.181185,22.3010322,15770,17374,300,531,-363,-1014,2,1077,250.31466,10,0.51323,1.05,0,0,0,0,558842204,0.0,0.0,0.0
108633700,2025,5,19,6,10,15,1,1,1,0,21,699912448,3,1,0,0,0,0,1,1,1,31,114.1811846,22.3010322,15777,17381,300,531,-352,-1001,0,1061,250.6011,12,0.58528,1.05,0,0,0,0,558842204,0.0,0.0,0.0
108633900,2025,5,19,6,10,15,1,1,1,0,21,899912415,3,1,0,0,0,0,1,1,1,31,114.181183,22.3010316,15740,17344,300,531,-352,-993,3,1053,250.45866,11,0.5461,1.05,0,0,0,0,558842204,0.0,0.0,0.0
108634000,2025,5,19,6,10,16,1,1,1,0,21,-87601,3,1,0,0,0,0,1,1,1,31,114.1811823,22.301031,15732,17335,300,530,-360,-984,4,1048,249.90678,11,0.56067,1.05,0,0,0,0,558842204,0.0,0.0,0.0
108634200,2025,5,19,6,10,16,1,1,1,0,21,199912364,3,1,0,0,0,0,1,1,1,31,114.1811807,22.3010301,15756,17360,300,531,-367,-977,0,1044,249.40236,12,0.6066,1.05,0,0,0,0,558842204,0.0,0.0,0.0
108634300,2025,5,19,6,10,16,1,1,1,0,21,299912347,3,1,0,0,0,0,1,1,1,31,114.1811796,22.3010296,15776,17379,299,530,-373,-979,-1,1048,249.14864,12,0.63484,1.05,0,0,0,0,558842204,0.0,0.0,0.0
108634400,2025,5,19,6,10,16,1,1,1,0,21,399912330,3,1,0,0,0,0,1,1,1,31,114.1811786,22.301029,15772,17376,299,530,-384,-979,-1,1052,248.6114,12,0.64112,1.05,0,0,0,0,558842204,0.0,0.0,0.0
108634500,2025,5,19,6,10,16,1,1,1,0,21,499912314,3,1,0,0,0,0,1,1,1,31,114.1811779,22.3010288,15732,17336,299,529,-378,-974,3,1045,248.81096,11,0.59314,1.05,0,0,0,0,558842204,0.0,0.0,0.0
108634600,2025,5,19,6,10,16,1,1,1,0,21,599912297,3,1,0,0,0,0,1,1,1,31,114.1811767,22.301028,15711,17315,299,529,-393,-979,5,1055,248.11574,13,0.65099,1.05,0,0,0,0,558842204,0.0,0.0,0.0
108634700,2025,5,19,6,10,16,1,1,1,0,21,699912280,3,1,0,0,0,0,1,1,1,31,114.1811759,22.3010277,15748,17351,298,529,-390,-976,1,1051,248.20086,11,0.5831,1.05,0,0,0,0,558842204,0.0,0.0,0.0
108634900,2025,5,19,6,10,16,1,1,1,0,21,899912247,3,1,0,0,0,0,1,1,1,31,114.1811738,22.301027,15725,17329,298,529,-390,-979,4,1054,248.30296,10,0.53889,1.05,0,0,0,0,558842204,0.0,0.0,0.0
108635000,2025,5,19,6,10,17,1,1,1,0,21,-87769,3,1,0,0,0,0,1,1,1,31,114.1811731,22.3010264,15707,17310,298,528,-399,-974,5,1053,247.7508,11,0.5537,1.05,0,0,0,0,558842204,0.0,0.0,0.0
108635200,2025,5,19,6,10,17,1,1,1,0,21,199912197,3,1,0,0,0,0,1,1,1,32,114.181171,22.3010253,15700,17304,298,529,-413,-979,6,1063,247.11154,21,1.07106,1.0,0,0,0,0,558842204,0.0,0.0,0.0
108635500,2025,5,19,6,10,17,1,1,1,0,21,499912148,3,1,0,0,0,0,1,1,1,32,114.1811676,22.3010234,15681,17285,299,529,-443,-995,9,1089,245.99224,21,1.0945,1.0,0,0,0,0,558842204,0.0,0.0,0.0
108635600,2025,5,19,6,10,17,1,1,1,0,21,599912132,3,1,0,0,0,0,1,1,1,32,114.1811668,22.3010226,15625,17229,298,529,-456,-990,14,1090,245.2433,18,0.90923,1.0,0,0,0,0,558842204,0.0,0.0,0.0
108635800,2025,5,19,6,10,17,1,1,1,0,21,799912098,3,1,0,0,0,0,1,1,1,32,114.1811654,22.3010211,15612,17216,298,529,-481,-976,14,1088,243.76134,20,1.02318,1.0,0,0,0,0,558842204,0.0,0.0,0.0
108636000,2025,5,19,6,10,18,1,1,1,0,21,-87934,3,1,0,0,0,0,1,1,1,32,114.1811636,22.3010199,15591,17194,298,529,-491,-972,16,1088,243.20678,16,0.80938,1.0,0,0,0,0,558842204,0.0,0.0,0.0
108636200,2025,5,19,6,10,18,1,1,1,0,21,199912032,3,1,0,0,0,0,1,1,1,32,114.1811623,22.3010187,15538,17142,299,530,-501,-959,20,1082,242.41618,14,0.74475,1.0,0,0,0,0,558842204,0.0,0.0,0.0
108636400,2025,5,19,6,10,18,1,1,1,0,21,399911999,3,1,0,0,0,0,1,1,1,32,114.1811604,22.3010173,15582,17186,299,530,-515,-957,15,1087,241.70568,14,0.69793,1.0,0,0,0,0,558842204,0.0,0.0,0.0
108636600,2025,5,19,6,10,18,1,1,1,0,21,599911966,3,1,0,0,0,0,1,1,1,32,114.1811584,22.3010156,15534,17138,299,530,-547,-961,20,1106,240.37114,18,0.89372,1.0,0,0,0,0,558842204,0.0,0.0,0.0
108636800,2025,5,19,6,10,18,1,1,1,0,21,799911933,3,1,0,0,0,0,1,1,1,32,114.1811561,22.3010141,15518,17122,299,530,-564,-976,22,1127,239.95288,16,0.81481,1.0,0,0,0,0,558842204,0.0,0.0,0.0
108637000,2025,5,19,6,10,19,1,1,1,0,21,-88099,3,1,0,0,0,0,1,1,1,32,114.1811546,22.3010132,15543,17147,299,530,-560,-963,18,1114,239.8427,14,0.68734,1.0,0,0,0,0,558842204,0.0,0.0,0.0
108637200,2025,5,19,6,10,19,1,1,1,0,21,199911867,3,1,0,0,0,0,1,1,1,32,114.1811531,22.3010121,15495,17098,299,530,-562,-952,22,1106,239.4416,12,0.62703,1.0,0,0,0,0,558842204,0.0,0.0,0.0
108637400,2025,5,19,6,10,19,1,1,1,0,21,399911833,3,1,0,0,0,0,1,1,1,32,114.1811508,22.3010103,15452,17056,299,531,-586,-964,26,1128,238.67164,16,0.81332,1.0,0,0,0,0,558842204,0.0,0.0,0.0
108637600,2025,5,19,6,10,19,1,1,1,0,21,599911799,3,1,0,0,0,0,1,1,1,32,114.1811489,22.301009,15472,17076,299,531,-596,-964,24,1134,238.2888,13,0.65438,1.0,0,0,0,0,558842204,0.0,0.0,0.0
108637800,2025,5,19,6,10,19,1,1,1,0,21,799911766,3,1,0,0,0,0,1,1,1,32,114.1811468,22.3010078,15436,17040,299,531,-599,-969,27,1140,238.2738,11,0.54697,1.0,0,0,0,0,558842204,0.0,0.0,0.0
108637900,2025,5,19,6,10,19,1,1,1,0,21,899911750,3,1,0,0,0,0,1,1,1,32,114.1811455,22.3010071,15437,17041,299,531,-604,-976,27,1148,238.25612,10,0.49109,1.0,0,0,0,0,558842204,0.0,0.0,0.0
108638000,2025,5,19,6,10,20,1,1,1,0,21,-88265,3,1,0,0,0,0,1,1,1,32,114.1811444,22.3010063,15444,17048,299,530,-610,-980,26,1155,238.10892,10,0.50346,1.0,0,0,0,0,558842204,0.0,0.0,0.0
108638200,2025,5,19,6,10,20,1,1,1,0,21,199911700,3,1,0,0,0,0,1,1,1,32,114.1811426,22.3010054,15403,17007,299,530,-605,-978,30,1150,238.2429,10,0.49722,1.0,0,0,0,0,558842204,0.0,0.0,0.0
108638400,2025,5,19,6,10,20,1,1,1,0,21,399911666,3,1,0,0,0,0,1,1,1,32,114.1811402,22.3010042,15409,17013,299,531,-608,-989,29,1161,238.42374,10,0.48362,1.0,0,0,0,0,558842204,0.0,0.0,0.0
108638500,2025,5,19,6,10,20,1,1,1,0,21,499911649,3,1,0,0,0,0,1,1,1,32,114.1811388,22.3010031,15409,17013,299,530,-623,-997,29,1176,237.97548,11,0.52968,1.0,0,0,0,0,558842204,0.0,0.0,0.0
108638700,2025,5,19,6,10,20,1,1,1,0,21,699911615,3,1,0,0,0,0,1,1,1,32,114.181137,22.3010019,15396,17000,299,530,-627,-995,29,1177,237.77632,10,0.48354,1.0,0,0,0,0,558842204,0.0,0.0,0.0
108638800,2025,5,19,6,10,20,1,1,1,0,21,799911598,3,1,0,0,0,0,1,1,1,32,114.1811359,22.3010013,15360,16964,298,530,-628,-997,33,1178,237.80202,10,0.49686,1.0,0,0,0,0,558842204,0.0,0.0,0.0
108638900,2025,5,19,6,10,20,1,1,1,0,21,899911582,3,1,0,0,0,0,1,1,1,32,114.181135,22.3010006,15346,16949,298,529,-630,-996,34,1178,237.67152,10,0.48727,1.0,0,0,0,0,558842204,0.0,0.0,0.0
108639100,2025,5,19,6,10,21,1,1,1,0,21,99911549,3,1,0,0,0,0,1,1,1,32,114.1811333,22.3009996,15360,16964,298,530,-628,-989,32,1171,237.57018,10,0.48097,1.0,0,0,0,0,558842204,0.0,0.0,0.0
108639300,2025,5,19,6,10,21,1,1,1,0,21,299911515,3,1,0,0,0,0,1,1,1,32,114.1811316,22.3009986,15332,16936,298,530,-622,-981,34,1162,237.62804,11,0.56301,1.0,0,0,0,0,558842204,0.0,0.0,0.0
108639500,2025,5,19,6,10,21,1,1,1,0,21,499911481,3,1,0,0,0,0,1,1,1,32,114.181129,22.3009972,15347,16951,298,530,-631,-1001,33,1183,237.78052,11,0.54654,1.0,0,0,0,0,558842204,0.0,0.0,0.0
108639700,2025,5,19,6,10,21,1,1,1,0,21,699911447,3,1,0,0,0,0,1,1,1,32,114.1811268,22.3009966,15428,17032,299,530,-614,-1006,23,1178,238.62154,13,0.614,1.0,0,0,0,0,558842204,0.0,0.0,0.0
108639900,2025,5,19,6,10,21,1,1,1,0,21,899911415,3,1,0,0,0,0,1,1,1,32,114.1811246,22.3009958,15421,17025,299,530,-606,-1013,24,1180,239.1107,11,0.52516,1.0,0,0,0,0,558842204,0.0,0.0,0.0
108640100,2025,5,19,6,10,22,1,1,1,0,21,99911383,3,1,0,0,0,0,1,1,1,32,114.1811226,22.3009947,15432,17035,299,531,-605,-1012,22,1179,239.12818,10,0.51091,1.0,0,0,0,0,558842204,0.0,0.0,0.0
108640300,2025,5,19,6,10,22,1,1,1,0,21,299911350,3,1,0,0,0,0,1,1,1,32,114.1811208,22.300994,15405,17009,299,531,-595,-1007,25,1170,239.4465,10,0.50459,1.0,0,0,0,0,558842204,0.0,0.0,0.0
108640500,2025,5,19,6,10,22,1,1,1,0,21,499911316,3,1,0,0,0,0,1,1,1,32,114.181119,22.300993,15386,16990,299,531,-592,-1005,26,1166,239.5087,10,0.49676,1.0,0,0,0,0,558842204,0.0,0.0,0.0
108640600,2025,5,19,6,10,22,1,1,1,0,21,599911300,3,1,0,0,0,0,1,1,1,32,114.181118,22.3009925,15395,16999,299,530,-592,-1003,25,1165,239.44032,10,0.48812,1.0,0,0,0,0,558842204,0.0,0.0,0.0
108640800,2025,5,19,6,10,22,1,1,1,0,21,799911266,3,1,0,0,0,0,1,1,1,32,114.1811169,22.3009919,15410,17014,299,531,-573,-979,22,1134,239.65716,15,0.73341,1.0,0,0,0,0,558842204,0.0,0.0,0.0
108641000,2025,5,19,6,10,23,1,1,1,0,21,-88766,3,1,0,0,0,0,1,1,1,32,114.1811155,22.3009915,15357,16961,299,531,-553,-963,28,1111,240.16294,15,0.78387,1.0,0,0,0,0,558842204,0.0,0.0,0.0
108641200,2025,5,19,6,10,23,1,1,1,0,21,199911201,3,1,0,0,0,0,1,1,1,32,114.1811148,22.3009914,15322,16926,299,531,-524,-933,31,1070,240.70054,21,1.08561,1.0,0,0,0,0,558842204,0.0,0.0,0.0
108641400,2025,5,19,6,10,23,1,1,1,0,21,399911168,3,1,0,0,0,0,1,1,1,32,114.1811134,22.3009913,15306,16910,299,531,-496,-923,32,1048,241.7287,20,1.06162,1.0,0,0,0,0,558842204,0.0,0.0,0.0
108641600,2025,5,19,6,10,23,1,1,1,0,21,599911135,3,1,0,0,0,0,1,1,1,32,114.1811124,22.3009919,15303,16907,299,531,-456,-902,31,1010,243.19118,25,1.40537,1.0,0,0,0,0,558842204,0.0,0.0,0.0
108641800,2025,5,19,6,10,23,1,1,1,0,22,799911102,3,1,0,0,0,0,1,1,1,32,114.1811113,22.3009923,15289,16893,299,531,-420,-885,32,980,244.63954,27,1.51245,1.0,0,0,0,0,558842204,0.0,0.0,0.0
108642000,2025,5,19,6,10,24,1,1,1,0,22,-88930,3,1,0,0,0,0,1,1,1,32,114.1811105,22.3009928,15287,16891,300,531,-387,-863,31,946,245.86804,28,1.64095,1.0,0,0,0,0,558842204,0.0,0.0,0.0
108642200,2025,5,19,6,10,24,1,1,1,0,22,199911036,3,1,0,0,0,0,1,1,1,32,114.1811095,22.3009937,15340,16944,300,531,-348,-849,25,917,247.7257,30,1.81514,1.0,0,0,0,0,558842204,0.0,0.0,0.0
108642400,2025,5,19,6,10,24,1,1,1,0,22,399911003,3,1,0,0,0,0,1,1,1,32,114.1811083,22.3009938,15259,16862,300,532,-329,-839,33,902,248.58334,25,1.51048,1.0,0,0,0,0,558842204,0.0,0.0,0.0
108642600,2025,5,19,6,10,24,1,1,1,0,22,599910970,3,1,0,0,0,0,1,1,1,32,114.1811074,22.3009938,15161,16765,300,532,-310,-821,43,878,249.29604,25,1.57868,1.0,0,0,0,0,558842204,0.0,0.0,0.0
108642800,2025,5,19,6,10,24,1,1,1,0,22,799910936,3,1,0,0,0,0,1,1,1,32,114.1811059,22.300994,15155,16759,300,532,-288,-818,43,867,250.59394,21,1.35232,1.0,0,0,0,0,558842204,0.0,0.0,0.0
108643000,2025,5,19,6,10,25,1,1,1,0,22,-89096,3,1,0,0,0,0,1,1,1,32,114.1811043,22.3009938,15142,16746,300,532,-278,-816,43,862,251.16024,16,1.05299,1.0,0,0,0,0,558842204,0.0,0.0,0.0
108643200,2025,5,19,6,10,25,1,1,1,0,22,199910870,3,1,0,0,0,0,1,1,1,32,114.1811042,22.3009938,15131,16735,300,533,-264,-782,43,825,251.3104,20,1.33944,1.0,0,0,0,0,558842204,0.0,0.0,0.0
108643300,2025,5,19,6,10,25,1,1,1,0,22,299910853,3,1,0,0,0,0,1,1,1,32,114.1811039,22.3009939,15123,16727,300,532,-255,-770,43,811,251.69744,16,1.11485,1.0,0,0,0,0,558842204,0.0,0.0,0.0
108643400,2025,5,19,6,10,25,1,1,1,0,21,399910836,3,1,0,0,0,0,1,1,1,32,114.1811048,22.3009938,15107,16711,300,531,-249,-733,44,774,251.234,21,1.47743,1.0,0,0,0,0,558842204,0.0,0.0,0.0
108643500,2025,5,19,6,10,25,1,1,1,0,21,499910820,3,1,0,0,0,0,1,1,1,32,114.1811056,22.3009938,15070,16674,299,531,-242,-698,47,739,250.85898,22,1.65882,1.0,0,0,0,0,558842204,0.0,0.0,0.0
108643700,2025,5,19,6,10,25,1,1,1,0,21,699910786,3,1,0,0,0,0,1,1,1,32,114.1811057,22.3009936,15045,16649,299,531,-237,-667,48,708,250.42676,22,1.7211,1.0,0,0,0,0,558842204,0.0,0.0,0.0
108643800,2025,5,19,6,10,25,1,1,1,0,21,799910770,3,1,0,0,0,0,1,1,1,32,114.1811064,22.3009938,15015,16619,299,531,-227,-639,51,678,250.43264,21,1.7604,1.0,0,0,0,0,558842204,0.0,0.0,0.0
108644000,2025,5,19,6,10,26,1,1,1,0,21,-89263,3,1,0,0,0,0,1,1,1,32,114.1811061,22.3009937,15002,16606,299,531,-217,-612,51,649,250.44492,22,1.91599,1.0,0,0,0,0,558842204,0.0,0.0,0.0
108644200,2025,5,19,6,10,26,1,1,1,0,21,199910703,3,1,0,0,0,0,1,1,1,32,114.1811058,22.3009936,14982,16586,299,531,-206,-589,52,624,250.74964,19,1.74596,1.0,0,0,0,0,558842204,0.0,0.0,0.0
108644300,2025,5,19,6,10,26,1,1,1,0,21,299910687,3,1,0,0,0,0,1,1,1,32,114.1811062,22.3009938,14964,16568,299,531,-193,-562,53,594,251.01568,19,1.7935,1.0,0,0,0,0,558842204,0.0,0.0,0.0
108644400,2025,5,19,6,10,26,1,1,1,0,21,399910670,3,1,0,0,0,0,1,1,1,32,114.1811062,22.300994,14979,16582,299,530,-183,-547,51,576,251.48458,16,1.57522,1.0,0,0,0,0,558842204,0.0,0.0,0.0
108644500,2025,5,19,6,10,26,1,1,1,0,21,499910653,3,1,0,0,0,0,1,1,1,32,114.1811064,22.3009939,14967,16571,298,530,-179,-528,52,558,251.2685,15,1.45915,1.0,0,0,0,0,558842204,0.0,0.0,0.0
108644600,2025,5,19,6,10,26,1,1,1,0,21,599910637,3,1,0,0,0,0,1,1,1,32,114.1811068,22.3009941,14953,16557,298,529,-171,-506,53,534,251.32192,15,1.61371,1.0,0,0,0,0,558842204,0.0,0.0,0.0
108644700,2025,5,19,6,10,26,1,1,1,0,21,699910620,3,1,0,0,0,0,1,1,1,32,114.1811069,22.3009942,14954,16558,298,529,-162,-490,52,516,251.73958,14,1.52651,1.0,0,0,0,0,558842204,0.0,0.0,0.0
108644800,2025,5,19,6,10,26,1,1,1,0,21,799910603,3,1,0,0,0,0,1,1,1,32,114.1811071,22.3009943,14947,16551,297,528,-155,-475,53,500,251.91886,13,1.45759,1.0,0,0,0,0,558842204,0.0,0.0,0.0
108644900,2025,5,19,6,10,26,1,1,1,0,21,899910587,3,1,0,0,0,0,1,1,1,32,114.1811073,22.3009945,14936,16540,297,528,-148,-458,53,481,252.13318,13,1.53865,1.0,0,0,0,0,558842204,0.0,0.0,0.0
108645000,2025,5,19,6,10,27,1,1,1,0,21,-89429,3,1,0,0,0,0,1,1,1,32,114.1811075,22.3009946,14932,16536,297,527,-141,-442,53,464,252.3562,13,1.59004,1.0,0,0,0,0,558842204,0.0,0.0,0.0
108645100,2025,5,19,6,10,27,1,1,1,0,21,99910553,3,1,0,0,0,0,1,1,1,32,114.1811076,22.3009947,14930,16534,297,527,-133,-428,53,448,252.80798,12,1.52697,1.0,0,0,0,0,558842204,0.0,0.0,0.0
108645200,2025,5,19,6,10,27,1,1,1,0,21,199910537,3,1,0,0,0,0,1,1,1,32,114.1811078,22.3009948,14924,16528,296,526,-127,-414,53,433,252.94832,12,1.50725,1.0,0,0,0,0,558842204,0.0,0.0,0.0
108645400,2025,5,19,6,10,27,1,1,1,0,21,399910503,3,1,0,0,0,0,1,1,1,32,114.1811074,22.3009948,14911,16515,296,527,-119,-398,53,415,253.40194,13,1.71971,1.0,0,0,0,0,558842204,0.0,0.0,0.0
108645500,2025,5,19,6,10,27,1,1,1,0,21,499910487,3,1,0,0,0,0,1,1,1,32,114.1811075,22.3009949,14910,16514,296,526,-110,-383,53,398,253.99176,12,1.68743,1.0,0,0,0,0,558842204,0.0,0.0,0.0
108645600,2025,5,19,6,10,27,1,1,1,0,21,599910470,3,1,0,0,0,0,1,1,1,32,114.1811076,22.300995,14910,16514,296,526,-102,-369,53,383,254.50798,11,1.62328,1.0,0,0,0,0,558842204,0.0,0.0,0.0
108645700,2025,5,19,6,10,27,1,1,1,0,21,699910453,3,1,0,0,0,0,1,1,1,32,114.1811077,22.3009951,14902,16506,296,525,-97,-355,53,368,254.79008,11,1.63741,1.0,0,0,0,0,558842204,0.0,0.0,0.0
108645800,2025,5,19,6,10,27,1,1,1,0,21,799910437,3,1,0,0,0,0,1,1,1,32,114.1811077,22.3009952,14900,16504,295,525,-91,-343,53,355,255.15652,11,1.66412,1.0,0,0,0,0,558842204,0.0,0.0,0.0
108645900,2025,5,19,6,10,27,1,1,1,0,21,899910420,3,1,0,0,0,0,1,1,1,32,114.1811078,22.3009952,14898,16502,295,524,-86,-331,52,342,255.35786,11,1.69377,1.0,0,0,0,0,558842204,0.0,0.0,0.0
108646000,2025,5,19,6,10,28,1,1,1,0,21,-89596,3,1,0,0,0,0,1,1,1,32,114.1811078,22.3009953,14894,16498,295,524,-82,-320,52,331,255.60598,10,1.71879,1.0,0,0,0,0,558842204,0.0,0.0,0.0
