version,numEvents,reserved0
0,0,2517565440
0,0,2583101440
0,0,2648637440
0,0,2714173440
0,0,2779709440
0,0,2845245440
0,0,2910781440
0,0,2976317440
0,0,3041853440
0,0,3107389440
0,0,3172925440
0,0,3238461440
0,0,3303997440
0,0,3369533440
0,0,3435069440
0,0,3500605440
0,0,3566141440
0,0,3631677440
0,0,3697213440
0,0,3762749440
0,0,3828285440
0,0,3893821440
0,0,3959357440
0,0,4024893440
0,0,4090429440
0,0,4155965440
0,0,4221501440
0,0,4287037440
0,0,4352573440
0,0,4418109440
0,0,4483645440
0,0,4549181440
0,0,4614717440
0,0,4680253440
0,0,4745789440
0,0,4811325440
0,0,4876861440
0,0,4942397440
0,0,5007933440
0,0,5073469440
0,0,5139005440
0,0,5204541440
0,0,5270077440
0,0,5335613440
0,0,5401149440
0,0,5466685440
0,0,5532221440
0,0,5597757440
0,0,5663293440
0,0,5728829440
0,0,5794365440
0,0,5859901440
0,0,5925437440
0,0,5990973440
0,0,6056509440
0,0,6122045440
0,0,6187581440
0,0,6253117440
0,0,6318653440
0,0,6384189440
0,0,6449725440
0,0,6515261440
0,0,6580797440
0,0,6646333440
0,0,6711869440
0,0,6777405440
0,0,6842941440
0,0,6908477440
0,0,6974013440
0,0,7039549440
0,0,7105085440
0,0,7170621440
0,0,7236157440
0,0,7301693440
0,0,7367229440
0,0,7432765440
0,0,7498301440
0,0,7563837440
0,0,7629373440
0,0,7694909440
